SET TIME_ZONE = '+00:00';
SET FOREIGN_KEY_CHECKS = 0;
SET SESSION `sql_mode`=(SELECT REPLACE(REPLACE(@@sql_mode,'ONLY_FULL_GROUP_BY',''),'STRICT_TRANS_TABLES',''));
INSERT INTO `contrexx_access_group_static_ids` (`access_id`, `group_id`) VALUES (1,1);
INSERT INTO `contrexx_access_group_static_ids` (`access_id`, `group_id`) VALUES (1,3);
INSERT INTO `contrexx_access_group_static_ids` (`access_id`, `group_id`) VALUES (2,1);
INSERT INTO `contrexx_access_group_static_ids` (`access_id`, `group_id`) VALUES (3,1);
INSERT INTO `contrexx_access_group_static_ids` (`access_id`, `group_id`) VALUES (5,1);
INSERT INTO `contrexx_access_group_static_ids` (`access_id`, `group_id`) VALUES (5,3);
INSERT INTO `contrexx_access_group_static_ids` (`access_id`, `group_id`) VALUES (6,1);
INSERT INTO `contrexx_access_group_static_ids` (`access_id`, `group_id`) VALUES (6,3);
INSERT INTO `contrexx_access_group_static_ids` (`access_id`, `group_id`) VALUES (7,1);
INSERT INTO `contrexx_access_group_static_ids` (`access_id`, `group_id`) VALUES (7,3);
INSERT INTO `contrexx_access_group_static_ids` (`access_id`, `group_id`) VALUES (8,1);
INSERT INTO `contrexx_access_group_static_ids` (`access_id`, `group_id`) VALUES (8,3);
INSERT INTO `contrexx_access_group_static_ids` (`access_id`, `group_id`) VALUES (10,1);
INSERT INTO `contrexx_access_group_static_ids` (`access_id`, `group_id`) VALUES (10,3);
INSERT INTO `contrexx_access_group_static_ids` (`access_id`, `group_id`) VALUES (12,1);
INSERT INTO `contrexx_access_group_static_ids` (`access_id`, `group_id`) VALUES (13,1);
INSERT INTO `contrexx_access_group_static_ids` (`access_id`, `group_id`) VALUES (16,1);
INSERT INTO `contrexx_access_group_static_ids` (`access_id`, `group_id`) VALUES (16,3);
INSERT INTO `contrexx_access_group_static_ids` (`access_id`, `group_id`) VALUES (17,1);
INSERT INTO `contrexx_access_group_static_ids` (`access_id`, `group_id`) VALUES (18,1);
INSERT INTO `contrexx_access_group_static_ids` (`access_id`, `group_id`) VALUES (21,1);
INSERT INTO `contrexx_access_group_static_ids` (`access_id`, `group_id`) VALUES (22,1);
INSERT INTO `contrexx_access_group_static_ids` (`access_id`, `group_id`) VALUES (23,1);
INSERT INTO `contrexx_access_group_static_ids` (`access_id`, `group_id`) VALUES (24,1);
INSERT INTO `contrexx_access_group_static_ids` (`access_id`, `group_id`) VALUES (26,1);
INSERT INTO `contrexx_access_group_static_ids` (`access_id`, `group_id`) VALUES (31,1);
INSERT INTO `contrexx_access_group_static_ids` (`access_id`, `group_id`) VALUES (32,1);
INSERT INTO `contrexx_access_group_static_ids` (`access_id`, `group_id`) VALUES (32,3);
INSERT INTO `contrexx_access_group_static_ids` (`access_id`, `group_id`) VALUES (35,1);
INSERT INTO `contrexx_access_group_static_ids` (`access_id`, `group_id`) VALUES (35,3);
INSERT INTO `contrexx_access_group_static_ids` (`access_id`, `group_id`) VALUES (36,1);
INSERT INTO `contrexx_access_group_static_ids` (`access_id`, `group_id`) VALUES (38,1);
INSERT INTO `contrexx_access_group_static_ids` (`access_id`, `group_id`) VALUES (38,3);
INSERT INTO `contrexx_access_group_static_ids` (`access_id`, `group_id`) VALUES (39,1);
INSERT INTO `contrexx_access_group_static_ids` (`access_id`, `group_id`) VALUES (39,3);
INSERT INTO `contrexx_access_group_static_ids` (`access_id`, `group_id`) VALUES (41,1);
INSERT INTO `contrexx_access_group_static_ids` (`access_id`, `group_id`) VALUES (46,1);
INSERT INTO `contrexx_access_group_static_ids` (`access_id`, `group_id`) VALUES (47,1);
INSERT INTO `contrexx_access_group_static_ids` (`access_id`, `group_id`) VALUES (48,1);
INSERT INTO `contrexx_access_group_static_ids` (`access_id`, `group_id`) VALUES (49,1);
INSERT INTO `contrexx_access_group_static_ids` (`access_id`, `group_id`) VALUES (50,1);
INSERT INTO `contrexx_access_group_static_ids` (`access_id`, `group_id`) VALUES (52,1);
INSERT INTO `contrexx_access_group_static_ids` (`access_id`, `group_id`) VALUES (53,1);
INSERT INTO `contrexx_access_group_static_ids` (`access_id`, `group_id`) VALUES (55,1);
INSERT INTO `contrexx_access_group_static_ids` (`access_id`, `group_id`) VALUES (61,2);
INSERT INTO `contrexx_access_group_static_ids` (`access_id`, `group_id`) VALUES (65,1);
INSERT INTO `contrexx_access_group_static_ids` (`access_id`, `group_id`) VALUES (66,1);
INSERT INTO `contrexx_access_group_static_ids` (`access_id`, `group_id`) VALUES (67,1);
INSERT INTO `contrexx_access_group_static_ids` (`access_id`, `group_id`) VALUES (68,1);
INSERT INTO `contrexx_access_group_static_ids` (`access_id`, `group_id`) VALUES (69,1);
INSERT INTO `contrexx_access_group_static_ids` (`access_id`, `group_id`) VALUES (70,1);
INSERT INTO `contrexx_access_group_static_ids` (`access_id`, `group_id`) VALUES (75,1);
INSERT INTO `contrexx_access_group_static_ids` (`access_id`, `group_id`) VALUES (76,1);
INSERT INTO `contrexx_access_group_static_ids` (`access_id`, `group_id`) VALUES (76,3);
INSERT INTO `contrexx_access_group_static_ids` (`access_id`, `group_id`) VALUES (77,1);
INSERT INTO `contrexx_access_group_static_ids` (`access_id`, `group_id`) VALUES (78,1);
INSERT INTO `contrexx_access_group_static_ids` (`access_id`, `group_id`) VALUES (84,1);
INSERT INTO `contrexx_access_group_static_ids` (`access_id`, `group_id`) VALUES (84,3);
INSERT INTO `contrexx_access_group_static_ids` (`access_id`, `group_id`) VALUES (85,1);
INSERT INTO `contrexx_access_group_static_ids` (`access_id`, `group_id`) VALUES (99,2);
INSERT INTO `contrexx_access_group_static_ids` (`access_id`, `group_id`) VALUES (102,1);
INSERT INTO `contrexx_access_group_static_ids` (`access_id`, `group_id`) VALUES (115,1);
INSERT INTO `contrexx_access_group_static_ids` (`access_id`, `group_id`) VALUES (127,1);
INSERT INTO `contrexx_access_group_static_ids` (`access_id`, `group_id`) VALUES (127,3);
INSERT INTO `contrexx_access_group_static_ids` (`access_id`, `group_id`) VALUES (140,1);
INSERT INTO `contrexx_access_group_static_ids` (`access_id`, `group_id`) VALUES (141,1);
INSERT INTO `contrexx_access_group_static_ids` (`access_id`, `group_id`) VALUES (141,3);
INSERT INTO `contrexx_access_group_static_ids` (`access_id`, `group_id`) VALUES (142,1);
INSERT INTO `contrexx_access_group_static_ids` (`access_id`, `group_id`) VALUES (142,3);
INSERT INTO `contrexx_access_group_static_ids` (`access_id`, `group_id`) VALUES (152,1);
INSERT INTO `contrexx_access_group_static_ids` (`access_id`, `group_id`) VALUES (153,1);
INSERT INTO `contrexx_access_group_static_ids` (`access_id`, `group_id`) VALUES (154,1);
INSERT INTO `contrexx_access_group_static_ids` (`access_id`, `group_id`) VALUES (155,1);
INSERT INTO `contrexx_access_group_static_ids` (`access_id`, `group_id`) VALUES (156,1);
INSERT INTO `contrexx_access_group_static_ids` (`access_id`, `group_id`) VALUES (157,1);
INSERT INTO `contrexx_access_group_static_ids` (`access_id`, `group_id`) VALUES (158,1);
INSERT INTO `contrexx_access_group_static_ids` (`access_id`, `group_id`) VALUES (159,1);
INSERT INTO `contrexx_access_group_static_ids` (`access_id`, `group_id`) VALUES (160,1);
INSERT INTO `contrexx_access_group_static_ids` (`access_id`, `group_id`) VALUES (160,3);
INSERT INTO `contrexx_access_group_static_ids` (`access_id`, `group_id`) VALUES (162,1);
INSERT INTO `contrexx_access_group_static_ids` (`access_id`, `group_id`) VALUES (162,3);
INSERT INTO `contrexx_access_group_static_ids` (`access_id`, `group_id`) VALUES (163,1);
INSERT INTO `contrexx_access_group_static_ids` (`access_id`, `group_id`) VALUES (163,3);
INSERT INTO `contrexx_access_group_static_ids` (`access_id`, `group_id`) VALUES (164,1);
INSERT INTO `contrexx_access_group_static_ids` (`access_id`, `group_id`) VALUES (164,3);
INSERT INTO `contrexx_access_group_static_ids` (`access_id`, `group_id`) VALUES (165,1);
INSERT INTO `contrexx_access_group_static_ids` (`access_id`, `group_id`) VALUES (165,3);
INSERT INTO `contrexx_access_group_static_ids` (`access_id`, `group_id`) VALUES (166,1);
INSERT INTO `contrexx_access_group_static_ids` (`access_id`, `group_id`) VALUES (166,3);
INSERT INTO `contrexx_access_group_static_ids` (`access_id`, `group_id`) VALUES (167,1);
INSERT INTO `contrexx_access_group_static_ids` (`access_id`, `group_id`) VALUES (167,3);
INSERT INTO `contrexx_access_group_static_ids` (`access_id`, `group_id`) VALUES (168,1);
INSERT INTO `contrexx_access_group_static_ids` (`access_id`, `group_id`) VALUES (168,3);
INSERT INTO `contrexx_access_group_static_ids` (`access_id`, `group_id`) VALUES (169,1);
INSERT INTO `contrexx_access_group_static_ids` (`access_id`, `group_id`) VALUES (169,3);
INSERT INTO `contrexx_access_group_static_ids` (`access_id`, `group_id`) VALUES (170,1);
INSERT INTO `contrexx_access_group_static_ids` (`access_id`, `group_id`) VALUES (170,3);
INSERT INTO `contrexx_access_group_static_ids` (`access_id`, `group_id`) VALUES (171,1);
INSERT INTO `contrexx_access_group_static_ids` (`access_id`, `group_id`) VALUES (172,1);
INSERT INTO `contrexx_access_group_static_ids` (`access_id`, `group_id`) VALUES (174,1);
INSERT INTO `contrexx_access_group_static_ids` (`access_id`, `group_id`) VALUES (175,1);
INSERT INTO `contrexx_access_group_static_ids` (`access_id`, `group_id`) VALUES (176,1);
INSERT INTO `contrexx_access_group_static_ids` (`access_id`, `group_id`) VALUES (177,1);
INSERT INTO `contrexx_access_group_static_ids` (`access_id`, `group_id`) VALUES (180,1);
INSERT INTO `contrexx_access_group_static_ids` (`access_id`, `group_id`) VALUES (180,3);
INSERT INTO `contrexx_access_group_static_ids` (`access_id`, `group_id`) VALUES (181,1);
INSERT INTO `contrexx_access_group_static_ids` (`access_id`, `group_id`) VALUES (181,3);
INSERT INTO `contrexx_access_group_static_ids` (`access_id`, `group_id`) VALUES (182,1);
INSERT INTO `contrexx_access_group_static_ids` (`access_id`, `group_id`) VALUES (182,3);
INSERT INTO `contrexx_access_group_static_ids` (`access_id`, `group_id`) VALUES (189,1);
INSERT INTO `contrexx_access_group_static_ids` (`access_id`, `group_id`) VALUES (190,1);
INSERT INTO `contrexx_access_group_static_ids` (`access_id`, `group_id`) VALUES (191,1);
INSERT INTO `contrexx_access_group_static_ids` (`access_id`, `group_id`) VALUES (192,1);
INSERT INTO `contrexx_access_group_static_ids` (`access_id`, `group_id`) VALUES (193,1);
INSERT INTO `contrexx_access_group_static_ids` (`access_id`, `group_id`) VALUES (194,1);
INSERT INTO `contrexx_access_group_static_ids` (`access_id`, `group_id`) VALUES (194,3);
INSERT INTO `contrexx_access_group_static_ids` (`access_id`, `group_id`) VALUES (194,4);
INSERT INTO `contrexx_access_group_static_ids` (`access_id`, `group_id`) VALUES (195,1);
INSERT INTO `contrexx_access_group_static_ids` (`access_id`, `group_id`) VALUES (196,1);
INSERT INTO `contrexx_access_group_static_ids` (`access_id`, `group_id`) VALUES (200,1);
INSERT INTO `contrexx_access_group_static_ids` (`access_id`, `group_id`) VALUES (201,1);
INSERT INTO `contrexx_access_group_static_ids` (`access_id`, `group_id`) VALUES (202,1);
INSERT INTO `contrexx_access_group_static_ids` (`access_id`, `group_id`) VALUES (203,1);
INSERT INTO `contrexx_access_group_static_ids` (`access_id`, `group_id`) VALUES (204,1);
INSERT INTO `contrexx_access_group_static_ids` (`access_id`, `group_id`) VALUES (207,1);
INSERT INTO `contrexx_access_settings` (`key`, `value`, `status`) VALUES ('assigne_to_groups','2',1);
INSERT INTO `contrexx_access_settings` (`key`, `value`, `status`) VALUES ('block_birthday_users','10',0);
INSERT INTO `contrexx_access_settings` (`key`, `value`, `status`) VALUES ('block_birthday_users_only_with_p','',0);
INSERT INTO `contrexx_access_settings` (`key`, `value`, `status`) VALUES ('block_birthday_users_pic','',0);
INSERT INTO `contrexx_access_settings` (`key`, `value`, `status`) VALUES ('block_next_birthday_users','5',0);
INSERT INTO `contrexx_access_settings` (`key`, `value`, `status`) VALUES ('block_next_birthday_users_pic','',0);
INSERT INTO `contrexx_access_settings` (`key`, `value`, `status`) VALUES ('block_currently_online_users','10',0);
INSERT INTO `contrexx_access_settings` (`key`, `value`, `status`) VALUES ('block_currently_online_users_onl','',0);
INSERT INTO `contrexx_access_settings` (`key`, `value`, `status`) VALUES ('block_currently_online_users_pic','',0);
INSERT INTO `contrexx_access_settings` (`key`, `value`, `status`) VALUES ('block_last_active_users','10',0);
INSERT INTO `contrexx_access_settings` (`key`, `value`, `status`) VALUES ('block_last_active_users_only_wit','',0);
INSERT INTO `contrexx_access_settings` (`key`, `value`, `status`) VALUES ('block_last_active_users_pic','',0);
INSERT INTO `contrexx_access_settings` (`key`, `value`, `status`) VALUES ('block_latest_reg_users','5',1);
INSERT INTO `contrexx_access_settings` (`key`, `value`, `status`) VALUES ('block_latest_reg_users_pic','',0);
INSERT INTO `contrexx_access_settings` (`key`, `value`, `status`) VALUES ('block_latest_registered_users','10',0);
INSERT INTO `contrexx_access_settings` (`key`, `value`, `status`) VALUES ('block_latest_registered_users_on','',0);
INSERT INTO `contrexx_access_settings` (`key`, `value`, `status`) VALUES ('block_random_access_users','5',0);
INSERT INTO `contrexx_access_settings` (`key`, `value`, `status`) VALUES ('default_email_access','members_only',1);
INSERT INTO `contrexx_access_settings` (`key`, `value`, `status`) VALUES ('default_profile_access','members_only',1);
INSERT INTO `contrexx_access_settings` (`key`, `value`, `status`) VALUES ('max_pic_height','600',1);
INSERT INTO `contrexx_access_settings` (`key`, `value`, `status`) VALUES ('max_pic_size','199987.2',1);
INSERT INTO `contrexx_access_settings` (`key`, `value`, `status`) VALUES ('max_pic_width','600',1);
INSERT INTO `contrexx_access_settings` (`key`, `value`, `status`) VALUES ('max_profile_pic_height','160',1);
INSERT INTO `contrexx_access_settings` (`key`, `value`, `status`) VALUES ('max_profile_pic_size','30003.2',1);
INSERT INTO `contrexx_access_settings` (`key`, `value`, `status`) VALUES ('max_profile_pic_width','160',1);
INSERT INTO `contrexx_access_settings` (`key`, `value`, `status`) VALUES ('max_thumbnail_pic_height','130',1);
INSERT INTO `contrexx_access_settings` (`key`, `value`, `status`) VALUES ('max_thumbnail_pic_width','130',1);
INSERT INTO `contrexx_access_settings` (`key`, `value`, `status`) VALUES ('notification_address','info@example.org',1);
INSERT INTO `contrexx_access_settings` (`key`, `value`, `status`) VALUES ('profile_thumbnail_method','crop',1);
INSERT INTO `contrexx_access_settings` (`key`, `value`, `status`) VALUES ('profile_thumbnail_pic_height','60',1);
INSERT INTO `contrexx_access_settings` (`key`, `value`, `status`) VALUES ('profile_thumbnail_pic_width','80',1);
INSERT INTO `contrexx_access_settings` (`key`, `value`, `status`) VALUES ('profile_thumbnail_scale_color','#FFFFFF',1);
INSERT INTO `contrexx_access_settings` (`key`, `value`, `status`) VALUES ('session_user_interval','0',1);
INSERT INTO `contrexx_access_settings` (`key`, `value`, `status`) VALUES ('use_usernames','0',0);
INSERT INTO `contrexx_access_settings` (`key`, `value`, `status`) VALUES ('user_accept_tos_on_signup','',1);
INSERT INTO `contrexx_access_settings` (`key`, `value`, `status`) VALUES ('user_account_verification','1',1);
INSERT INTO `contrexx_access_settings` (`key`, `value`, `status`) VALUES ('user_activation','',0);
INSERT INTO `contrexx_access_settings` (`key`, `value`, `status`) VALUES ('user_activation_timeout','1',0);
INSERT INTO `contrexx_access_settings` (`key`, `value`, `status`) VALUES ('user_captcha','',1);
INSERT INTO `contrexx_access_settings` (`key`, `value`, `status`) VALUES ('user_config_email_access','',1);
INSERT INTO `contrexx_access_settings` (`key`, `value`, `status`) VALUES ('user_config_profile_access','',1);
INSERT INTO `contrexx_access_settings` (`key`, `value`, `status`) VALUES ('user_delete_account','',1);
INSERT INTO `contrexx_access_settings` (`key`, `value`, `status`) VALUES ('signup_notification_address','info@example.org',0);
INSERT INTO `contrexx_access_settings` (`key`, `value`, `status`) VALUES ('user_change_notification_address','info@example.org',0);
INSERT INTO `contrexx_access_user_groups` (`group_id`, `group_name`, `group_description`, `is_active`, `type`, `homepage`) VALUES (1,'Administration','Erhält umfassende Zugriffs- und Verwaltungsrechte',1,'backend','');
INSERT INTO `contrexx_access_user_groups` (`group_id`, `group_name`, `group_description`, `is_active`, `type`, `homepage`) VALUES (2,'Community','Community',1,'frontend','');
INSERT INTO `contrexx_access_user_groups` (`group_id`, `group_name`, `group_description`, `is_active`, `type`, `homepage`) VALUES (3,'Moderation','Erhält eingeschränkte ZugriffsrechteInhaltspflege und Statistiken',1,'backend','');
INSERT INTO `contrexx_access_user_groups` (`group_id`, `group_name`, `group_description`, `is_active`, `type`, `homepage`) VALUES (4,'Customer','Erhält Standard-Rechte als authentifizierter Besucher im Shop',1,'frontend','');
INSERT INTO `contrexx_access_user_groups` (`group_id`, `group_name`, `group_description`, `is_active`, `type`, `homepage`) VALUES (5,'Reseller','Reseller im Shop',1,'frontend','');
INSERT INTO `contrexx_access_user_mail` (`type`, `lang_id`, `sender_mail`, `sender_name`, `subject`, `format`, `body_text`, `body_html`) VALUES ('reg_confirm',0,'info@cloudrexx.com','Cloudrexx','Benutzerregistrierung bestätigen','multipart','Willkommen bei Cloudrexx!\r\n\r\nHerzlichen Dank für Ihre Anmeldung bei Cloudrexx.\r\nBitte klicken Sie auf den folgenden Link, um Ihre E-Mail-Adresse zu bestätigen:\r\n[[ACTIVATION_LINK]]\r\n\r\nUm sich später einzuloggen, geben Sie bitte Ihre E-Mail Adresse \"[[USERNAME]]\" und Ihr gewähltes Kennwort ein.\r\n\r\n\r\nSupport\r\n--------------------------------------\r\nHaben Sie noch Fragen? Antworten Sie einfach auf diese E-Mail oder melden Sie sich unter support@cloudrexx.com. Wir sind gerne für Sie da.\r\n\r\n\r\nFreundliche Grüsse\r\nIhr Cloudrexx-Team','<html>\r\n<head>\r\n	<title></title>\r\n</head>\r\n<body style=\"cursor: auto;\">\r\n<style type=\"text/css\">*, html, body, table {\r\n                padding: 0;\r\n                margin: 0;\r\n                font-size: 14px;\r\n                font-family: arial;\r\n                line-height: 1.5;\r\n                color: #000000;\r\n            }\r\n            body {\r\n                background-color: #fff;\r\n            }\r\n            a {\r\n                color: #0071bc;\r\n                text-decoration: none;\r\n            }\r\n</style>\r\n<table bgcolor=\"#fff\" border=\"0\" cellpadding=\"0\" cellspacing=\"0\" width=\"100%\">\r\n	<tbody>\r\n		<tr>\r\n			<td bgcolor=\"#0071bc\" style=\"height:75px;\">\r\n			<div align=\"center\">\r\n			<table border=\"0\" cellpadding=\"0\" cellspacing=\"0\" width=\"596\">\r\n				<tbody>\r\n					<tr>\r\n						<td align=\"left\" style=\"padding-top: 15px; padding-bottom: 12px;\"><img alt=\"logo\" src=\"https://media.cloudrexx.com/1.0.0/cloudrexx_logo_145x25.png\" /></td>\r\n						<td align=\"right\" style=\"padding-top: 12px; padding-bottom: 12px;\"><span style=\"color:#fff; font-size: 18px;  font-family: arial;\">Benutzerregistrierung</span></td>\r\n					</tr>\r\n				</tbody>\r\n			</table>\r\n			</div>\r\n			</td>\r\n		</tr>\r\n		<tr>\r\n			<td>&nbsp;</td>\r\n		</tr>\r\n		<tr>\r\n			<td>\r\n			<div align=\"center\">\r\n			<table border=\"0\" cellpadding=\"0\" cellspacing=\"0\" width=\"480\">\r\n				<tbody>\r\n					<tr>\r\n						<td style=\"padding-bottom: 7px;\">\r\n						<h1 style=\" font-size: 25px; font-family: arial;\">Willkommen bei Cloudrexx!</h1>\r\n						</td>\r\n					</tr>\r\n					<tr>\r\n						<td style=\"padding-bottom: 13px;  font-family: arial; font-size:14px\"><br />\r\n						Herzlichen Dank f&uuml;r Ihre Anmeldung bei Cloudrexx.<br />\r\n						Bitte klicken Sie auf den folgenden Link, um Ihre E-Mail-Adresse zu best&auml;tigen:<br />\r\n						[[ACTIVATION_LINK]]<br />\r\n						<br />\r\n						&nbsp;\r\n						<h2 style=\"font-size: 19px;\">Support</h2>\r\n						<span style=\"line-height: 21px;\">Haben Sie noch Fragen? Antworten Sie einfach auf diese E-Mail oder melden Sie sich unter </span><a href=\"mailto:support@cloudrexx.com\" style=\"line-height: 21px;\">support@cloudrexx.com</a><span style=\"line-height: 21px;\">. Wir sind gerne f&uuml;r Sie da.<br />\r\n						<br />\r\n						Freundliche Gr&uuml;sse<br />\r\n						Ihr Cloudrexx-Team</span><br />\r\n						&nbsp;</td>\r\n					</tr>\r\n				</tbody>\r\n			</table>\r\n			</div>\r\n			</td>\r\n		</tr>\r\n		<tr>\r\n			<td style=\"border-top: 1px solid #B9B9B9\">\r\n			<div align=\"center\">\r\n			<table cellspacing=\"0\" width=\"596\">\r\n				<tbody>\r\n					<tr>\r\n						<td align=\"left\" style=\"font-family: arial; color: #939fa2; font-size: 11px; padding-top: 14px;\" width=\"50%\">&copy; [[YEAR]] Cloudrexx AG</td>\r\n						<td align=\"right\" style=\"padding-top: 12px;\" width=\"33%\">&nbsp;</td>\r\n						<td align=\"right\" style=\"padding-top: 12px;\"><a href=\"https://www.cloudrexx.com/\" style=\"font-family: arial; color: #0071bc; font-size: 11px;\">www.cloudrexx.com</a></td>\r\n					</tr>\r\n				</tbody>\r\n			</table>\r\n			</div>\r\n			</td>\r\n		</tr>\r\n	</tbody>\r\n</table>\r\n</body>\r\n</html>\r\n');
INSERT INTO `contrexx_access_user_mail` (`type`, `lang_id`, `sender_mail`, `sender_name`, `subject`, `format`, `body_text`, `body_html`) VALUES ('reset_pw',0,'info@cloudrexx.com','Cloudrexx','Cloudrexx Kennwort zurücksetzen','multipart','Guten Tag,\r\n\r\nUm ein neues Kennwort zu setzen, müssen Sie auf die unten aufgeführte URL gehen und dort Ihr neues Kennwort definieren.\r\n\r\nWICHTIG: Die Gültigkeit der URL wird nach 60 Minuten verfallen, nachdem diese E-Mail abgeschickt wurde.\r\nFalls Sie mehr Zeit benötigen, geben Sie Ihre E-Mail Adresse einfach ein weiteres Mal ein.\r\n\r\nIhre URL:\r\n[[URL]]\r\n\r\n\r\nSupport\r\n--------------------------------------\r\nHaben Sie noch Fragen? Antworten Sie einfach auf diese E-Mail oder melden Sie sich unter support@cloudrexx.com. Wir sind gerne für Sie da.\r\n\r\n\r\nFreundliche Grüsse\r\nIhr Cloudrexx-Team','<html>\r\n<head>\r\n	<title></title>\r\n</head>\r\n<body style=\"cursor: auto;\">\r\n<style type=\"text/css\">*, html, body, table {\r\n                padding: 0;\r\n                margin: 0;\r\n                font-size: 14px;\r\n                font-family: arial;\r\n                line-height: 1.5;\r\n                color: #000000;\r\n            }\r\n            body {\r\n                background-color: #fff;\r\n            }\r\n            a {\r\n                color: #0071bc;\r\n                text-decoration: none;\r\n            }\r\n</style>\r\n<table bgcolor=\"#fff\" border=\"0\" cellpadding=\"0\" cellspacing=\"0\" width=\"100%\">\r\n	<tbody>\r\n		<tr>\r\n			<td bgcolor=\"#0071bc\" style=\"height:75px;\">\r\n			<div align=\"center\">\r\n			<table border=\"0\" cellpadding=\"0\" cellspacing=\"0\" width=\"596\">\r\n				<tbody>\r\n					<tr>\r\n						<td align=\"left\" style=\"padding-top: 15px; padding-bottom: 12px;\"><img alt=\"logo\" src=\"https://media.cloudrexx.com/1.0.0/cloudrexx_logo_145x25.png\" /></td>\r\n						<td align=\"right\" style=\"padding-top: 12px; padding-bottom: 12px;\"><span style=\"color:#fff; font-size: 18px;  font-family: arial;\">Kennwort R&uuml;cksetzung</span></td>\r\n					</tr>\r\n				</tbody>\r\n			</table>\r\n			</div>\r\n			</td>\r\n		</tr>\r\n		<tr>\r\n			<td>&nbsp;</td>\r\n		</tr>\r\n		<tr>\r\n			<td>\r\n			<div align=\"center\">\r\n			<table border=\"0\" cellpadding=\"0\" cellspacing=\"0\" width=\"480\">\r\n				<tbody>\r\n					<tr>\r\n						<td style=\"padding-bottom: 7px;\">\r\n						<h1 style=\" font-size: 25px; font-family: arial;\">Kennwort zur&uuml;cksetzen!</h1>\r\n						</td>\r\n					</tr>\r\n					<tr>\r\n						<td style=\"padding-bottom: 13px;  font-family: arial; font-size:14px\"><br />\r\n						F&uuml;r Ihre Cloudrexx Konto wurde eine Kennwort-R&uuml;cksetzung beantragt.<br />\r\n						<br />\r\n						Falls diese Anfrage nicht von Ihnen ausgegangen ist, k&ouml;nnen Sie diese Nachricht ignorieren.<br />\r\n						<br />\r\n						Klicken Sie <a href=\"[[URL]]\">hier</a> um jetzt ein neues Kennwort zu definieren.<br />\r\n						<br />\r\n						<em>WICHTIG: Die G&uuml;ltigkeit dieser Anfrage wird nach einer Stunde verfallen, nachdem diese E-Mail abgeschickt wurde.<br />\r\n						Falls Sie mehr Zeit ben&ouml;tigen, beantragen Sie einfach eine erneute Kennwort-R&uuml;cksetzung.</em><br />\r\n						&nbsp;\r\n						<h2 style=\"font-size: 19px;\">Support</h2>\r\n						<span style=\"line-height: 21px;\">Haben Sie noch Fragen? Antworten Sie einfach auf diese E-Mail oder melden Sie sich unter </span><a href=\"mailto:support@cloudrexx.com\" style=\"line-height: 21px;\">support@cloudrexx.com</a><span style=\"line-height: 21px;\">. Wir sind gerne f&uuml;r Sie da.<br />\r\n						<br />\r\n						Freundliche Gr&uuml;sse<br />\r\n						Ihr Cloudrexx-Team</span><br />\r\n						&nbsp;</td>\r\n					</tr>\r\n				</tbody>\r\n			</table>\r\n			</div>\r\n			</td>\r\n		</tr>\r\n		<tr>\r\n			<td style=\"border-top: 1px solid #B9B9B9\">\r\n			<div align=\"center\">\r\n			<table cellspacing=\"0\" width=\"596\">\r\n				<tbody>\r\n					<tr>\r\n						<td align=\"left\" style=\"font-family: arial; color: #939fa2; font-size: 11px; padding-top: 14px;\" width=\"50%\">&copy; [[YEAR]] Cloudrexx AG</td>\r\n						<td align=\"right\" style=\"padding-top: 12px;\" width=\"33%\">&nbsp;</td>\r\n						<td align=\"right\" style=\"padding-top: 12px;\"><a href=\"https://www.cloudrexx.com/\" style=\"font-family: arial; color: #0071bc; font-size: 11px;\">www.cloudrexx.com</a></td>\r\n					</tr>\r\n				</tbody>\r\n			</table>\r\n			</div>\r\n			</td>\r\n		</tr>\r\n	</tbody>\r\n</table>\r\n</body>\r\n</html>\r\n');
INSERT INTO `contrexx_access_user_mail` (`type`, `lang_id`, `sender_mail`, `sender_name`, `subject`, `format`, `body_text`, `body_html`) VALUES ('user_activated',0,'info@example.org','Cloudrexx','Ihr Benutzerkonto wurde aktiviert','text','Hallo [[USERNAME]],\r\n\r\nIhr Benutzerkonto auf [[HOST]] wurde soeben aktiviert und kann von nun an verwendet werden.\r\n\r\n\r\n--\r\n[[SENDER]]','');
INSERT INTO `contrexx_access_user_mail` (`type`, `lang_id`, `sender_mail`, `sender_name`, `subject`, `format`, `body_text`, `body_html`) VALUES ('user_deactivated',0,'info@example.org','Cloudrexx','Ihr Benutzerkonto wurde deaktiviert','text','Hallo [[USERNAME]],\r\n\r\nIhr Benutzerkonto auf [[HOST]] wurde soeben deaktiviert.\r\n\r\n\r\n--\r\n[[SENDER]]','');
INSERT INTO `contrexx_access_user_mail` (`type`, `lang_id`, `sender_mail`, `sender_name`, `subject`, `format`, `body_text`, `body_html`) VALUES ('new_user',0,'info@example.org','Cloudrexx','Ein neuer Benutzer hat sich registriert','text','Der Benutzer [[USERNAME]] hat sich soeben registriert und muss nun frei geschaltet werden.\r\n\r\nÜber die folgende Adresse kann das Benutzerkonto von [[USERNAME]] verwaltet werden:\r\n[[LINK]]\r\n\r\n\r\n--\r\n[[SENDER]]','');
INSERT INTO `contrexx_access_user_mail` (`type`, `lang_id`, `sender_mail`, `sender_name`, `subject`, `format`, `body_text`, `body_html`) VALUES ('user_account_invitation',0,'info@cloudrexx.com','Cloudrexx','Willkommen bei Cloudrexx','multipart','Hallo [[FIRSTNAME]] [[LASTNAME]]\r\n\r\nFür Sie wurde ein persönlicher Zugang bei [[WEBSITE]] eingerichtet.\r\nSie können sich unter dem Link [[LINK]] mit den folgenden Angaben anmelden:\r\nBenutzername: [[EMAIL]]\r\nPasswort: [[PASSWORD]]\r\n\r\n\r\nSupport\r\n--------------------------------------\r\nHaben Sie noch Fragen? Antworten Sie einfach auf diese E-Mail oder melden Sie sich unter support@cloudrexx.com. Wir sind gerne für Sie da.\r\n\r\n\r\nFreundliche Grüsse\r\nIhr Cloudrexx-Team','<html>\r\n<head>\r\n	<title></title>\r\n</head>\r\n<body style=\"cursor: auto;\">\r\n<style type=\"text/css\">*, html, body, table {padding: 0;margin: 0;font-size: 14px;font-family: arial;line-height: 1.5;color: #000000;}\r\n  body {background-color: #fff;}\r\n  a {color: #0071bc;text-decoration: none;}\r\n</style>\r\n<table bgcolor=\"#fff\" border=\"0\" cellpadding=\"0\" cellspacing=\"0\" width=\"100%\">\r\n	<tbody>\r\n		<tr>\r\n			<td bgcolor=\"#0071bc\" style=\"height:75px;\">\r\n			<div align=\"center\">\r\n			<table border=\"0\" cellpadding=\"0\" cellspacing=\"0\" width=\"596\">\r\n				<tbody>\r\n					<tr>\r\n						<td align=\"left\" style=\"padding-top: 15px; padding-bottom: 12px;\"><img alt=\"logo\" src=\"https://media.cloudrexx.com/1.0.0/cloudrexx_logo_145x25.png\" /></td>\r\n						<td align=\"right\" style=\"padding-top: 12px; padding-bottom: 12px;\"><span style=\"color:#fff; font-size: 18px;font-family: arial;\">Ihr pers&ouml;nlicher Zugang</span></td>\r\n					</tr>\r\n				</tbody>\r\n			</table>\r\n			</div>\r\n			</td>\r\n		</tr>\r\n		<tr>\r\n			<td>&nbsp;</td>\r\n		</tr>\r\n		<tr>\r\n			<td>\r\n			<div align=\"center\">\r\n			<table border=\"0\" cellpadding=\"0\" cellspacing=\"0\" width=\"480\">\r\n				<tbody>\r\n					<tr>\r\n						<td style=\"padding-bottom: 7px;\">\r\n						<h1 style=\"font-size: 25px;font-family: arial;\">Willkommen bei Cloudrexx!</h1>\r\n						</td>\r\n					</tr>\r\n					<tr>\r\n						<td style=\"padding-bottom: 13px;  font-family: arial; font-size:14px\"><br />\r\n						Hallo [[FIRSTNAME]] [[LASTNAME]]<br />\r\n						<br />\r\n						F&uuml;r Sie wurde ein pers&ouml;nlicher Zugang bei [[WEBSITE]] eingerichtet.<br />\r\n						Sie k&ouml;nnen sich unter dem Link [[LINK]] mit den folgenden Angaben anmelden:<br />\r\n						<br />\r\n						Benutzername: [[EMAIL]]<br />\r\n						Passwort: [[PASSWORD]]\r\n						<h2 style=\"font-size: 19px;\">Support</h2>\r\n						<span style=\"line-height: 21px;\">Haben Sie noch Fragen? Antworten Sie einfach auf diese E-Mail oder melden Sie sich unter </span><a href=\"mailto:support@cloudrexx.com\" style=\"line-height: 21px;\">support@cloudrexx.com</a><span style=\"line-height: 21px;\">. Wir sind gerne f&uuml;r Sie da.<br />\r\n						<br />\r\n						Freundliche Gr&uuml;sse<br />\r\n						Ihr Cloudrexx-Team</span><br />\r\n						&nbsp;</td>\r\n					</tr>\r\n				</tbody>\r\n			</table>\r\n			</div>\r\n			</td>\r\n		</tr>\r\n		<tr>\r\n			<td style=\"border-top: 1px solid #B9B9B9\">\r\n			<div align=\"center\">\r\n			<table cellspacing=\"0\" width=\"596\">\r\n				<tbody>\r\n					<tr>\r\n						<td align=\"left\" style=\"font-family: arial; color: #939fa2; font-size: 11px; padding-top: 14px;\" width=\"50%\">&copy; [[YEAR]] Cloudrexx AG</td>\r\n						<td align=\"right\" style=\"padding-top: 12px;\" width=\"33%\">&nbsp;</td>\r\n						<td align=\"right\" style=\"padding-top: 12px;\"><a href=\"https://www.cloudrexx.com/\" style=\"font-family: arial; color: #0071bc; font-size: 11px;\">www.cloudrexx.com</a></td>\r\n					</tr>\r\n				</tbody>\r\n			</table>\r\n			</div>\r\n			</td>\r\n		</tr>\r\n	</tbody>\r\n</table>\r\n</body>\r\n</html>\r\n');
INSERT INTO `contrexx_access_user_mail` (`type`, `lang_id`, `sender_mail`, `sender_name`, `subject`, `format`, `body_text`, `body_html`) VALUES ('signup_notification','0','info@cloudrexx.com', 'Cloudrexx','Neue Benutzeranmeldung','multipart','Auf [[HOST]] hat sich ein neuer Benutzer angemeldet:\r\n\r\nBenutzer: [[PROFILE_NAME]]\r\n\r\nProfil-Daten:\r\n[[PROFILE_DATA]]\r\n\r\n\r\nLink zum Profil: [[NODE_ACCESS_USER]]?id=[[USER_ID]]', '<html>\r\n<head>\r\n  <title></title>\r\n</head>\r\n<body style=\"cursor: auto;\" tcap-name=\"framey0\">\r\n<style type=\"text/css\">*, html, body, table {padding: 0;margin: 0;font-size: 14px;font-family: arial;line-height: 1.5;color: #000000;}\r\n  body {background-color: #fff;}\r\n  a {color: #0071bc;text-decoration: none;}\r\n  div.profile thead th {text-align:left;}\r\n  div.profile table {width:100%;}\r\n</style>\r\n<table bgcolor=\"#fff\" border=\"0\" cellpadding=\"0\" cellspacing=\"0\" width=\"100%\">\r\n <tbody>\r\n     <tr>\r\n            <td bgcolor=\"#0071bc\" style=\"height:75px;\">\r\n         <div align=\"center\">\r\n          <table border=\"0\" cellpadding=\"0\" cellspacing=\"0\" width=\"596\">\r\n              <tbody>\r\n                 <tr>\r\n                        <td align=\"left\" style=\"padding-top: 15px; padding-bottom: 12px;\"><img alt=\"logo\" src=\"https://media.cloudrexx.com/1.0.0/cloudrexx_logo_145x25.png\" /></td>\r\n                     <td align=\"right\" style=\"padding-top: 12px; padding-bottom: 12px;\"><span style=\"color:#fff; font-size: 18px;font-family: arial;\">Neue Benutzeranmeldung</span></td>\r\n                  </tr>\r\n               </tbody>\r\n            </table>\r\n            </div>\r\n          </td>\r\n       </tr>\r\n       <tr>\r\n            <td>&nbsp;</td>\r\n     </tr>\r\n       <tr>\r\n            <td>\r\n            <div align=\"center\">\r\n          <table border=\"0\" cellpadding=\"0\" cellspacing=\"0\" width=\"480\">\r\n              <tbody>\r\n                 <tr>\r\n                        <td style=\"padding-bottom: 13px;  font-family: arial; font-size:14px\"><br />\r\n                      Auf [[HOST]] hat sich ein neuer Benutzer angemeldet.<br />\r\n                      <br />\r\n                      Zum Profil: <a href=\"[[NODE_ACCESS_USER]]?id=[[USER_ID]]\">[[PROFILE_NAME]]</a><br />\r\n                      &nbsp;\r\n                      <div class=\"profile\">[[PROFILE_DATA]]</div>\r\n                       </td>\r\n                   </tr>\r\n               </tbody>\r\n            </table>\r\n            </div>\r\n          </td>\r\n       </tr>\r\n       <tr>\r\n            <td style=\"border-top: 1px solid #B9B9B9\">\r\n            <div align=\"center\">\r\n          <table cellspacing=\"0\" width=\"596\">\r\n             <tbody>\r\n                 <tr>\r\n                        <td align=\"left\" style=\"font-family: arial; color: #939fa2; font-size: 11px; padding-top: 14px;\" width=\"50%\">&copy; [[YEAR]] Cloudrexx AG</td>\r\n                        <td align=\"right\" style=\"padding-top: 12px;\" width=\"33%\">&nbsp;</td>\r\n                      <td align=\"right\" style=\"padding-top: 12px;\"><a href=\"https://www.cloudrexx.com/\" style=\"font-family: arial; color: #0071bc; font-size: 11px;\">www.cloudrexx.com</a></td>\r\n                   </tr>\r\n               </tbody>\r\n            </table>\r\n            </div>\r\n          </td>\r\n       </tr>\r\n   </tbody>\r\n</table>\r\n</body>\r\n</html>\r\n');
INSERT INTO `contrexx_access_user_mail` (`type`, `lang_id`, `sender_mail`, `sender_name`, `subject`, `format`, `body_text`, `body_html`) VALUES ('user_profile_modification',0,'info@cloudrexx.com','Cloudrexx','Benutzerprofil wurd bearbeitet','multipart','Folgende Benutzerprofil-Mutation wurde auf [[HOST]] vorgenommen:\r\n\r\nBenutzer: [[PROFILE_NAME]]\r\n\r\nProfil-Daten:\r\n[[PROFILE_DATA]]\r\n\r\n\r\nLink zum Profil: [[NODE_ACCESS_USER]]?id=[[USER_ID]]','<html>\r\n<head>\r\n  <title></title>\r\n</head>\r\n<body style=\"cursor: auto;\" tcap-name=\"framey0\">\r\n<style type=\"text/css\">*, html, body, table {padding: 0;margin: 0;font-size: 14px;font-family: arial;line-height: 1.5;color: #000000;}\r\n  body {background-color: #fff;}\r\n  a {color: #0071bc;text-decoration: none;}\r\n  div.profile thead th {text-align:left;}\r\n  div.profile table {width:100%;}\r\n</style>\r\n<table bgcolor=\"#fff\" border=\"0\" cellpadding=\"0\" cellspacing=\"0\" width=\"100%\">\r\n <tbody>\r\n     <tr>\r\n            <td bgcolor=\"#0071bc\" style=\"height:75px;\">\r\n         <div align=\"center\">\r\n          <table border=\"0\" cellpadding=\"0\" cellspacing=\"0\" width=\"596\">\r\n              <tbody>\r\n                 <tr>\r\n                        <td align=\"left\" style=\"padding-top: 15px; padding-bottom: 12px;\"><img alt=\"logo\" src=\"https://media.cloudrexx.com/1.0.0/cloudrexx_logo_145x25.png\" /></td>\r\n                     <td align=\"right\" style=\"padding-top: 12px; padding-bottom: 12px;\"><span style=\"color:#fff; font-size: 18px;font-family: arial;\">Benutzerprofil-Mutation</span></td>\r\n                  </tr>\r\n               </tbody>\r\n            </table>\r\n            </div>\r\n          </td>\r\n       </tr>\r\n       <tr>\r\n            <td>&nbsp;</td>\r\n     </tr>\r\n       <tr>\r\n            <td>\r\n            <div align=\"center\">\r\n          <table border=\"0\" cellpadding=\"0\" cellspacing=\"0\" width=\"480\">\r\n              <tbody>\r\n                 <tr>\r\n                        <td style=\"padding-bottom: 13px;  font-family: arial; font-size:14px\"><br />\r\n                      Folgende Benutzerprofil-Mutation wurde auf [[HOST]] vorgenommen.<br />\r\n                      <br />\r\n                      Angepasstes Profil: <a href=\"[[NODE_ACCESS_USER]]?id=[[USER_ID]]\">[[PROFILE_NAME]]</a><br />\r\n                      &nbsp;\r\n                      <div class=\"profile\">[[PROFILE_DATA]]</div>\r\n                       </td>\r\n                   </tr>\r\n               </tbody>\r\n            </table>\r\n            </div>\r\n          </td>\r\n       </tr>\r\n       <tr>\r\n            <td style=\"border-top: 1px solid #B9B9B9\">\r\n            <div align=\"center\">\r\n          <table cellspacing=\"0\" width=\"596\">\r\n             <tbody>\r\n                 <tr>\r\n                        <td align=\"left\" style=\"font-family: arial; color: #939fa2; font-size: 11px; padding-top: 14px;\" width=\"50%\">&copy; [[YEAR]] Cloudrexx AG</td>\r\n                        <td align=\"right\" style=\"padding-top: 12px;\" width=\"33%\">&nbsp;</td>\r\n                      <td align=\"right\" style=\"padding-top: 12px;\"><a href=\"https://www.cloudrexx.com/\" style=\"font-family: arial; color: #0071bc; font-size: 11px;\">www.cloudrexx.com</a></td>\r\n                   </tr>\r\n               </tbody>\r\n            </table>\r\n            </div>\r\n          </td>\r\n       </tr>\r\n   </tbody>\r\n</table>\r\n</body>\r\n</html>\r\n');
INSERT INTO `contrexx_access_user_title` (`id`, `title`, `order_id`) VALUES (1,'Sehr geehrte Frau',0);
INSERT INTO `contrexx_access_user_title` (`id`, `title`, `order_id`) VALUES (2,'Sehr geehrter Herr',0);
INSERT INTO `contrexx_access_user_title` (`id`, `title`, `order_id`) VALUES (3,'Dear Ms',0);
INSERT INTO `contrexx_access_user_title` (`id`, `title`, `order_id`) VALUES (4,'Dear Mr',0);
INSERT INTO `contrexx_access_user_title` (`id`, `title`, `order_id`) VALUES (5,'Madame',0);
INSERT INTO `contrexx_access_user_title` (`id`, `title`, `order_id`) VALUES (6,'Monsieur',0);
INSERT INTO `contrexx_access_user_validity` (`validity`) VALUES (0);
INSERT INTO `contrexx_access_user_validity` (`validity`) VALUES (1);
INSERT INTO `contrexx_access_user_validity` (`validity`) VALUES (15);
INSERT INTO `contrexx_access_user_validity` (`validity`) VALUES (31);
INSERT INTO `contrexx_access_user_validity` (`validity`) VALUES (62);
INSERT INTO `contrexx_access_user_validity` (`validity`) VALUES (92);
INSERT INTO `contrexx_access_user_validity` (`validity`) VALUES (123);
INSERT INTO `contrexx_access_user_validity` (`validity`) VALUES (184);
INSERT INTO `contrexx_access_user_validity` (`validity`) VALUES (366);
INSERT INTO `contrexx_access_user_validity` (`validity`) VALUES (731);
INSERT INTO `contrexx_backend_areas` (`area_id`, `parent_area_id`, `type`, `scope`, `area_name`, `is_active`, `uri`, `target`, `module_id`, `order_id`, `access_id`) VALUES (1,0,'group','backend','TXT_CONTENT_MANAGEMENT',1,'','_self',0,2,1);
INSERT INTO `contrexx_backend_areas` (`area_id`, `parent_area_id`, `type`, `scope`, `area_name`, `is_active`, `uri`, `target`, `module_id`, `order_id`, `access_id`) VALUES (2,0,'group','none','TXT_MODULE',1,'','_self',0,10,2);
INSERT INTO `contrexx_backend_areas` (`area_id`, `parent_area_id`, `type`, `scope`, `area_name`, `is_active`, `uri`, `target`, `module_id`, `order_id`, `access_id`) VALUES (3,0,'group','backend','TXT_ADMINISTRATION',1,'','_self',0,6,3);
INSERT INTO `contrexx_backend_areas` (`area_id`, `parent_area_id`, `type`, `scope`, `area_name`, `is_active`, `uri`, `target`, `module_id`, `order_id`, `access_id`) VALUES (5,1,'navigation','backend','TXT_NEW_PAGE',1,'index.php?cmd=ContentManager&act=new','_self',1,1,5);
INSERT INTO `contrexx_backend_areas` (`area_id`, `parent_area_id`, `type`, `scope`, `area_name`, `is_active`, `uri`, `target`, `module_id`, `order_id`, `access_id`) VALUES (6,1,'navigation','backend','TXT_CONTENT_MANAGER',1,'index.php?cmd=ContentManager','_self',1,2,6);
INSERT INTO `contrexx_backend_areas` (`area_id`, `parent_area_id`, `type`, `scope`, `area_name`, `is_active`, `uri`, `target`, `module_id`, `order_id`, `access_id`) VALUES (7,15,'navigation','backend','TXT_MEDIA_ARCHIVES',1,'index.php?cmd=Media&archive=archive1','_self',1,2,7);
INSERT INTO `contrexx_backend_areas` (`area_id`, `parent_area_id`, `type`, `scope`, `area_name`, `is_active`, `uri`, `target`, `module_id`, `order_id`, `access_id`) VALUES (163,3,'navigation','backend','TXT_SYSTEM_LOGS',1,'index.php?cmd=SystemLog','_self',79,10,55);
INSERT INTO `contrexx_backend_areas` (`area_id`, `parent_area_id`, `type`, `scope`, `area_name`, `is_active`, `uri`, `target`, `module_id`, `order_id`, `access_id`) VALUES (10,2,'navigation','backend','TXT_NEWS_MANAGER',1,'index.php?cmd=News','_self',8,1,10);
INSERT INTO `contrexx_backend_areas` (`area_id`, `parent_area_id`, `type`, `scope`, `area_name`, `is_active`, `uri`, `target`, `module_id`, `order_id`, `access_id`) VALUES (12,2,'navigation','backend','TXT_THUMBNAIL_GALLERY',1,'index.php?cmd=Gallery','_self',3,0,12);
INSERT INTO `contrexx_backend_areas` (`area_id`, `parent_area_id`, `type`, `scope`, `area_name`, `is_active`, `uri`, `target`, `module_id`, `order_id`, `access_id`) VALUES (13,2,'navigation','backend','TXT_CORE_ECOMMERCE',1,'index.php?cmd=Shop','_self',16,1,13);
INSERT INTO `contrexx_backend_areas` (`area_id`, `parent_area_id`, `type`, `scope`, `area_name`, `is_active`, `uri`, `target`, `module_id`, `order_id`, `access_id`) VALUES (16,2,'navigation','backend','TXT_CALENDAR',1,'index.php?cmd=Calendar','_self',21,0,16);
INSERT INTO `contrexx_backend_areas` (`area_id`, `parent_area_id`, `type`, `scope`, `area_name`, `is_active`, `uri`, `target`, `module_id`, `order_id`, `access_id`) VALUES (17,3,'navigation','backend','TXT_SYSTEM_SETTINGS',1,'index.php?cmd=Config','_self',80,1,17);
INSERT INTO `contrexx_backend_areas` (`area_id`, `parent_area_id`, `type`, `scope`, `area_name`, `is_active`, `uri`, `target`, `module_id`, `order_id`, `access_id`) VALUES (18,3,'navigation','backend','TXT_USER_ADMINISTRATION',1,'index.php?cmd=Access','_self',23,3,18);
INSERT INTO `contrexx_backend_areas` (`area_id`, `parent_area_id`, `type`, `scope`, `area_name`, `is_active`, `uri`, `target`, `module_id`, `order_id`, `access_id`) VALUES (166,28,'navigation','backend','TXT_CORE_VISITOR_DETAILS',1,'index.php?cmd=Stats&act=visitors','_self',1,1,166);
INSERT INTO `contrexx_backend_areas` (`area_id`, `parent_area_id`, `type`, `scope`, `area_name`, `is_active`, `uri`, `target`, `module_id`, `order_id`, `access_id`) VALUES (21,3,'navigation','backend','TXT_DESIGN_MANAGEMENT',1,'index.php?cmd=ViewManager','_self',75,4,21);
INSERT INTO `contrexx_backend_areas` (`area_id`, `parent_area_id`, `type`, `scope`, `area_name`, `is_active`, `uri`, `target`, `module_id`, `order_id`, `access_id`) VALUES (22,3,'navigation','backend','TXT_CORE_LOCALE',1,'index.php?cmd=Locale','_self',121,5,22);
INSERT INTO `contrexx_backend_areas` (`area_id`, `parent_area_id`, `type`, `scope`, `area_name`, `is_active`, `uri`, `target`, `module_id`, `order_id`, `access_id`) VALUES (23,3,'navigation','backend','TXT_MODULE_MANAGER',1,'index.php?cmd=ComponentManager','_self',76,6,23);
INSERT INTO `contrexx_backend_areas` (`area_id`, `parent_area_id`, `type`, `scope`, `area_name`, `is_active`, `uri`, `target`, `module_id`, `order_id`, `access_id`) VALUES (24,3,'navigation','backend','TXT_SERVER_INFO',1,'index.php?cmd=SystemInfo','_self',74,9,24);
INSERT INTO `contrexx_backend_areas` (`area_id`, `parent_area_id`, `type`, `scope`, `area_name`, `is_active`, `uri`, `target`, `module_id`, `order_id`, `access_id`) VALUES (172,29,'function','backend','TXT_CORE_LISTS',1,'index.php?cmd=Newsletter&act=lists','_self',4,2,172);
INSERT INTO `contrexx_backend_areas` (`area_id`, `parent_area_id`, `type`, `scope`, `area_name`, `is_active`, `uri`, `target`, `module_id`, `order_id`, `access_id`) VALUES (26,6,'function','backend','TXT_DELETE_PAGES',1,'','_self',0,0,26);
INSERT INTO `contrexx_backend_areas` (`area_id`, `parent_area_id`, `type`, `scope`, `area_name`, `is_active`, `uri`, `target`, `module_id`, `order_id`, `access_id`) VALUES (31,18,'function','backend','TXT_EDIT_USERINFOS',1,'','_self',0,0,31);
INSERT INTO `contrexx_backend_areas` (`area_id`, `parent_area_id`, `type`, `scope`, `area_name`, `is_active`, `uri`, `target`, `module_id`, `order_id`, `access_id`) VALUES (32,15,'navigation','backend','TXT_IMAGE_ADMINISTRATION',1,'index.php?cmd=Media&archive=content','_self',1,1,32);
INSERT INTO `contrexx_backend_areas` (`area_id`, `parent_area_id`, `type`, `scope`, `area_name`, `is_active`, `uri`, `target`, `module_id`, `order_id`, `access_id`) VALUES (35,6,'function','backend','TXT_EDIT_PAGES',1,'','_self',0,0,35);
INSERT INTO `contrexx_backend_areas` (`area_id`, `parent_area_id`, `type`, `scope`, `area_name`, `is_active`, `uri`, `target`, `module_id`, `order_id`, `access_id`) VALUES (36,6,'function','backend','TXT_ACCESS_CONTROL',1,'','_self',0,0,36);
INSERT INTO `contrexx_backend_areas` (`area_id`, `parent_area_id`, `type`, `scope`, `area_name`, `is_active`, `uri`, `target`, `module_id`, `order_id`, `access_id`) VALUES (38,7,'function','backend','TXT_MODIFY_MEDIA_FILES',1,'','_self',0,0,38);
INSERT INTO `contrexx_backend_areas` (`area_id`, `parent_area_id`, `type`, `scope`, `area_name`, `is_active`, `uri`, `target`, `module_id`, `order_id`, `access_id`) VALUES (39,7,'function','backend','TXT_UPLOAD_MEDIA_FILES',1,'','_self',0,0,39);
INSERT INTO `contrexx_backend_areas` (`area_id`, `parent_area_id`, `type`, `scope`, `area_name`, `is_active`, `uri`, `target`, `module_id`, `order_id`, `access_id`) VALUES (41,20,'function','backend','TXT_DBM_MAINTENANCE_TITLE',1,'','_self',0,0,41);
INSERT INTO `contrexx_backend_areas` (`area_id`, `parent_area_id`, `type`, `scope`, `area_name`, `is_active`, `uri`, `target`, `module_id`, `order_id`, `access_id`) VALUES (46,21,'function','backend','TXT_ACTIVATE_SKINS',1,'','_self',0,0,46);
INSERT INTO `contrexx_backend_areas` (`area_id`, `parent_area_id`, `type`, `scope`, `area_name`, `is_active`, `uri`, `target`, `module_id`, `order_id`, `access_id`) VALUES (47,21,'function','backend','TXT_EDIT_SKINS',1,'','_self',0,0,47);
INSERT INTO `contrexx_backend_areas` (`area_id`, `parent_area_id`, `type`, `scope`, `area_name`, `is_active`, `uri`, `target`, `module_id`, `order_id`, `access_id`) VALUES (48,22,'function','backend','TXT_CORE_LOCALE_ACL_VARS',1,'','_self',121,2,48);
INSERT INTO `contrexx_backend_areas` (`area_id`, `parent_area_id`, `type`, `scope`, `area_name`, `is_active`, `uri`, `target`, `module_id`, `order_id`, `access_id`) VALUES (49,22,'function','backend','TXT_CORE_LOCALE_ACL_MANAGEMENT',1,'','_self',121,1,49);
INSERT INTO `contrexx_backend_areas` (`area_id`, `parent_area_id`, `type`, `scope`, `area_name`, `is_active`, `uri`, `target`, `module_id`, `order_id`, `access_id`) VALUES (50,22,'function','backend','TXT_CORE_LOCALE_ACL_LIST',1,'','_self',121,0,50);
INSERT INTO `contrexx_backend_areas` (`area_id`, `parent_area_id`, `type`, `scope`, `area_name`, `is_active`, `uri`, `target`, `module_id`, `order_id`, `access_id`) VALUES (52,23,'function','backend','TXT_INST_REMO_MODULES',1,'','_self',0,0,52);
INSERT INTO `contrexx_backend_areas` (`area_id`, `parent_area_id`, `type`, `scope`, `area_name`, `is_active`, `uri`, `target`, `module_id`, `order_id`, `access_id`) VALUES (53,6,'function','backend','TXT_COPY_DELETE_SITES',1,'','_self',0,0,53);
INSERT INTO `contrexx_backend_areas` (`area_id`, `parent_area_id`, `type`, `scope`, `area_name`, `is_active`, `uri`, `target`, `module_id`, `order_id`, `access_id`) VALUES (65,12,'function','backend','TXT_GALLERY_MENU_OVERVIEW',1,'','_self',3,1,65);
INSERT INTO `contrexx_backend_areas` (`area_id`, `parent_area_id`, `type`, `scope`, `area_name`, `is_active`, `uri`, `target`, `module_id`, `order_id`, `access_id`) VALUES (66,12,'function','backend','TXT_GALLERY_MENU_NEW_CATEGORY',1,'','_self',3,2,66);
INSERT INTO `contrexx_backend_areas` (`area_id`, `parent_area_id`, `type`, `scope`, `area_name`, `is_active`, `uri`, `target`, `module_id`, `order_id`, `access_id`) VALUES (67,12,'function','backend','TXT_GALLERY_MENU_UPLOAD',1,'','_self',3,3,67);
INSERT INTO `contrexx_backend_areas` (`area_id`, `parent_area_id`, `type`, `scope`, `area_name`, `is_active`, `uri`, `target`, `module_id`, `order_id`, `access_id`) VALUES (68,12,'function','backend','TXT_GALLERY_MENU_IMPORT',1,'','_self',3,4,68);
INSERT INTO `contrexx_backend_areas` (`area_id`, `parent_area_id`, `type`, `scope`, `area_name`, `is_active`, `uri`, `target`, `module_id`, `order_id`, `access_id`) VALUES (69,12,'function','backend','TXT_GALLERY_MENU_VALIDATE',1,'','_self',3,5,69);
INSERT INTO `contrexx_backend_areas` (`area_id`, `parent_area_id`, `type`, `scope`, `area_name`, `is_active`, `uri`, `target`, `module_id`, `order_id`, `access_id`) VALUES (70,12,'function','backend','TXT_GALLERY_MENU_SETTINGS',1,'','_self',3,6,70);
INSERT INTO `contrexx_backend_areas` (`area_id`, `parent_area_id`, `type`, `scope`, `area_name`, `is_active`, `uri`, `target`, `module_id`, `order_id`, `access_id`) VALUES (75,1,'navigation','backend','TXT_CONTENT_HISTORY',1,'index.php?cmd=ContentWorkflow','_self',78,3,75);
INSERT INTO `contrexx_backend_areas` (`area_id`, `parent_area_id`, `type`, `scope`, `area_name`, `is_active`, `uri`, `target`, `module_id`, `order_id`, `access_id`) VALUES (76,1,'navigation','backend','TXT_BLOCK_SYSTEM',1,'index.php?cmd=Block','_self',7,6,76);
INSERT INTO `contrexx_backend_areas` (`area_id`, `parent_area_id`, `type`, `scope`, `area_name`, `is_active`, `uri`, `target`, `module_id`, `order_id`, `access_id`) VALUES (77,75,'function','backend','TXT_DELETED_RESTORE',1,'','_self',0,1,77);
INSERT INTO `contrexx_backend_areas` (`area_id`, `parent_area_id`, `type`, `scope`, `area_name`, `is_active`, `uri`, `target`, `module_id`, `order_id`, `access_id`) VALUES (78,75,'function','backend','TXT_WORKFLOW_VALIDATE',1,'','_self',0,1,78);
INSERT INTO `contrexx_backend_areas` (`area_id`, `parent_area_id`, `type`, `scope`, `area_name`, `is_active`, `uri`, `target`, `module_id`, `order_id`, `access_id`) VALUES (90,0,'group','backend','TXT_CONTACTS',1,'index.php?cmd=Contact','_self',6,3,84);
INSERT INTO `contrexx_backend_areas` (`area_id`, `parent_area_id`, `type`, `scope`, `area_name`, `is_active`, `uri`, `target`, `module_id`, `order_id`, `access_id`) VALUES (91,90,'navigation','backend','TXT_CONTACT_SETTINGS',1,'','_self',6,0,85);
INSERT INTO `contrexx_backend_areas` (`area_id`, `parent_area_id`, `type`, `scope`, `area_name`, `is_active`, `uri`, `target`, `module_id`, `order_id`, `access_id`) VALUES (92,21,'function','backend','TXT_THEME_IMPORT_EXPORT',1,'','_self',0,0,102);
INSERT INTO `contrexx_backend_areas` (`area_id`, `parent_area_id`, `type`, `scope`, `area_name`, `is_active`, `uri`, `target`, `module_id`, `order_id`, `access_id`) VALUES (110,3,'navigation','backend','TXT_ALIAS_ADMINISTRATION',1,'index.php?cmd=Alias','_self',41,7,115);
INSERT INTO `contrexx_backend_areas` (`area_id`, `parent_area_id`, `type`, `scope`, `area_name`, `is_active`, `uri`, `target`, `module_id`, `order_id`, `access_id`) VALUES (161,6,'function','backend','TXT_MOVE_NODE',1,'index.php?cmd=ContentManager','_self',1,8,160);
INSERT INTO `contrexx_backend_areas` (`area_id`, `parent_area_id`, `type`, `scope`, `area_name`, `is_active`, `uri`, `target`, `module_id`, `order_id`, `access_id`) VALUES (127,5,'function','backend','TXT_NEW_PAGE_ON_FIRST_LEVEL',1,'','_self',1,1,127);
INSERT INTO `contrexx_backend_areas` (`area_id`, `parent_area_id`, `type`, `scope`, `area_name`, `is_active`, `uri`, `target`, `module_id`, `order_id`, `access_id`) VALUES (132,15,'navigation','backend','TXT_DOWNLOADS',1,'index.php?cmd=Downloads','_self',53,4,141);
INSERT INTO `contrexx_backend_areas` (`area_id`, `parent_area_id`, `type`, `scope`, `area_name`, `is_active`, `uri`, `target`, `module_id`, `order_id`, `access_id`) VALUES (133,132,'function','backend','TXT_DOWNLOADS_ADMINISTER',1,'','_self',53,1,142);
INSERT INTO `contrexx_backend_areas` (`area_id`, `parent_area_id`, `type`, `scope`, `area_name`, `is_active`, `uri`, `target`, `module_id`, `order_id`, `access_id`) VALUES (144,16,'function','frontend','TXT_ACCESS_COMMUNITY_EVENTS',1,'','_self',21,0,145);
INSERT INTO `contrexx_backend_areas` (`area_id`, `parent_area_id`, `type`, `scope`, `area_name`, `is_active`, `uri`, `target`, `module_id`, `order_id`, `access_id`) VALUES (152,10,'function','frontend','TXT_SUBMIT_NEWS',1,'','_self',8,0,61);
INSERT INTO `contrexx_backend_areas` (`area_id`, `parent_area_id`, `type`, `scope`, `area_name`, `is_active`, `uri`, `target`, `module_id`, `order_id`, `access_id`) VALUES (153,2,'navigation','backend','TXT_MEDIADIR_MODULE',1,'index.php?cmd=MediaDir','_self',60,0,153);
INSERT INTO `contrexx_backend_areas` (`area_id`, `parent_area_id`, `type`, `scope`, `area_name`, `is_active`, `uri`, `target`, `module_id`, `order_id`, `access_id`) VALUES (154,153,'function','global','TXT_MEDIADIR_ADD_ENTRY',1,'','_self',60,1,154);
INSERT INTO `contrexx_backend_areas` (`area_id`, `parent_area_id`, `type`, `scope`, `area_name`, `is_active`, `uri`, `target`, `module_id`, `order_id`, `access_id`) VALUES (155,153,'function','global','TXT_MEDIADIR_MODIFY_ENTRY',1,'','_self',60,2,155);
INSERT INTO `contrexx_backend_areas` (`area_id`, `parent_area_id`, `type`, `scope`, `area_name`, `is_active`, `uri`, `target`, `module_id`, `order_id`, `access_id`) VALUES (156,153,'function','backend','TXT_MEDIADIR_MANAGE_LEVELS',1,'','_self',60,3,156);
INSERT INTO `contrexx_backend_areas` (`area_id`, `parent_area_id`, `type`, `scope`, `area_name`, `is_active`, `uri`, `target`, `module_id`, `order_id`, `access_id`) VALUES (157,153,'function','backend','TXT_MEDIADIR_MANAGE_CATEGORIES',1,'','_self',60,4,157);
INSERT INTO `contrexx_backend_areas` (`area_id`, `parent_area_id`, `type`, `scope`, `area_name`, `is_active`, `uri`, `target`, `module_id`, `order_id`, `access_id`) VALUES (158,153,'function','backend','TXT_MEDIADIR_INTERFACES',1,'','_self',60,5,158);
INSERT INTO `contrexx_backend_areas` (`area_id`, `parent_area_id`, `type`, `scope`, `area_name`, `is_active`, `uri`, `target`, `module_id`, `order_id`, `access_id`) VALUES (160,153,'function','backend','TXT_MEDIADIR_SETTINGS',1,'','_self',60,6,159);
INSERT INTO `contrexx_backend_areas` (`area_id`, `parent_area_id`, `type`, `scope`, `area_name`, `is_active`, `uri`, `target`, `module_id`, `order_id`, `access_id`) VALUES (15,0,'group','backend','TXT_CORE_MEDIA',1,'','_self',0,4,162);
INSERT INTO `contrexx_backend_areas` (`area_id`, `parent_area_id`, `type`, `scope`, `area_name`, `is_active`, `uri`, `target`, `module_id`, `order_id`, `access_id`) VALUES (28,0,'group','backend','TXT_CORE_STATS',1,'','_self',2,5,163);
INSERT INTO `contrexx_backend_areas` (`area_id`, `parent_area_id`, `type`, `scope`, `area_name`, `is_active`, `uri`, `target`, `module_id`, `order_id`, `access_id`) VALUES (164,28,'navigation','backend','TXT_CORE_VISITORS_AND_PAGE_VIEWS',1,'index.php?cmd=Stats&act=requests','_self',1,2,164);
INSERT INTO `contrexx_backend_areas` (`area_id`, `parent_area_id`, `type`, `scope`, `area_name`, `is_active`, `uri`, `target`, `module_id`, `order_id`, `access_id`) VALUES (29,2,'navigation','backend','TXT_CORE_EMAIL_MARKETING',1,'','_self',4,9,152);
INSERT INTO `contrexx_backend_areas` (`area_id`, `parent_area_id`, `type`, `scope`, `area_name`, `is_active`, `uri`, `target`, `module_id`, `order_id`, `access_id`) VALUES (171,29,'function','backend','TXT_CORE_EMAIL_CAMPAIGNS',1,'index.php?cmd=Newsletter&act=mails','_self',4,1,171);
INSERT INTO `contrexx_backend_areas` (`area_id`, `parent_area_id`, `type`, `scope`, `area_name`, `is_active`, `uri`, `target`, `module_id`, `order_id`, `access_id`) VALUES (167,28,'navigation','backend','TXT_CORE_REFERER',1,'index.php?cmd=Stats&act=referer','_self',1,3,167);
INSERT INTO `contrexx_backend_areas` (`area_id`, `parent_area_id`, `type`, `scope`, `area_name`, `is_active`, `uri`, `target`, `module_id`, `order_id`, `access_id`) VALUES (168,28,'navigation','backend','TXT_CORE_SEARCH_ENGINES',1,'index.php?cmd=Stats&act=spiders','_self',1,4,168);
INSERT INTO `contrexx_backend_areas` (`area_id`, `parent_area_id`, `type`, `scope`, `area_name`, `is_active`, `uri`, `target`, `module_id`, `order_id`, `access_id`) VALUES (169,28,'navigation','backend','TXT_CORE_SEARCH_TERMS',1,'index.php?cmd=Stats&act=search','_self',1,5,169);
INSERT INTO `contrexx_backend_areas` (`area_id`, `parent_area_id`, `type`, `scope`, `area_name`, `is_active`, `uri`, `target`, `module_id`, `order_id`, `access_id`) VALUES (170,28,'navigation','backend','TXT_STATS_SETTINGS',1,'index.php?cmd=Stats&act=settings','_self',1,6,170);
INSERT INTO `contrexx_backend_areas` (`area_id`, `parent_area_id`, `type`, `scope`, `area_name`, `is_active`, `uri`, `target`, `module_id`, `order_id`, `access_id`) VALUES (174,29,'function','backend','TXT_CORE_RECIPIENTS',1,'index.php?cmd=Newsletter&act=users','_self',4,4,174);
INSERT INTO `contrexx_backend_areas` (`area_id`, `parent_area_id`, `type`, `scope`, `area_name`, `is_active`, `uri`, `target`, `module_id`, `order_id`, `access_id`) VALUES (175,29,'function','backend','TXT_CORE_NEWS',1,'index.php?cmd=Newsletter&act=news','_self',4,5,175);
INSERT INTO `contrexx_backend_areas` (`area_id`, `parent_area_id`, `type`, `scope`, `area_name`, `is_active`, `uri`, `target`, `module_id`, `order_id`, `access_id`) VALUES (176,29,'function','backend','TXT_NEWSLETTER_SETTINGS',1,'index.php?cmd=Newsletter&act=Settings','_self',4,6,176);
INSERT INTO `contrexx_backend_areas` (`area_id`, `parent_area_id`, `type`, `scope`, `area_name`, `is_active`, `uri`, `target`, `module_id`, `order_id`, `access_id`) VALUES (177,0,'function','global','Json Adapter',1,'index.php?cmd=JsonData','_self',63,0,0);
INSERT INTO `contrexx_backend_areas` (`area_id`, `parent_area_id`, `type`, `scope`, `area_name`, `is_active`, `uri`, `target`, `module_id`, `order_id`, `access_id`) VALUES (189,2,'navigation','backend','TXT_CRM',1,'','_self',69,6,194);
INSERT INTO `contrexx_backend_areas` (`area_id`, `parent_area_id`, `type`, `scope`, `area_name`, `is_active`, `uri`, `target`, `module_id`, `order_id`, `access_id`) VALUES (180,0,'function','global','TXT_SEARCH',1,'index.php?cmd=Search','_self',5,0,0);
INSERT INTO `contrexx_backend_areas` (`area_id`, `parent_area_id`, `type`, `scope`, `area_name`, `is_active`, `uri`, `target`, `module_id`, `order_id`, `access_id`) VALUES (182,3,'navigation','backend','TXT_LICENSE',1,'index.php?cmd=License','_self',97,2,177);
INSERT INTO `contrexx_backend_areas` (`area_id`, `parent_area_id`, `type`, `scope`, `area_name`, `is_active`, `uri`, `target`, `module_id`, `order_id`, `access_id`) VALUES (183,0,'function','global','TXT_LOGOUT',1,'index.php?cmd=logout','_self',67,0,0);
INSERT INTO `contrexx_backend_areas` (`area_id`, `parent_area_id`, `type`, `scope`, `area_name`, `is_active`, `uri`, `target`, `module_id`, `order_id`, `access_id`) VALUES (184,0,'group','backend','TXT_HOME',1,'','_self',1,1,0);
INSERT INTO `contrexx_backend_areas` (`area_id`, `parent_area_id`, `type`, `scope`, `area_name`, `is_active`, `uri`, `target`, `module_id`, `order_id`, `access_id`) VALUES (185,184,'navigation','backend','TXT_DASHBOARD',1,'index.php?cmd=Home','_self',15,1,0);
INSERT INTO `contrexx_backend_areas` (`area_id`, `parent_area_id`, `type`, `scope`, `area_name`, `is_active`, `uri`, `target`, `module_id`, `order_id`, `access_id`) VALUES (186,184,'navigation','backend','TXT_FRONTEND',1,'/','_blank',1,2,0);
INSERT INTO `contrexx_backend_areas` (`area_id`, `parent_area_id`, `type`, `scope`, `area_name`, `is_active`, `uri`, `target`, `module_id`, `order_id`, `access_id`) VALUES (187,15,'navigation','backend','TXT_FILESHARING_MODULE',1,'index.php?cmd=Media&archive=FileSharing','_self',68,3,8);
INSERT INTO `contrexx_backend_areas` (`area_id`, `parent_area_id`, `type`, `scope`, `area_name`, `is_active`, `uri`, `target`, `module_id`, `order_id`, `access_id`) VALUES (192,189,'navigation','backend','TXT_CRM_TASKS',1,'index.php?cmd=Crm&act=task','_self',69,3,0);
INSERT INTO `contrexx_backend_areas` (`area_id`, `parent_area_id`, `type`, `scope`, `area_name`, `is_active`, `uri`, `target`, `module_id`, `order_id`, `access_id`) VALUES (193,189,'navigation','backend','TXT_CRM_OPPORTUNITY',1,'index.php?cmd=Crm&act=deals','_self',69,4,0);
INSERT INTO `contrexx_backend_areas` (`area_id`, `parent_area_id`, `type`, `scope`, `area_name`, `is_active`, `uri`, `target`, `module_id`, `order_id`, `access_id`) VALUES (195,189,'function','backend','TXT_CRM_SETTINGS',1,'index.php?cmd=Crm&act=settings','_self',69,6,195);
INSERT INTO `contrexx_backend_areas` (`area_id`, `parent_area_id`, `type`, `scope`, `area_name`, `is_active`, `uri`, `target`, `module_id`, `order_id`, `access_id`) VALUES (199,16,'function','backend','TXT_CALENDAR_ADMINEVENTS',1,'','_self',21,1,180);
INSERT INTO `contrexx_backend_areas` (`area_id`, `parent_area_id`, `type`, `scope`, `area_name`, `is_active`, `uri`, `target`, `module_id`, `order_id`, `access_id`) VALUES (200,16,'function','backend','TXT_CALENDAR_ADMINCATEGORIES',1,'','_self',21,2,165);
INSERT INTO `contrexx_backend_areas` (`area_id`, `parent_area_id`, `type`, `scope`, `area_name`, `is_active`, `uri`, `target`, `module_id`, `order_id`, `access_id`) VALUES (201,16,'function','backend','TXT_CALENDAR_SETTINGS',1,'','_self',21,4,181);
INSERT INTO `contrexx_backend_areas` (`area_id`, `parent_area_id`, `type`, `scope`, `area_name`, `is_active`, `uri`, `target`, `module_id`, `order_id`, `access_id`) VALUES (202,16,'function','backend','TXT_CALENDAR_ADMINREGISTRATIONS',1,'','_self',21,3,182);
INSERT INTO `contrexx_backend_areas` (`area_id`, `parent_area_id`, `type`, `scope`, `area_name`, `is_active`, `uri`, `target`, `module_id`, `order_id`, `access_id`) VALUES (210,132,'function','backend','TXT_DOWNLOADS_ALL_DOWNLOADS',1,'','_self',53,2,143);
INSERT INTO `contrexx_backend_areas` (`area_id`, `parent_area_id`, `type`, `scope`, `area_name`, `is_active`, `uri`, `target`, `module_id`, `order_id`, `access_id`) VALUES (222,17,'function','backend','TXT_SETTINGS_MENU_SYSTEM',1,'index.php?cmd=Config&act=System','_self',80,1,189);
INSERT INTO `contrexx_backend_areas` (`area_id`, `parent_area_id`, `type`, `scope`, `area_name`, `is_active`, `uri`, `target`, `module_id`, `order_id`, `access_id`) VALUES (223,3,'navigation','backend','TXT_CORE_MODULE_CRON',1,'index.php?cmd=Cron','_self',103,12,197);
INSERT INTO `contrexx_backend_areas` (`area_id`, `parent_area_id`, `type`, `scope`, `area_name`, `is_active`, `uri`, `target`, `module_id`, `order_id`, `access_id`) VALUES (224,3,'navigation','backend','TXT_NET_MANAGER',1,'index.php?cmd=NetManager','_self',105,2,196);
INSERT INTO `contrexx_backend_areas` (`area_id`, `parent_area_id`, `type`, `scope`, `area_name`, `is_active`, `uri`, `target`, `module_id`, `order_id`, `access_id`) VALUES (225,17,'function','backend','TXT_CORE_WYSIWYG',1,'index.php?cmd=Config&act=Wysiwyg','_self',106,4,192);
INSERT INTO `contrexx_backend_areas` (`area_id`, `parent_area_id`, `type`, `scope`, `area_name`, `is_active`, `uri`, `target`, `module_id`, `order_id`, `access_id`) VALUES (226,17,'function','backend','TXT_SETTINGS_MENU_CACHE',1,'index.php?cmd=Config&act=cache','_self',69,2,190);
INSERT INTO `contrexx_backend_areas` (`area_id`, `parent_area_id`, `type`, `scope`, `area_name`, `is_active`, `uri`, `target`, `module_id`, `order_id`, `access_id`) VALUES (227,17,'function','backend','TXT_EMAIL_SERVER',1,'index.php?cmd=Config&act=smtp','_self',124,3,191);
INSERT INTO `contrexx_backend_areas` (`area_id`, `parent_area_id`, `type`, `scope`, `area_name`, `is_active`, `uri`, `target`, `module_id`, `order_id`, `access_id`) VALUES (228,3,'navigation','backend','TXT_CORE_MODULE_GEOIP',1,'index.php?cmd=GeoIp','_self',111,14,201);
INSERT INTO `contrexx_backend_areas` (`area_id`, `parent_area_id`, `type`, `scope`, `area_name`, `is_active`, `uri`, `target`, `module_id`, `order_id`, `access_id`) VALUES (229,3,'navigation','backend','TXT_CORE_ROUTING',1,'index.php?cmd=Routing','_self',99,14,200);
INSERT INTO `contrexx_backend_areas` (`area_id`, `parent_area_id`, `type`, `scope`, `area_name`, `is_active`, `uri`, `target`, `module_id`, `order_id`, `access_id`) VALUES (230,18,'function','backend','TXT_CORE_MODULE_ACCESS_MANAGE_USERS',1,'','_self',0,1,202);
INSERT INTO `contrexx_backend_areas` (`area_id`, `parent_area_id`, `type`, `scope`, `area_name`, `is_active`, `uri`, `target`, `module_id`, `order_id`, `access_id`) VALUES (231,18,'function','backend','TXT_CORE_MODULE_ACCESS_MANAGE_USER_GROUPS',1,'','_self',0,2,203);
INSERT INTO `contrexx_backend_areas` (`area_id`, `parent_area_id`, `type`, `scope`, `area_name`, `is_active`, `uri`, `target`, `module_id`, `order_id`, `access_id`) VALUES (232,21,'function','backend','TXT_CORE_VIEWMANAGER_TEMPLATE_EDITOR_ACCESS',1,'','_self',0,0,204);
INSERT INTO `contrexx_backend_areas` (`area_id`, `parent_area_id`, `type`, `scope`, `area_name`, `is_active`, `uri`, `target`, `module_id`, `order_id`, `access_id`) VALUES (233,17,'function','backend','TXT_CORE_MODULE_PDF',1,'index.php?cmd=Config&act=Pdf','_self',117,5,193);
INSERT INTO `contrexx_backend_areas` (`area_id`, `parent_area_id`, `type`, `scope`, `area_name`, `is_active`, `uri`, `target`, `module_id`, `order_id`, `access_id`) VALUES (234,3,'navigation','backend','TXT_CORE_MODULE_DATA_ACCESS',1,'index.php?cmd=DataAccess','_self',113,5,205);
INSERT INTO `contrexx_backend_areas` (`area_id`, `parent_area_id`, `type`, `scope`, `area_name`, `is_active`, `uri`, `target`, `module_id`, `order_id`, `access_id`) VALUES(236, 3, "navigation", "backend", "TXT_CORE_MODULE_PRIVACY", 1, "index.php?cmd=Privacy", "_self", 46, 2, 207);
INSERT INTO `contrexx_component` (`id`, `name`, `type`) VALUES (2,'Stats','core_module');
INSERT INTO `contrexx_component` (`id`, `name`, `type`) VALUES (3,'Gallery','module');
INSERT INTO `contrexx_component` (`id`, `name`, `type`) VALUES (4,'Newsletter','module');
INSERT INTO `contrexx_component` (`id`, `name`, `type`) VALUES (5,'Search','core_module');
INSERT INTO `contrexx_component` (`id`, `name`, `type`) VALUES (6,'Contact','core_module');
INSERT INTO `contrexx_component` (`id`, `name`, `type`) VALUES (7,'Block','module');
INSERT INTO `contrexx_component` (`id`, `name`, `type`) VALUES (8,'News','core_module');
INSERT INTO `contrexx_component` (`id`, `name`, `type`) VALUES (9,'Media1','core_module');
INSERT INTO `contrexx_component` (`id`, `name`, `type`) VALUES (11,'Sitemap','core_module');
INSERT INTO `contrexx_component` (`id`, `name`, `type`) VALUES (13,'Ids','core_module');
INSERT INTO `contrexx_component` (`id`, `name`, `type`) VALUES (14,'Error','core');
INSERT INTO `contrexx_component` (`id`, `name`, `type`) VALUES (15,'Home','core_module');
INSERT INTO `contrexx_component` (`id`, `name`, `type`) VALUES (16,'Shop','module');
INSERT INTO `contrexx_component` (`id`, `name`, `type`) VALUES (18,'Login','core_module');
INSERT INTO `contrexx_component` (`id`, `name`, `type`) VALUES (21,'Calendar','module');
INSERT INTO `contrexx_component` (`id`, `name`, `type`) VALUES (23,'Access','core_module');
INSERT INTO `contrexx_component` (`id`, `name`, `type`) VALUES (24,'Media2','core_module');
INSERT INTO `contrexx_component` (`id`, `name`, `type`) VALUES (25,'Media3','core_module');
INSERT INTO `contrexx_component` (`id`, `name`, `type`) VALUES (39,'Media4','core_module');
INSERT INTO `contrexx_component` (`id`, `name`, `type`) VALUES (41,'Alias','core_module');
INSERT INTO `contrexx_component` (`id`, `name`, `type`) VALUES (44,'Imprint','core_module');
INSERT INTO `contrexx_component` (`id`, `name`, `type`) VALUES (45,'Agb','core_module');
INSERT INTO `contrexx_component` (`id`, `name`, `type`) VALUES (46,'Privacy','core_module');
INSERT INTO `contrexx_component` (`id`, `name`, `type`) VALUES (53,'Downloads','module');
INSERT INTO `contrexx_component` (`id`, `name`, `type`) VALUES (60,'MediaDir','module');
INSERT INTO `contrexx_component` (`id`, `name`, `type`) VALUES (61,'Captcha','core_module');
INSERT INTO `contrexx_component` (`id`, `name`, `type`) VALUES (63,'JsonData','core');
INSERT INTO `contrexx_component` (`id`, `name`, `type`) VALUES (66,'License','core_module');
INSERT INTO `contrexx_component` (`id`, `name`, `type`) VALUES (68,'FileSharing','module');
INSERT INTO `contrexx_component` (`id`, `name`, `type`) VALUES (69,'Crm','module');
INSERT INTO `contrexx_component` (`id`, `name`, `type`) VALUES (71,'FrontendEditing','core_module');
INSERT INTO `contrexx_component` (`id`, `name`, `type`) VALUES (72,'ContentManager','core');
INSERT INTO `contrexx_component` (`id`, `name`, `type`) VALUES (74,'SystemInfo','core');
INSERT INTO `contrexx_component` (`id`, `name`, `type`) VALUES (75,'ViewManager','core');
INSERT INTO `contrexx_component` (`id`, `name`, `type`) VALUES (76,'ComponentManager','core');
INSERT INTO `contrexx_component` (`id`, `name`, `type`) VALUES (77,'LanguageManager','core');
INSERT INTO `contrexx_component` (`id`, `name`, `type`) VALUES (78,'ContentWorkflow','core');
INSERT INTO `contrexx_component` (`id`, `name`, `type`) VALUES (79,'SystemLog','core');
INSERT INTO `contrexx_component` (`id`, `name`, `type`) VALUES (80,'Config','core');
INSERT INTO `contrexx_component` (`id`, `name`, `type`) VALUES (81,'Cache','core_module');
INSERT INTO `contrexx_component` (`id`, `name`, `type`) VALUES (83,'Media','core_module');
INSERT INTO `contrexx_component` (`id`, `name`, `type`) VALUES (84,'Security','core');
INSERT INTO `contrexx_component` (`id`, `name`, `type`) VALUES (85,'Csrf','core');
INSERT INTO `contrexx_component` (`id`, `name`, `type`) VALUES (86,'Session','core');
INSERT INTO `contrexx_component` (`id`, `name`, `type`) VALUES (87,'Message','core');
INSERT INTO `contrexx_component` (`id`, `name`, `type`) VALUES (88,'JavaScript','core');
INSERT INTO `contrexx_component` (`id`, `name`, `type`) VALUES (90,'Net','core');
INSERT INTO `contrexx_component` (`id`, `name`, `type`) VALUES (91,'Core','core');
INSERT INTO `contrexx_component` (`id`, `name`, `type`) VALUES (99,'Routing','core');
INSERT INTO `contrexx_component` (`id`, `name`, `type`) VALUES (101,'Uploader','core_module');
INSERT INTO `contrexx_component` (`id`, `name`, `type`) VALUES (102,'MediaBrowser','core_module');
INSERT INTO `contrexx_component` (`id`, `name`, `type`) VALUES (103,'Cron','core_module');
INSERT INTO `contrexx_component` (`id`, `name`, `type`) VALUES (104,'SysLog','core_module');
INSERT INTO `contrexx_component` (`id`, `name`, `type`) VALUES (105,'NetManager','core');
INSERT INTO `contrexx_component` (`id`, `name`, `type`) VALUES (106,'Wysiwyg','core');
INSERT INTO `contrexx_component` (`id`, `name`, `type`) VALUES (107,'User','core');
INSERT INTO `contrexx_component` (`id`, `name`, `type`) VALUES (108,'Html','core');
INSERT INTO `contrexx_component` (`id`, `name`, `type`) VALUES (109,'MediaSource','core');
INSERT INTO `contrexx_component` (`id`, `name`, `type`) VALUES (110,'TemplateEditor','core_module');
INSERT INTO `contrexx_component` (`id`, `name`, `type`) VALUES (111,'GeoIp','core_module');
INSERT INTO `contrexx_component` (`id`, `name`, `type`) VALUES (112,'DateTime','core');
INSERT INTO `contrexx_component` (`id`, `name`, `type`) VALUES (113,'DataAccess','core_module');
INSERT INTO `contrexx_component` (`id`, `name`, `type`) VALUES (114,'DataSource','core');
INSERT INTO `contrexx_component` (`id`, `name`, `type`) VALUES (115,'Sync2','core_module');
INSERT INTO `contrexx_component` (`id`, `name`, `type`) VALUES (116,'Model','core');
INSERT INTO `contrexx_component` (`id`, `name`, `type`) VALUES (117, 'Pdf','core_module');
INSERT INTO `contrexx_component` (`id`, `name`, `type`) VALUES (118, 'Setting','core');
INSERT INTO `contrexx_component` (`id`, `name`, `type`) VALUES (119,'Country','core');
INSERT INTO `contrexx_component` (`id`, `name`, `type`) VALUES (120,'View','core');
INSERT INTO `contrexx_component` (`id`, `name`, `type`) VALUES (121,'Locale','core');
INSERT INTO `contrexx_component` (`id`, `name`, `type`) VALUES (122, 'Widget','core_module');
INSERT INTO `contrexx_component` (`id`, `name`, `type`) VALUES (123, 'Legacy','core_module');
INSERT INTO `contrexx_component` (`id`, `name`, `type`) VALUES (124, 'MailTemplate','core');
INSERT INTO `contrexx_component` (`id`, `name`, `type`) VALUES (125, 'Usercache','core');
INSERT INTO `contrexx_content_node` (`id`, `parent_id`, `lft`, `rgt`, `lvl`) VALUES(1, NULL, 1, 46, 0);
INSERT INTO `contrexx_content_node` (`id`, `parent_id`, `lft`, `rgt`, `lvl`) VALUES(2, 1, 2, 3, 1);
INSERT INTO `contrexx_content_node` (`id`, `parent_id`, `lft`, `rgt`, `lvl`) VALUES(3, 1, 4, 17, 1);
INSERT INTO `contrexx_content_node` (`id`, `parent_id`, `lft`, `rgt`, `lvl`) VALUES(4, 3, 5, 6, 2);
INSERT INTO `contrexx_content_node` (`id`, `parent_id`, `lft`, `rgt`, `lvl`) VALUES(5, 3, 7, 8, 2);
INSERT INTO `contrexx_content_node` (`id`, `parent_id`, `lft`, `rgt`, `lvl`) VALUES(6, 3, 9, 10, 2);
INSERT INTO `contrexx_content_node` (`id`, `parent_id`, `lft`, `rgt`, `lvl`) VALUES(7, 3, 11, 12, 2);
INSERT INTO `contrexx_content_node` (`id`, `parent_id`, `lft`, `rgt`, `lvl`) VALUES(8, 3, 13, 14, 2);
INSERT INTO `contrexx_content_node` (`id`, `parent_id`, `lft`, `rgt`, `lvl`) VALUES(9, 3, 15, 16, 2);
INSERT INTO `contrexx_content_node` (`id`, `parent_id`, `lft`, `rgt`, `lvl`) VALUES(15, 1, 18, 19, 1);
INSERT INTO `contrexx_content_node` (`id`, `parent_id`, `lft`, `rgt`, `lvl`) VALUES(16, 1, 20, 45, 1);
INSERT INTO `contrexx_content_node` (`id`, `parent_id`, `lft`, `rgt`, `lvl`) VALUES(17, 16, 21, 22, 2);
INSERT INTO `contrexx_content_node` (`id`, `parent_id`, `lft`, `rgt`, `lvl`) VALUES(18, 16, 23, 24, 2);
INSERT INTO `contrexx_content_node` (`id`, `parent_id`, `lft`, `rgt`, `lvl`) VALUES(19, 16, 25, 32, 2);
INSERT INTO `contrexx_content_node` (`id`, `parent_id`, `lft`, `rgt`, `lvl`) VALUES(20, 19, 26, 27, 3);
INSERT INTO `contrexx_content_node` (`id`, `parent_id`, `lft`, `rgt`, `lvl`) VALUES(21, 19, 28, 29, 3);
INSERT INTO `contrexx_content_node` (`id`, `parent_id`, `lft`, `rgt`, `lvl`) VALUES(22, 19, 30, 31, 3);
INSERT INTO `contrexx_content_node` (`id`, `parent_id`, `lft`, `rgt`, `lvl`) VALUES(23, 16, 33, 34, 2);
INSERT INTO `contrexx_content_node` (`id`, `parent_id`, `lft`, `rgt`, `lvl`) VALUES(24, 16, 35, 36, 2);
INSERT INTO `contrexx_content_node` (`id`, `parent_id`, `lft`, `rgt`, `lvl`) VALUES(25, 16, 37, 38, 2);
INSERT INTO `contrexx_content_node` (`id`, `parent_id`, `lft`, `rgt`, `lvl`) VALUES(26, 16, 39, 40, 2);
INSERT INTO `contrexx_content_node` (`id`, `parent_id`, `lft`, `rgt`, `lvl`) VALUES(27, 16, 41, 42, 2);
INSERT INTO `contrexx_content_node` (`id`, `parent_id`, `lft`, `rgt`, `lvl`) VALUES(28, 16, 43, 44, 2);
INSERT INTO `contrexx_content_page` (`id`, `node_id`, `nodeIdShadowed`, `lang`, `type`, `caching`, `updatedAt`, `updatedBy`, `title`, `linkTarget`, `contentTitle`, `slug`, `content`, `sourceMode`, `customContent`, `useCustomContentForAllChannels`, `applicationTemplate`, `useCustomApplicationTemplateForAllChannels`, `cssName`, `cssNavName`, `skin`, `useSkinForAllChannels`, `metatitle`, `metadesc`, `metakeys`, `metarobots`, `metaimage`, `start`, `end`, `editingStatus`, `protection`, `frontendAccessId`, `backendAccessId`, `display`, `active`, `target`, `module`, `cmd`) VALUES(1, 2, 2, 1, 'application', 0, '2014-09-01 22:00:00', 'system', 'Willkommen', '', 'Cloudrexx', 'Willkommen', '<p>Herzlichen Dank, dass Sie f&uuml;r Ihr Webprojekt <a href=\"https://www.cloudrexx.com\" target=\"_blank\">Cloudrexx&reg;</a> einsetzen!<br />\r\n<br />\r\nStarten Sie mit dem Aufbau der Website in wenigen Klicks. Cloudrexx bietet Ihnen eine maximale Flexibilit&auml;t und umfangreiche Funktionen, um ein erfolgreiches Online-Business zu betreiben.</p>\r\n', 0, '', 0, '', 0, '', '', 0, 0, 'Willkommen bei der erfolgreichen Installation von Cloudrexx®', 'Willkommen bei der erfolgreichen Installation von Cloudrexx®', 'Willkommen bei der erfolgreichen Installation von Cloudrexx®', '1', '', NULL, NULL, '', 0, 0, 0, 1, 1, '', 'Home', '');
INSERT INTO `contrexx_content_page` (`id`, `node_id`, `nodeIdShadowed`, `lang`, `type`, `caching`, `updatedAt`, `updatedBy`, `title`, `linkTarget`, `contentTitle`, `slug`, `content`, `sourceMode`, `customContent`, `useCustomContentForAllChannels`, `applicationTemplate`, `useCustomApplicationTemplateForAllChannels`, `cssName`, `cssNavName`, `skin`, `useSkinForAllChannels`, `metatitle`, `metadesc`, `metakeys`, `metarobots`, `metaimage`, `start`, `end`, `editingStatus`, `protection`, `frontendAccessId`, `backendAccessId`, `display`, `active`, `target`, `module`, `cmd`) VALUES(2, 2, 2, 2, 'application', 0, '2014-09-01 22:00:00', 'system', 'Welcome', '', 'Welcome and congratulations', 'Willkommen', '{APPLICATION_DATA}', 0, '', NULL, NULL, NULL, '', '', 0, NULL, 'Willkommen bei der erfolgreichen Installation von Cloudrexx®', 'Willkommen bei der erfolgreichen Installation von Cloudrexx®', 'Willkommen bei der erfolgreichen Installation von Cloudrexx®', 'index', NULL, NULL, NULL, '', 0, 0, 0, 1, 1, '', 'Home', '');
INSERT INTO `contrexx_content_page` (`id`, `node_id`, `nodeIdShadowed`, `lang`, `type`, `caching`, `updatedAt`, `updatedBy`, `title`, `linkTarget`, `contentTitle`, `slug`, `content`, `sourceMode`, `customContent`, `useCustomContentForAllChannels`, `applicationTemplate`, `useCustomApplicationTemplateForAllChannels`, `cssName`, `cssNavName`, `skin`, `useSkinForAllChannels`, `metatitle`, `metadesc`, `metakeys`, `metarobots`, `metaimage`, `start`, `end`, `editingStatus`, `protection`, `frontendAccessId`, `backendAccessId`, `display`, `active`, `target`, `module`, `cmd`) VALUES(3, 3, 3, 1, 'redirect', 0, '2014-09-01 22:00:00', 'system', 'Erste Schritte', '', 'Erste Schritte', 'Erste-Schritte', '', 0, '', NULL, NULL, NULL, '', '', 0, NULL, 'Informationen', 'Informationen', 'Informationen', 'index', NULL, NULL, NULL, '', 0, 0, 0, 1, 1, '[[NODE_4]]', '', '');
INSERT INTO `contrexx_content_page` (`id`, `node_id`, `nodeIdShadowed`, `lang`, `type`, `caching`, `updatedAt`, `updatedBy`, `title`, `linkTarget`, `contentTitle`, `slug`, `content`, `sourceMode`, `customContent`, `useCustomContentForAllChannels`, `applicationTemplate`, `useCustomApplicationTemplateForAllChannels`, `cssName`, `cssNavName`, `skin`, `useSkinForAllChannels`, `metatitle`, `metadesc`, `metakeys`, `metarobots`, `metaimage`, `start`, `end`, `editingStatus`, `protection`, `frontendAccessId`, `backendAccessId`, `display`, `active`, `target`, `module`, `cmd`) VALUES(4, 4, 4, 1, 'content', 1, '2014-09-01 22:00:00', 'system', 'Was ist Cloudrexx?', '', 'Cloudrexx® Web Content Management System (WCMS)', 'Was-ist-Cloudrexx', 'Mit dem modular aufgebauten Web Content Management System Cloudrexx&nbsp;ist das Verwalten von anwendungsreichen Webseiten spielend einfach. Dank der &uuml;bersichtlichen Administrationsoberfl&auml;che haben Sie die Inhalte und Module stets unter Kontrolle.<br />\r\n<br />\r\nDoch Cloudrexx bietet weit mehr, als eine leicht verst&auml;ndliche Verwaltung Ihres Webauftritts. Die Software ist ein Gesamtpaket, das alle wichtigen Anwendungen beinhaltet, die eine moderne Webseite braucht.\r\n<h3>Was k&ouml;nnen Sie mit Cloudrexx erreichen?</h3>\r\n\r\n<ul>\r\n	<li><strong>Web Content Management:</strong>&nbsp;Mit Cloudrexx Erstellen und Verwalten Sie Ihrer Website schnell und einfach. In der WYSIWYG-Umgebung funktioniert das Gestalten von Inhaltsseiten mit Texten, Tabellen und Bildern &auml;hnlich wie bei Word. Alle Inhaltsseiten sind in der &uuml;bersichtlichen Seitenverwaltung abgelegt. Dort besteht ausserdem die M&ouml;glichkeit, Benutzergruppen zu erstellen und Benutzerrechte zu definieren.</li>\r\n	<li><strong>Online Marketing:&nbsp;</strong>Cloudrexx bietet ein umfassendes Set an Funktionen, um ohne zus&auml;tzliche Spezialsoftware Online-Marketing &nbsp;zu betreiben. Optimieren Sie mit Cloudrexx Ihre Website dank ausgefeilter Search Engine Optimization (SEO) oder machen Sie Ihre Kunden mit regelm&auml;ssigen Newslettern gezielt &nbsp;auf neue Produkte oder Aktionen aufmerksam. Die Anbindung an die Social-Media-Kan&auml;le ist ebenfalls gew&auml;hrleistet.</li>\r\n	<li><strong>E-Commerce:</strong>&nbsp;Bauen Sie Ihre Website mit Cloudrexx zum Verkaufskanal aus. Die Software enth&auml;lt ein voll funktionst&uuml;chtiges Shop-Modul, in das Sie Produkteinfos und Fotos einpflegen sowie die Bezahlung abwickeln k&ouml;nnen. Per Knopfdruck k&ouml;nnen Sie die Produkte ver&ouml;ffentlichen und ab sofort zum Verkauf anbieten. Dank der Anbindung verschiedener Zahlungsanbieter k&ouml;nnen Sie praktisch alle verf&uuml;gbaren Zahlungsarten anbieten.</li>\r\n	<li><strong>CRM:</strong>&nbsp;Erh&ouml;hen Sie die Zufriedenheit Ihrer Kunden durch ein professionelles Kundenbeziehungsmanagement. Bearbeiten Sie Kundenanfragen ohne Umweg &uuml;ber ein zus&auml;tzliches Tool direkt in Cloudrexx und profitieren von den Synergien zu den anderen Modulen. Bedienen Sie Ihre Zielgruppen bed&uuml;rfnisgerecht und individuell.</li>\r\n	<li><strong>Analytics:</strong>&nbsp;Wer die besten Informationen rechtzeitig, komplett und am richtigen Ort zur Hand hat, setzt sich durch. Messen Sie zum Beispiel, wer Ihre Website besucht, welches Ihre bestbesuchten Seiten sind und von wo die Besucher herkommen. Nutzen Sie diese Informationen, um Ihren Auftritt und Ihr Angebot zu optimieren. Erkennen Sie dank den &uuml;bersichtlichen Charts in Cloudrexx die neusten Trends.</li>\r\n	<li><strong>Media Asset Management:</strong>&nbsp;Cloudrexx beinhaltet ein System zum Verwalten aller g&auml;ngigen Dateiformate. Medienmanager und Bildmanager erlauben das nachtr&auml;gliche Bearbeiten von Bildern, das Bereitstellen von Downloads sowie ein intelligentes System zum Verschicken von Downloadlinks. Zudem laden Sie mit dem Multi-File-Uploader beliebig viele Dateien gleichzeitig in k&uuml;rzester Zeit hoch.</li>\r\n</ul>\r\nAlle weiteren Anwendungen von Cloudrexx sind <a href=\"{NODE_5}\">hier</a> zu finden.\r\n\r\n<h3>Professioneller und innovativer Vertrieb</h3>\r\nCloudrexx&reg; wird weltweit &uuml;ber ein Partnernetzwerk vertrieben. Die <a href=\"http://www.cloudrexx.com/de/partner/verzeichnis\">Cloudrexx&reg; L&ouml;sungspartner</a> sind autorisierte Partner, die ausgewiesene Kompetenzen im den Bereichen WebDesign, Grafik oder Internetmarketing besitzen. Damit erhalten Sie als Kunde professionelle Unterst&uuml;tzung mit hohen Kompetenzen aus Ihrer N&auml;he.', 0, '', NULL, NULL, NULL, 'informationen', '', 0, NULL, 'Cloudrexx® Web Content Management System (WCMS)', 'Cloudrexx® Web Content Management System (WCMS)', 'Cloudrexx® Web Content Management System (WCMS)', '', NULL, NULL, NULL, '', 0, 0, 0, 1, 1, '', '', '');
INSERT INTO `contrexx_content_page` (`id`, `node_id`, `nodeIdShadowed`, `lang`, `type`, `caching`, `updatedAt`, `updatedBy`, `title`, `linkTarget`, `contentTitle`, `slug`, `content`, `sourceMode`, `customContent`, `useCustomContentForAllChannels`, `applicationTemplate`, `useCustomApplicationTemplateForAllChannels`, `cssName`, `cssNavName`, `skin`, `useSkinForAllChannels`, `metatitle`, `metadesc`, `metakeys`, `metarobots`, `metaimage`, `start`, `end`, `editingStatus`, `protection`, `frontendAccessId`, `backendAccessId`, `display`, `active`, `target`, `module`, `cmd`) VALUES(5, 4, 4, 2, 'fallback', 0, '2014-09-01 22:00:00', 'system', 'Was ist Cloudrexx?', '', 'Cloudrexx® Web Content Management System (WCMS)', 'Was-ist-Cloudrexx', '<p>The <a href=\"http://www.cloudrexx.com\" class=\"out\">Cloudrexx&reg; Web Content Management System (WCMS)</a> provides you a fast, user friendly and safe way in creating intranet, extranet and internet websites. Using <a href=\"http://www.cloudrexx.com/en/index.php?page=1679\" class=\"out\">standardized modules</a> of Cloudrexx&reg; you are able to quickly realize individual requirements, even supported by professionals where needed.<br />\r\nThe web based system has been optimized for the management of flexible internet and intranet solutions.<br />\r\n<br />\r\nThe download version comes with an integrated web based installer as well as several modules like the Link Directory, Podcast Directory, Online Counter, Address Management, Sitemap, Photo Gallery, Newsletter, Guestbook, RSS Feed Directory, News System, Survey System, Online Shop, Block System and the ability to protect selected sections from public access.</p>\r\n<h2>Professional and Innovative Distribution</h2>\r\nCloudrexx&reg; is distributed worldwide through a network of partner companies. <a aiotitle=\"Cloudrexx&reg; Solutions Partner\" href=\"http://www.cloudrexx.com/en/index.php?page=1623\" class=\"out\">Cloudrexx&reg; Solutions Partners</a> are authorized partner who have a comprehensive knowledge in the domains of web design, graphics and e-commerce. This provides you as a customer with professional support out of your surrounding area.', 0, '', NULL, NULL, NULL, 'informationen', '', 0, NULL, 'Cloudrexx® Web Content Management System (WCMS)', 'Cloudrexx® Web Content Management System (WCMS)', 'Cloudrexx® Web Content Management System (WCMS)', 'index', NULL, NULL, NULL, '', 0, 0, 0, 1, 1, '', '', '');
INSERT INTO `contrexx_content_page` (`id`, `node_id`, `nodeIdShadowed`, `lang`, `type`, `caching`, `updatedAt`, `updatedBy`, `title`, `linkTarget`, `contentTitle`, `slug`, `content`, `sourceMode`, `customContent`, `useCustomContentForAllChannels`, `applicationTemplate`, `useCustomApplicationTemplateForAllChannels`, `cssName`, `cssNavName`, `skin`, `useSkinForAllChannels`, `metatitle`, `metadesc`, `metakeys`, `metarobots`, `metaimage`, `start`, `end`, `editingStatus`, `protection`, `frontendAccessId`, `backendAccessId`, `display`, `active`, `target`, `module`, `cmd`) VALUES(6, 5, 5, 1, 'content', 0, '2014-09-01 22:00:00', 'system', 'Übersicht Anwendungen', '', 'Übersicht Anwendungen', 'Uebersicht-Anwendungen', 'Cloudrexx beinhaltet &uuml;ber 20 Anwendungen, unterteilt in Standardanwendungen sowie optional nutzbare Anwendungen.&nbsp;\r\n<h2 style=\"font-size: 21px;\">Standardanwendungen</h2>\r\n\r\n<h3>Access</h3>\r\nRegeln Sie die Administrationsrechte f&uuml;r die Bearbeitung Ihrer Website und erstellen verschiedene Benutzerbereiche transparent und einfach und erh&ouml;hen damit die Sicherheit Ihrer Website. &nbsp;\r\n\r\n<h3>Contact</h3>\r\nBieten Sie den Website-Besuchern eine bequeme Kontaktm&ouml;glichkeit. Neue Eintr&auml;ge werden an eine definierte Email Adresse geschickt sowie im System abgelegt.\r\n\r\n<h3>News</h3>\r\nLancieren Sie ein neues Produkt, organisieren einen Event oder haben neue Leute im Team? Dann halten Sie die Website-Besucher mit News auf dem Laufenden.\r\n\r\n<h3>Search</h3>\r\nJe umfangreicher die Website, desto wichtiger wird die Suche. Damit durchsuchen Website-Besucher ganz einfach die Inhaltsseiten sowie die News auf Ihrer Website.\r\n\r\n<h3>Sitemap</h3>\r\nBieten Sie den Website-Besuchern eine &Uuml;bersicht &uuml;ber die Website-Struktur.\r\n\r\n<h2>Optionale Anwendungen</h2>\r\n\r\n<h3>Directory</h3>\r\nVerwalten Sie Eintr&auml;ge zu Produkten oder Angeboten, weisen diesen Kategorien zu, erg&auml;nzen weitere Informationen und binden zus&auml;tzliche Dateien ein.\r\n\r\n<h3>Downloads</h3>\r\nErstellen Sie auf Ihrer Website einen Downloadbereich an. Diesen k&ouml;nnen Sie nach Kategorien strukturieren und die Dateien mit Informationen wie Beschreibung, Gr&ouml;sse, Screenshot oder Bewertung versehen.\r\n\r\n<h3>Galerie</h3>\r\nBeinhaltet eine Bildergalerie mit Kategorien und Unterkategorien, automatisch generierten Vorschaubildern sowie einem aktivierbaren Bewertungs - und Kommentarsystem.\r\n\r\n<h3>Jobs</h3>\r\nNutzen Sie das Jobs-Modul, um Ihre Stellen auszuschreiben. Sie k&ouml;nnen dort Ihre Inserate bei Bedarf in mehrere Kategorien unterteilen und den potenziellen Kandidaten ein Bewerbungsformular anbieten.\r\n\r\n<h3>Kalender</h3>\r\nMit dem umfangreichen Veranstaltungskalender pr&auml;sentieren Sie nicht nur die n&auml;chsten Anl&auml;sse auf Ihrer Website, sondern verwalten gleichzeitig auch die Anmeldungen.\r\n\r\n<h3>Knowledge</h3>\r\nSie verf&uuml;gen in Ihrem Bereich &uuml;ber Expertenwissen? Dann nutzen Sie dieses und legen eine Wissensdatenbank oder ein Glossar an. Durch eine gezielte Indexierung finden Ihre Website-Besucher jederzeit wieder.\r\n\r\n<h3>Livecam</h3>\r\nSie suchen eine Livecam-L&ouml;sung? Mit Cloudrexx integrieren Sie Livecam-&Uuml;bertragungen problemlos Ihre Website. Das Bild wird jede Minute automatisch aktualisiert. Ihre Kunden bleiben stets auf dem neusten Stand.\r\n\r\n<h3>Media Directory</h3>\r\nDieses umfangreiche Modul baut auf dem Directory auf. Inhalte k&ouml;nnen mit Ebenen und Kategorien versehen werden. Ausserdem ist die Anzahl von Eingabefeldern unbegrenzt.\r\n\r\n<h3>Media Manager</h3>\r\nVerwalten Sie Dokumente wie Produktebrosch&uuml;ren und Jahresberichte komfortabel &uuml;ber den Mediamanager. Es besteht die M&ouml;glichkeit, verschiedene Verzeichnisse zu erstellen.\r\n\r\n<h3>Newsletter</h3>\r\nVersorgen Sie Ihre Zielgruppen bed&uuml;rfnisgerecht und individuell regelm&auml;ssig mit den wichtigsten Informationen zu Ihren Produkten und Dienstleistungen.\r\n\r\n<h3>Online Zahlung</h3>\r\nDank der Anbindung verschiedener Zahlungsanbieter k&ouml;nnen Sie praktisch alle verf&uuml;gbaren Zahlungsarten anbieten.\r\n\r\n<h3>Shop</h3>\r\nDer umfangreiche Webshop von Cloudrexx kann bequem mittels Webinterface administriert und auf die Bed&uuml;rfnisse des Betreibers angepasst werden.', 0, '', NULL, NULL, NULL, '', '', 0, NULL, 'Übersicht Anwendungen', 'Übersicht Anwendungen', 'Übersicht Anwendungen', '1', NULL, NULL, NULL, '', 0, 0, 0, 1, 1, '', '', '');
INSERT INTO `contrexx_content_page` (`id`, `node_id`, `nodeIdShadowed`, `lang`, `type`, `caching`, `updatedAt`, `updatedBy`, `title`, `linkTarget`, `contentTitle`, `slug`, `content`, `sourceMode`, `customContent`, `useCustomContentForAllChannels`, `applicationTemplate`, `useCustomApplicationTemplateForAllChannels`, `cssName`, `cssNavName`, `skin`, `useSkinForAllChannels`, `metatitle`, `metadesc`, `metakeys`, `metarobots`, `metaimage`, `start`, `end`, `editingStatus`, `protection`, `frontendAccessId`, `backendAccessId`, `display`, `active`, `target`, `module`, `cmd`) VALUES(7, 5, 5, 2, 'fallback', 0, '2014-09-01 22:00:00', 'system', 'Übersicht Anwendungen', '', 'Übersicht Anwendungen', 'Uebersicht-Anwendungen', '', 0, '', NULL, NULL, NULL, '', '', 0, NULL, 'Übersicht Anwendungen', 'Übersicht Anwendungen', 'Übersicht Anwendungen', '1', NULL, NULL, NULL, '', 0, 0, 0, 1, 1, '', '', '');
INSERT INTO `contrexx_content_page` (`id`, `node_id`, `nodeIdShadowed`, `lang`, `type`, `caching`, `updatedAt`, `updatedBy`, `title`, `linkTarget`, `contentTitle`, `slug`, `content`, `sourceMode`, `customContent`, `useCustomContentForAllChannels`, `applicationTemplate`, `useCustomApplicationTemplateForAllChannels`, `cssName`, `cssNavName`, `skin`, `useSkinForAllChannels`, `metatitle`, `metadesc`, `metakeys`, `metarobots`, `metaimage`, `start`, `end`, `editingStatus`, `protection`, `frontendAccessId`, `backendAccessId`, `display`, `active`, `target`, `module`, `cmd`) VALUES(8, 6, 6, 1, 'content', 0, '2014-09-01 22:00:00', 'system', 'Erste Schritte', '', 'Ihre ersten Schritte mit dem Cloudrexx® WCMS', 'Erste-Schritte', 'In diesem Beitrag lernen Sie die ersten Schritte mit Cloudrexx&reg;. Wir w&uuml;nschen Ihnen viel Spass und Erfolg bei der Umsetzung. F&uuml;r allf&auml;llige Fragen stehen Ihnen die folgenden <a href=\"{NODE_7}\">Mittel zur Verf&uuml;gung</a>.\r\n\r\n<h2>Einf&uuml;hrung</h2>\r\nDas Backend-System ist die Administrationskonsole. In diesem Bereich k&ouml;nnen Sie Cloudrexx administrieren, neue Seiten erstellen, Inhalte anpassen und vieles mehr. Das Frontend-System ist der Internetauftritt, welche Ihre Besucher erleben. Ein Theme ist das hinterlegte WebDesign.\r\n\r\n<h2>Im Backend einloggen</h2>\r\n\r\n<p>Bitte folgen Sie dazu diesen Schritten:</p>\r\n\r\n<ul>\r\n	<li>Melden Sie sich im Cloudrexx an. Geben Sie dazu in der Adresszeile im Browser Ihre Domain ein und f&uuml;gen anschliessend &quot;cadmin&quot; hinzu. Beispielsweise &quot;http://www.musterseite.eu/cadmin&quot;</li>\r\n	<li>Danach erscheint die Anmeldemaske.</li>\r\n	<li>Geben Sie bitte die folgenden Daten ein:<br />\r\n	Sicherheitscode: Bitte wiederholen Sie den sichtbaren Code (dieser Code wird als Bild generiert und kann von Hackerwerkzeugen nicht erfasst werden)<br />\r\n	Benutzernamen: gem&auml;ss Angaben im Installer<br />\r\n	Pa&szlig;wort: gem&auml;ss Angaben im Installer</li>\r\n	<li>Empfehlung: vervollst&auml;ndigen Sie in einem ersten Schritt die Angaben in den Grundeinstellungen unter dem Navigationspunkt &quot;Administration&quot; auf der linken Seite.</li>\r\n</ul>\r\n\r\n<h2>Mit dem Content Manager arbeiten</h2>\r\n\r\n<p>Nach dem erfolgreichen Anmelden im Backend-Bereich k&ouml;nnen Sie Seiten erstellen. Um einen neuen Artikel anzulegen, w&auml;hlen Sie die Funktion &quot;Content Management - Neue Seite&quot; auf der linken Seite. Danach definieren Sie die Artikeleigenschaften, insbesondere den Linknamen, Seitentitel und die Meta Angaben des Artikels (diese Angaben sind f&uuml;r Suchamschinen relevant). Mit Hilfe des WYSIWYG-Editors k&ouml;nnen Sie die Inhalte eingeben und speichern. Im Editor stehen Ihnen die aus der Textverarbeitung bekannten Funktionalit&auml;ten zur Verf&uuml;gung. Auch die Integration von Medien und Verlinkungen erfolgt &uuml;ber den Editor. Bitte verwenden Sie in der Formatierung des Textes die Formate aus dem Editor (Beispielsweise &Uuml;berschrift 1 oder Text). Wie die &Uuml;berschrift oder ein Text im Frontend aussieht, wird im Design und Layout definiert. Ein weiterer Zusatznutzen ist, dass Suchmaschinen eine definierte &Uuml;berschrift 1 (im HTML Code entspricht dies einem H1) besser indexieren, weil &Uuml;berschirften aus der Sicht einer Suchmaschine relevanter sind.</p>\r\n\r\n<h2>Module und Themes - flexibel und erweiterbar</h2>\r\n\r\n<p>Der Aufbau von Cloudrexx basiert auf den folgenden Elementen:</p>\r\n\r\n<ul>\r\n	<li>Core System</li>\r\n	<li>Themes</li>\r\n	<li>Module</li>\r\n	<li>Inhalte</li>\r\n</ul>\r\n\r\n<p>Sogenannte Themes sind in XHTML programmiert und definieren das Erscheinungsbild der Webseite. Dabei werden im XHTML-Quelltext Platzhalter hinterlegt. Diese Platzhalter beinhalten weitere Dateien und Funktionalit&auml;ten, die sp&auml;ter auf der Website integriert werden.<br />\r\n<br />\r\nHinweis: Freie Cloudrexx Frontend-Templates k&ouml;nnen <a href=\"http://www.cloudrexx.com/templates\" target=\"_blank\">hier</a> heruntergeladen werden.</p>\r\n\r\n<p>Module sind in PHP programmiert und stellen die Funktionalit&auml;ten einer Webseite dar. Standardmodule sind die Darstellung von Texten und Navigation, Sitemap, Kontaktformulare, Suchen etc. Module bestehen aus einem Backend- und einem Frontend Bereich. Im Backendbereich kann der Administrator Einstellungen vornehmen, bspw. an welche e-Mail Adresse nach Ausf&uuml;llen eines Kontaktformulars eine Benachrichtigung versendet werden soll. Im Frontend Bereich wird die Ausgabe und Verarbeitung von Daten auf dem Onlinedienst gesteuert. Cloudrexx Templates f&uuml;hren Layouts und Module zusammen. Durch Auswahl eines Layouts im Template ist die Anzahl und Position von Platzhaltern vorbestimmt. F&uuml;r jeden dieser Container kann nun der Administrator ein Modul definieren, das dort ausgef&uuml;hrt werden soll.</p>\r\n', 0, '', NULL, NULL, NULL, '', '', 0, NULL, 'Ihre ersten Schritte mit dem Cloudrexx® WCMS', 'Ihre ersten Schritte mit dem Cloudrexx® WCMS', 'Ihre ersten Schritte mit dem Cloudrexx® WCMS', 'index', NULL, NULL, NULL, '', 0, 0, 0, 1, 1, '', '', '');
INSERT INTO `contrexx_content_page` (`id`, `node_id`, `nodeIdShadowed`, `lang`, `type`, `caching`, `updatedAt`, `updatedBy`, `title`, `linkTarget`, `contentTitle`, `slug`, `content`, `sourceMode`, `customContent`, `useCustomContentForAllChannels`, `applicationTemplate`, `useCustomApplicationTemplateForAllChannels`, `cssName`, `cssNavName`, `skin`, `useSkinForAllChannels`, `metatitle`, `metadesc`, `metakeys`, `metarobots`, `metaimage`, `start`, `end`, `editingStatus`, `protection`, `frontendAccessId`, `backendAccessId`, `display`, `active`, `target`, `module`, `cmd`) VALUES(9, 6, 6, 2, 'fallback', 0, '2014-09-01 22:00:00', 'system', 'Erste Schritte', '', 'Ihre ersten Schritte mit dem Cloudrexx® WCMS', 'Erste-Schritte', 'This section provides you the basic knowledge to start working with Cloudrexx&reg;. We hope you\'ll enjoin it and wish you great success in realizing your first project. If you have any questions, please have a look at the <a href=\"index.php?page=1284\">support section</a> to get an overview of where you can get help or support.<br />\r\n<br />\r\n<h2>Introduction</h2>\r\nThe backend interface aka administration console is where you manage your website like for instance create new web pages. On the other side there is the frontend interface which is the actual website resp. what your visitors see when they\'re visiting your website. The web design of your website is referred as theme.<br />\r\n<h2>Authenticate at the backend interface</h2>\r\n<p>Follow these instructions:</p>\r\n<ul>\r\n    <li>Enter the URL of your Domain in the address bar of your browser and add the suffix &quot;cadmin&quot; at the end of the URL. For instance &quot;http://www.example.com/cadmin&quot;</li>\r\n    <li>After the request has been completed you should see the login form.</li>\r\n    <li>Complete the form as follows:<br />\r\n    Fill out the security code: Retype the security code from above<br />\r\n    Username: according to your setting within the web installer<br />\r\n    Password: according to your setting within the web installer</li>\r\n    <li>Advise: as a first step you should fill out the informations in the Global Configuration section beyond the navigation point Administration on the left side.</li>\r\n</ul>\r\n<h2>Working with the Content Manager</h2>\r\n<p>After you have been successfully authenticated within the backend interface you will be able to create new web pages. To do that, select the function &quot;Content Management - New page&quot; on the left side of the interface. You can now set the desired attributes of your new page. Especially you probably wanna set the link name and page title as well as several meta attributes (those are relevant for search engines). To create the virtually content of the page you have a powerful WYSIWYG-editor on your side. The editor provides all common known features from word processing applications. As an advise, always use the provided formats of the editor when formatting headlines (for instance Heading 1 or Normal). The effective look of the headlines and text should then be defined in the theme (the design and layout of the website). This method is very important on how search engines analyze your website. Headlines which in general are based on keywords that best describe or summarize a certain page will get a higher rated by the search engine due it is marked as such one (setting the format Headline 1 on the headline will put it within a H1 HTML-tag).</p>\r\n<h2>Modules and Themes - flexible and extendable</h2>\r\n<p>The architecture of Cloudrexx is based on those elements:</p>\r\n<ul>\r\n    <li>Core System</li>\r\n    <li>Themes</li>\r\n    <li>Modules</li>\r\n    <li>Content template</li>\r\n</ul>\r\n<p>So called themes are biuld in XHTML and define the layout of the website. The output of the several features of Cloudrexx is then put into the XHTML source code using placeholders.<br />\r\n<br />\r\nHint: Check out the official <a class=\"out\" href=\"http://www.Cloudrexxthemes.com/\">repository of Cloudrexx themes</a></p>\r\n<p>The modules are developed in PHP and provide the base of the function set. The core system provides the basic features like the output of pages, the site navigation, a sitemap etc. A module consists of a backend and a frontend section. The backed is used by an administrator to manage the module and the frontend is what the visitor will see in the end when he visits that part of the website that uses the according module. Finally the content templates act as in interface between the modules and the theme. The template defines how the output of the module should be displayed within theme.</p>', 0, '', NULL, NULL, NULL, '', '', 0, NULL, 'Ihre ersten Schritte mit dem Cloudrexx® WCMS', 'Ihre ersten Schritte mit dem Cloudrexx® WCMS', 'Ihre ersten Schritte mit dem Cloudrexx® WCMS', 'index', NULL, NULL, NULL, '', 0, 0, 0, 1, 1, '', '', '');
INSERT INTO `contrexx_content_page` (`id`, `node_id`, `nodeIdShadowed`, `lang`, `type`, `caching`, `updatedAt`, `updatedBy`, `title`, `linkTarget`, `contentTitle`, `slug`, `content`, `sourceMode`, `customContent`, `useCustomContentForAllChannels`, `applicationTemplate`, `useCustomApplicationTemplateForAllChannels`, `cssName`, `cssNavName`, `skin`, `useSkinForAllChannels`, `metatitle`, `metadesc`, `metakeys`, `metarobots`, `metaimage`, `start`, `end`, `editingStatus`, `protection`, `frontendAccessId`, `backendAccessId`, `display`, `active`, `target`, `module`, `cmd`) VALUES(10, 7, 7, 1, 'content', 0, '2014-09-01 22:00:00', 'system', 'Cloudrexx Support', '', 'Cloudrexx Support', 'Cloudrexx-Support', 'Die Erfahrung zeigt, dass Cloudrexx zuverl&auml;ssig funktioniert. Sollten Sie trotzdem Unterst&uuml;tzung ben&ouml;tigen, stehen wir Ihnen mit den folgenden Instrumenten sehr gerne zur Verf&uuml;gung.\r\n<ul>\r\n	<li><a class=\"out\" href=\"http://www.cloudrexx.com/wiki/de/\" target=\"_blank\">Dokumentation</a>: Das Dokumentationsportal f&uuml;r Cloudrexx Anwender und Entwickler.</li>\r\n	<li><a class=\"out\" href=\"http://www.cloudrexx.com/forum/forumdisplay.php?f=68\" target=\"_blank\">Cloudrexx - Forum</a>: Weiterf&uuml;hrende Unterst&uuml;tzung erhalten Sie von der Cloudrexx Community im Open Source Forum.</li>\r\n	<li><a class=\"out\" href=\"http://bugs.cloudrexx.com\" target=\"_blank\">Bugtracker</a>: Hier wird eine aktuelle Liste der bekannten Fehler, sowie der geplanten/gew&uuml;nschten Verbesserungen und Erweiterungen der Cloudrexx Software gef&uuml;hrt.</li>\r\n	<li><a class=\"out\" href=\"http://support.cloudrexx.com\" target=\"_blank\">Support - Ticket f&uuml;r Cloudrexx - Kunden</a>: Cloudrexx - Kunden k&ouml;nnen unter diesem Link ein Support-Ticket er&ouml;ffnen. Die Anfrage wird in das Ticketing-System geleitet und damit wird gew&auml;hrleistet, dass Ihre Anfrage rasch und zuverl&auml;ssig beantwortet wird. Nutzer der kostenlosen Opensource Version stehen die obigen M&ouml;glichkeiten zur Verf&uuml;gung.</li>\r\n</ul>\r\n', 0, '', NULL, NULL, NULL, '', '', 0, NULL, 'Cloudrexx Support', 'Cloudrexx Support', 'Cloudrexx Support', 'index', NULL, NULL, NULL, '', 0, 0, 0, 1, 1, '', '', '');
INSERT INTO `contrexx_content_page` (`id`, `node_id`, `nodeIdShadowed`, `lang`, `type`, `caching`, `updatedAt`, `updatedBy`, `title`, `linkTarget`, `contentTitle`, `slug`, `content`, `sourceMode`, `customContent`, `useCustomContentForAllChannels`, `applicationTemplate`, `useCustomApplicationTemplateForAllChannels`, `cssName`, `cssNavName`, `skin`, `useSkinForAllChannels`, `metatitle`, `metadesc`, `metakeys`, `metarobots`, `metaimage`, `start`, `end`, `editingStatus`, `protection`, `frontendAccessId`, `backendAccessId`, `display`, `active`, `target`, `module`, `cmd`) VALUES(11, 7, 7, 2, 'fallback', 0, '2014-09-01 22:00:00', 'system', 'Cloudrexx Support', '', 'Cloudrexx Support', 'Cloudrexx-Support', 'If you need assistance in the usage of Cloudrexx or if you have any questions please don\'t hesitate to look up one of the following sections:<br />\r\n<ul>\r\n    <li><a class=\"out\" href=\"http://www.cloudrexx.com/wiki/en/\">Documentation</a>: The wiki based documentation portal for Cloudrexx users and developers.</li>\r\n    <li><a class=\"out\" href=\"http://www.cloudrexx.com/forum/forumdisplay.php?f=69\">Cloudrexx - Forum</a>: Further support is provided by the Cloudrexx community in the open source forum.</li>\r\n    <li><a class=\"out\" href=\"http://bugs.cloudrexx.com\">Bugtracker</a>: Maintained list of current known bugs as well as planned features and improvements for Cloudrexx.</li>\r\n    <li><a class=\"out\" href=\"http://support.cloudrexx.com/index.php\">Support - Ticket for Cloudrexx - Customers</a>: Cloudrexx - Customers have to possibility to open a support-ticket. Tickets will be answered quickly and it\'s support is reliable. Users of the free opensource version can use one of the three other methods above.</li>\r\n</ul>', 0, '', NULL, NULL, NULL, '', '', 0, NULL, 'Cloudrexx Support', 'Cloudrexx Support', 'Cloudrexx Support', 'index', NULL, NULL, NULL, '', 0, 0, 0, 1, 1, '', '', '');
INSERT INTO `contrexx_content_page` (`id`, `node_id`, `nodeIdShadowed`, `lang`, `type`, `caching`, `updatedAt`, `updatedBy`, `title`, `linkTarget`, `contentTitle`, `slug`, `content`, `sourceMode`, `customContent`, `useCustomContentForAllChannels`, `applicationTemplate`, `useCustomApplicationTemplateForAllChannels`, `cssName`, `cssNavName`, `skin`, `useSkinForAllChannels`, `metatitle`, `metadesc`, `metakeys`, `metarobots`, `metaimage`, `start`, `end`, `editingStatus`, `protection`, `frontendAccessId`, `backendAccessId`, `display`, `active`, `target`, `module`, `cmd`) VALUES(12, 8, 8, 1, 'content', 0, '2014-09-01 22:00:00', 'system', 'HTML Elemente', '', 'HTML Elemente', 'Beispiele', '<h1>&Uuml;berschrift 1</h1>\r\n\r\n<h2>&Uuml;berschrift 2</h2>\r\n\r\n<h3>&Uuml;berschrift 3</h3>\r\n\r\n<h4>&Uuml;berschrift 4</h4>\r\n\r\n<h5>&Uuml;berschrift 5</h5>\r\n\r\n<h6>&Uuml;berschrift 6</h6>\r\n\r\n<hr />\r\n<p>Lorem ipsum dolor sit amet, <a href=\"#\" title=\"test link\">test link</a> adipiscing elit. <strong>This is strong.</strong>.</p>\r\n\r\n<p><del>Wir essen um 5:00 Uhr.</del> <ins>Lass uns um 7:00 Uhr essen.</ins></p>\r\n\r\n<p>Dieser <span style=\"text-decoration:line-through;\">Text</span> wurde durchgestrichen.</p>\r\n\r\n<hr />\r\n<h2>Listentypen</h2>\r\n\r\n<h3>Definitionsliste</h3>\r\n\r\n<dl>\r\n	<dt>Definitionstitel</dt>\r\n	<dd>Dies ist eine Definition</dd>\r\n	<dt>Definitionstitel</dt>\r\n	<dd>Dies ist eine Definition</dd>\r\n</dl>\r\n\r\n<h3>Sortierte Liste</h3>\r\n\r\n<ol>\r\n	<li>Listenelement 1</li>\r\n	<li>Listenelement 2\r\n	<ol>\r\n		<li>Verschachteltes Listenelement A</li>\r\n		<li>Verschachteltes Listenelement B</li>\r\n	</ol>\r\n	</li>\r\n	<li>Listenelement 3</li>\r\n</ol>\r\n\r\n<h3>Unsortierte Liste</h3>\r\n\r\n<ul>\r\n	<li>Listenelement 1</li>\r\n	<li>Listenelement 2\r\n	<ul>\r\n		<li>Verschachteltes Listenelement A</li>\r\n		<li>Verschachteltes Listenelement B</li>\r\n	</ul>\r\n	</li>\r\n	<li>Listenelement 3</li>\r\n</ul>\r\n\r\n<hr />\r\n<h2>Tabelle</h2>\r\n<div class=\"table-responsive\">\r\n<table>\r\n	<tbody>\r\n		<tr>\r\n			<th>Tabellen&uuml;berschrift 1</th>\r\n			<th>Tabellen&uuml;berschrift 2</th>\r\n			<th>Tabellen&uuml;berschrift 3</th>\r\n		</tr>\r\n		<tr>\r\n			<td>Tabellendaten 1</td>\r\n			<td>Tabellendaten 2</td>\r\n			<td>Tabellendaten 3</td>\r\n		</tr>\r\n		<tr class=\"row2\">\r\n			<td>Tabellendaten 1</td>\r\n			<td>Tabellendaten 2</td>\r\n			<td>Tabellendaten 3</td>\r\n		</tr>\r\n		<tr>\r\n			<td>Tabellendaten 1</td>\r\n			<td>Tabellendaten 2</td>\r\n			<td>Tabellendaten 3</td>\r\n		</tr>\r\n	</tbody>\r\n</table>\r\n</div>', 0, '', NULL, NULL, NULL, '', '', 0, NULL, 'HTML Elemente', 'HTML Elemente', 'HTML Elemente', '1', NULL, NULL, NULL, '', 0, 0, 0, 1, 1, '', '', '');
INSERT INTO `contrexx_content_page` (`id`, `node_id`, `nodeIdShadowed`, `lang`, `type`, `caching`, `updatedAt`, `updatedBy`, `title`, `linkTarget`, `contentTitle`, `slug`, `content`, `sourceMode`, `customContent`, `useCustomContentForAllChannels`, `applicationTemplate`, `useCustomApplicationTemplateForAllChannels`, `cssName`, `cssNavName`, `skin`, `useSkinForAllChannels`, `metatitle`, `metadesc`, `metakeys`, `metarobots`, `metaimage`, `start`, `end`, `editingStatus`, `protection`, `frontendAccessId`, `backendAccessId`, `display`, `active`, `target`, `module`, `cmd`) VALUES(13, 8, 8, 2, 'fallback', 0, '2014-09-01 22:00:00', 'system', 'HTML Elements', '', 'HTML Elements', 'Beispiele', '', 0, '', NULL, NULL, NULL, '', '', 0, NULL, 'HTML Elements', 'HTML Elements', 'HTML Elements', '1', NULL, NULL, NULL, '', 0, 0, 0, 0, 1, '', '', '');
INSERT INTO `contrexx_content_page` (`id`, `node_id`, `nodeIdShadowed`, `lang`, `type`, `caching`, `updatedAt`, `updatedBy`, `title`, `linkTarget`, `contentTitle`, `slug`, `content`, `sourceMode`, `customContent`, `useCustomContentForAllChannels`, `applicationTemplate`, `useCustomApplicationTemplateForAllChannels`, `cssName`, `cssNavName`, `skin`, `useSkinForAllChannels`, `metatitle`, `metadesc`, `metakeys`, `metarobots`, `metaimage`, `start`, `end`, `editingStatus`, `protection`, `frontendAccessId`, `backendAccessId`, `display`, `active`, `target`, `module`, `cmd`) VALUES(14, 9, 9, 1, 'content', 0, '2014-09-01 22:00:00', 'system', 'Inhaltscontainer bearbeiten', '', 'Inhaltscontainer bearbeiten', 'Inhaltscontainer-bearbeiten', 'Sofern Inhaltscontainer blau umrahmt wurden, k&ouml;nnen Sie mit der Maus in einen dieser Bereiche klicken. Alle anderen Bereiche werden dann f&uuml;r die Bearbeitung gesperrt, solange die &Auml;nderungen nicht gespeichert oder verworfen wurden.<br />\r\n<br />\r\n<img alt=\"\" src=\"/images/content/screenshots/700px-Frontend_editing_block_border.png\" class=\"img-responsive\" /><br />\r\n<br />\r\nWeitere Informationen zum Frontend-Editing finden Sie im Cloudrexx-Wiki:&nbsp;<a href=\"http://wiki.cloudrexx.com/de/index.php?title=Frontend_Editing\">http://wiki.cloudrexx.com/de/index.php?title=Frontend_Editing</a>', 0, '', NULL, NULL, NULL, '', '', 0, NULL, 'Inhaltscontainer bearbeiten', 'Inhaltscontainer bearbeiten', 'Inhaltscontainer bearbeiten', '1', NULL, NULL, NULL, '', 0, 0, 0, 1, 1, '', '', '');
INSERT INTO `contrexx_content_page` (`id`, `node_id`, `nodeIdShadowed`, `lang`, `type`, `caching`, `updatedAt`, `updatedBy`, `title`, `linkTarget`, `contentTitle`, `slug`, `content`, `sourceMode`, `customContent`, `useCustomContentForAllChannels`, `applicationTemplate`, `useCustomApplicationTemplateForAllChannels`, `cssName`, `cssNavName`, `skin`, `useSkinForAllChannels`, `metatitle`, `metadesc`, `metakeys`, `metarobots`, `metaimage`, `start`, `end`, `editingStatus`, `protection`, `frontendAccessId`, `backendAccessId`, `display`, `active`, `target`, `module`, `cmd`) VALUES(15, 9, 9, 2, 'fallback', 0, '2014-09-01 22:00:00', 'system', 'Inhaltscontainer bearbeiten', '', 'Inhaltscontainer bearbeiten', 'Inhaltscontainer-bearbeiten', '', 0, '', NULL, NULL, NULL, '', '', 0, NULL, 'Inhaltscontainer bearbeiten', 'Inhaltscontainer bearbeiten', 'Inhaltscontainer bearbeiten', '1', NULL, NULL, NULL, '', 0, 0, 0, 1, 1, '', '', '');
INSERT INTO `contrexx_content_page` (`id`, `node_id`, `nodeIdShadowed`, `lang`, `type`, `caching`, `updatedAt`, `updatedBy`, `title`, `linkTarget`, `contentTitle`, `slug`, `content`, `sourceMode`, `customContent`, `useCustomContentForAllChannels`, `applicationTemplate`, `useCustomApplicationTemplateForAllChannels`, `cssName`, `cssNavName`, `skin`, `useSkinForAllChannels`, `metatitle`, `metadesc`, `metakeys`, `metarobots`, `metaimage`, `start`, `end`, `editingStatus`, `protection`, `frontendAccessId`, `backendAccessId`, `display`, `active`, `target`, `module`, `cmd`) VALUES(16, 3, 3, 2, 'fallback', 0, '2014-09-01 22:00:00', 'system', 'Informationen', '', 'Informationen', 'Informationen', '<br />', 0, '', NULL, NULL, NULL, '', '', 0, NULL, 'Informationen', 'Informationen', 'Informationen', 'index', NULL, NULL, NULL, '', 0, 0, 0, 1, 1, '[[NODE_4]]', '', '');
INSERT INTO `contrexx_content_page` (`id`, `node_id`, `nodeIdShadowed`, `lang`, `type`, `caching`, `updatedAt`, `updatedBy`, `title`, `linkTarget`, `contentTitle`, `slug`, `content`, `sourceMode`, `customContent`, `useCustomContentForAllChannels`, `applicationTemplate`, `useCustomApplicationTemplateForAllChannels`, `cssName`, `cssNavName`, `skin`, `useSkinForAllChannels`, `metatitle`, `metadesc`, `metakeys`, `metarobots`, `metaimage`, `start`, `end`, `editingStatus`, `protection`, `frontendAccessId`, `backendAccessId`, `display`, `active`, `target`, `module`, `cmd`) VALUES(27, 15, 15, 1, 'application', 0, '2014-09-01 22:00:00', 'system', 'Kontakt', '', 'Kontakt', 'Kontakt', '{APPLICATION_DATA}', 0, '', NULL, NULL, NULL, '', '', 0, NULL, 'Kontakt', 'Kontakt', 'Kontakt', '', NULL, NULL, NULL, '', 0, 0, 0, 1, 1, '', 'Contact', '1');
INSERT INTO `contrexx_content_page` (`id`, `node_id`, `nodeIdShadowed`, `lang`, `type`, `caching`, `updatedAt`, `updatedBy`, `title`, `linkTarget`, `contentTitle`, `slug`, `content`, `sourceMode`, `customContent`, `useCustomContentForAllChannels`, `applicationTemplate`, `useCustomApplicationTemplateForAllChannels`, `cssName`, `cssNavName`, `skin`, `useSkinForAllChannels`, `metatitle`, `metadesc`, `metakeys`, `metarobots`, `metaimage`, `start`, `end`, `editingStatus`, `protection`, `frontendAccessId`, `backendAccessId`, `display`, `active`, `target`, `module`, `cmd`) VALUES(28, 15, 15, 2, 'application', 0, '2014-09-01 22:00:00', 'system', 'Kontakt', '', 'Kontakt', 'Kontakt', '{APPLICATION_DATA}', 0, '', NULL, NULL, NULL, '', '', 0, NULL, 'Kontakt', 'Kontakt', 'Kontakt', '', NULL, NULL, NULL, '', 0, 0, 0, 1, 1, '', 'Contact', '1');
INSERT INTO `contrexx_content_page` (`id`, `node_id`, `nodeIdShadowed`, `lang`, `type`, `caching`, `updatedAt`, `updatedBy`, `title`, `linkTarget`, `contentTitle`, `slug`, `content`, `sourceMode`, `customContent`, `useCustomContentForAllChannels`, `applicationTemplate`, `useCustomApplicationTemplateForAllChannels`, `cssName`, `cssNavName`, `skin`, `useSkinForAllChannels`, `metatitle`, `metadesc`, `metakeys`, `metarobots`, `metaimage`, `start`, `end`, `editingStatus`, `protection`, `frontendAccessId`, `backendAccessId`, `display`, `active`, `target`, `module`, `cmd`) VALUES(29, 16, 16, 1, 'content', 0, '2014-09-01 22:00:00', 'system', 'System', '', 'System', 'System', '<br />\r\n', 0, '', NULL, NULL, NULL, '', '', 0, NULL, 'System', 'System', 'System', '', NULL, NULL, NULL, '', 0, 0, 0, 0, 1, '', '', '');
INSERT INTO `contrexx_content_page` (`id`, `node_id`, `nodeIdShadowed`, `lang`, `type`, `caching`, `updatedAt`, `updatedBy`, `title`, `linkTarget`, `contentTitle`, `slug`, `content`, `sourceMode`, `customContent`, `useCustomContentForAllChannels`, `applicationTemplate`, `useCustomApplicationTemplateForAllChannels`, `cssName`, `cssNavName`, `skin`, `useSkinForAllChannels`, `metatitle`, `metadesc`, `metakeys`, `metarobots`, `metaimage`, `start`, `end`, `editingStatus`, `protection`, `frontendAccessId`, `backendAccessId`, `display`, `active`, `target`, `module`, `cmd`) VALUES(30, 17, 17, 1, 'application', 0, '2014-09-01 22:00:00', 'system', 'Alert System', '', 'Alert System', 'Alert-System', '<p>Ihre Eingabe wurde vom <strong>Cloudrexx&reg; Angriffserkennungs System</strong> als unzul&auml;ssig erkannt. <br />\r\n<br />\r\nEinige besondere Zeichenfolgen werden vom Intrusion Detection System gefiltert und vom Intrusion Response System blockiert. Wenn Sie finden, dass diese Meldung unrechterweise erscheint, nehmen Sie doch bitte mit uns <a href=\"mailto:support%20AT%20cloudrexx%20DOT%20com\">Kontakt</a> auf.<br />\r\n<br />\r\n<em><strong>Aktive Arbitrary Input Module:</strong></em></p>\r\n<ul>\r\n    <li>SQL Injection</li>\r\n    <li>Cross-Site Scripting</li>\r\n    <li>Session Hijacking</li>\r\n</ul>', 0, '', NULL, NULL, NULL, '', '', 0, NULL, 'Alert System', 'Alert System', 'Alert System', '', NULL, NULL, NULL, '', 0, 0, 0, 0, 1, '', 'Ids', '');
INSERT INTO `contrexx_content_page` (`id`, `node_id`, `nodeIdShadowed`, `lang`, `type`, `caching`, `updatedAt`, `updatedBy`, `title`, `linkTarget`, `contentTitle`, `slug`, `content`, `sourceMode`, `customContent`, `useCustomContentForAllChannels`, `applicationTemplate`, `useCustomApplicationTemplateForAllChannels`, `cssName`, `cssNavName`, `skin`, `useSkinForAllChannels`, `metatitle`, `metadesc`, `metakeys`, `metarobots`, `metaimage`, `start`, `end`, `editingStatus`, `protection`, `frontendAccessId`, `backendAccessId`, `display`, `active`, `target`, `module`, `cmd`) VALUES(31, 17, 17, 2, 'fallback', 0, '2014-09-01 22:00:00', 'system', 'Alert System', '', 'Alert System', 'Alert-System', '<p>Your data has been detected as possibly malicious by the&nbsp; <strong>Cloudrexx&reg; Intrusion Detection System</strong>.<br />\r\nSome special character strings are being filtered by our Intrusion Detection System. If you think this message is shown in error, please <a href=\"mailto:support%20AT%20cloudrexx%20DOT%20com\">contact us</a>.<br />\r\n<br />\r\n<span style=\"font-style: italic;\"><span style=\"font-weight: bold;\">Active </span></span><em><strong>Arbitrary Input Module:</strong></em></p>\r\n<ul>\r\n    <li>SQL Injection</li>\r\n    <li>Cross-Site Scripting</li>\r\n    <li>Session Hijacking</li>\r\n</ul>', 0, '', NULL, NULL, NULL, '', '', 0, NULL, 'Alert System', 'Alert System', 'Alert System', '', NULL, NULL, NULL, '', 0, 0, 0, 0, 1, '', 'Ids', '');
INSERT INTO `contrexx_content_page` (`id`, `node_id`, `nodeIdShadowed`, `lang`, `type`, `caching`, `updatedAt`, `updatedBy`, `title`, `linkTarget`, `contentTitle`, `slug`, `content`, `sourceMode`, `customContent`, `useCustomContentForAllChannels`, `applicationTemplate`, `useCustomApplicationTemplateForAllChannels`, `cssName`, `cssNavName`, `skin`, `useSkinForAllChannels`, `metatitle`, `metadesc`, `metakeys`, `metarobots`, `metaimage`, `start`, `end`, `editingStatus`, `protection`, `frontendAccessId`, `backendAccessId`, `display`, `active`, `target`, `module`, `cmd`) VALUES(32, 18, 18, 1, 'application', 0, '2014-09-01 22:00:00', 'system', 'Seite nicht gefunden', '', 'Seite nicht gefunden', 'Seite-nicht-gefunden', '{APPLICATION_DATA}', 0, '', NULL, NULL, NULL, '', '', 0, NULL, 'Seite nicht gefunden', 'Seite nicht gefunden', 'Seite nicht gefunden', '', NULL, NULL, NULL, '', 0, 0, 0, 0, 1, '', 'Error', '');
INSERT INTO `contrexx_content_page` (`id`, `node_id`, `nodeIdShadowed`, `lang`, `type`, `caching`, `updatedAt`, `updatedBy`, `title`, `linkTarget`, `contentTitle`, `slug`, `content`, `sourceMode`, `customContent`, `useCustomContentForAllChannels`, `applicationTemplate`, `useCustomApplicationTemplateForAllChannels`, `cssName`, `cssNavName`, `skin`, `useSkinForAllChannels`, `metatitle`, `metadesc`, `metakeys`, `metarobots`, `metaimage`, `start`, `end`, `editingStatus`, `protection`, `frontendAccessId`, `backendAccessId`, `display`, `active`, `target`, `module`, `cmd`) VALUES(33, 18, 18, 2, 'fallback', 0, '2014-09-01 22:00:00', 'system', 'Seite nicht gefunden', '', 'Seite nicht gefunden', 'Seite-nicht-gefunden', '<section class=\"error-page\">\r\n	<h2>\r\n		The requested document does not exist, or it was deactivated.</h2>\r\n	<h1>\r\n		{ERROR_NUMBER}.</h1>\r\n	<p>\r\n		{ERROR_MESSAGE}</p>\r\n	<p>\r\n		The document you are looking for may have been renamed, moved or deleted. There are several ways to locate a document. You can return to the Homepage, search for the document using keywords or consult our Help Site. To continue on from the last page you visited, please press the &#39;Back&#39; button of your browser.</p>\r\n</section>\r\n', 0, '', NULL, NULL, NULL, '', '', 0, NULL, 'Seite nicht gefunden', 'Seite nicht gefunden', 'Seite nicht gefunden', '', NULL, NULL, NULL, '', 0, 0, 0, 0, 1, '', 'Error', '');
INSERT INTO `contrexx_content_page` (`id`, `node_id`, `nodeIdShadowed`, `lang`, `type`, `caching`, `updatedAt`, `updatedBy`, `title`, `linkTarget`, `contentTitle`, `slug`, `content`, `sourceMode`, `customContent`, `useCustomContentForAllChannels`, `applicationTemplate`, `useCustomApplicationTemplateForAllChannels`, `cssName`, `cssNavName`, `skin`, `useSkinForAllChannels`, `metatitle`, `metadesc`, `metakeys`, `metarobots`, `metaimage`, `start`, `end`, `editingStatus`, `protection`, `frontendAccessId`, `backendAccessId`, `display`, `active`, `target`, `module`, `cmd`) VALUES(34, 19, 19, 1, 'application', 0, '2014-09-01 22:00:00', 'system', 'Login', '', 'Login', 'Login', '{APPLICATION_DATA}', 0, '', NULL, NULL, NULL, 'login', '', 0, NULL, 'Login', 'Login', 'Login', '', NULL, NULL, NULL, '', 0, 0, 0, 0, 1, '', 'Login', '');
INSERT INTO `contrexx_content_page` (`id`, `node_id`, `nodeIdShadowed`, `lang`, `type`, `caching`, `updatedAt`, `updatedBy`, `title`, `linkTarget`, `contentTitle`, `slug`, `content`, `sourceMode`, `customContent`, `useCustomContentForAllChannels`, `applicationTemplate`, `useCustomApplicationTemplateForAllChannels`, `cssName`, `cssNavName`, `skin`, `useSkinForAllChannels`, `metatitle`, `metadesc`, `metakeys`, `metarobots`, `metaimage`, `start`, `end`, `editingStatus`, `protection`, `frontendAccessId`, `backendAccessId`, `display`, `active`, `target`, `module`, `cmd`) VALUES(35, 20, 20, 1, 'application', 0, '2014-09-01 22:00:00', 'system', 'Passwort vergessen?', '', 'Passwort vergessen?', 'Passwort-vergessen', '{APPLICATION_DATA}', 0, '', NULL, NULL, NULL, '', '', 0, NULL, 'Passwort vergessen?', 'Passwort vergessen?', 'Passwort vergessen?', '', NULL, NULL, NULL, '', 0, 0, 0, 0, 1, '', 'Login', 'lostpw');
INSERT INTO `contrexx_content_page` (`id`, `node_id`, `nodeIdShadowed`, `lang`, `type`, `caching`, `updatedAt`, `updatedBy`, `title`, `linkTarget`, `contentTitle`, `slug`, `content`, `sourceMode`, `customContent`, `useCustomContentForAllChannels`, `applicationTemplate`, `useCustomApplicationTemplateForAllChannels`, `cssName`, `cssNavName`, `skin`, `useSkinForAllChannels`, `metatitle`, `metadesc`, `metakeys`, `metarobots`, `metaimage`, `start`, `end`, `editingStatus`, `protection`, `frontendAccessId`, `backendAccessId`, `display`, `active`, `target`, `module`, `cmd`) VALUES(36, 21, 21, 1, 'application', 0, '2014-09-01 22:00:00', 'system', 'Neues Passwort setzen', '', 'Neues Passwort setzen', 'Neues-Passwort-setzen', '{APPLICATION_DATA}', 0, '', NULL, NULL, NULL, '', '', 0, NULL, 'Neues Passwort setzen', 'Neues Passwort setzen', 'Neues Passwort setzen', '', NULL, NULL, NULL, '', 0, 0, 0, 0, 1, '', 'Login', 'resetpw');
INSERT INTO `contrexx_content_page` (`id`, `node_id`, `nodeIdShadowed`, `lang`, `type`, `caching`, `updatedAt`, `updatedBy`, `title`, `linkTarget`, `contentTitle`, `slug`, `content`, `sourceMode`, `customContent`, `useCustomContentForAllChannels`, `applicationTemplate`, `useCustomApplicationTemplateForAllChannels`, `cssName`, `cssNavName`, `skin`, `useSkinForAllChannels`, `metatitle`, `metadesc`, `metakeys`, `metarobots`, `metaimage`, `start`, `end`, `editingStatus`, `protection`, `frontendAccessId`, `backendAccessId`, `display`, `active`, `target`, `module`, `cmd`) VALUES(37, 22, 22, 1, 'application', 0, '2014-09-01 22:00:00', 'system', 'Zugriff verweigert', '', 'Zugriff verweigert', 'Zugriff-verweigert', '{APPLICATION_DATA}', 0, '', NULL, NULL, NULL, '', '', 0, NULL, 'Zugriff verweigert', 'Zugriff verweigert', 'Zugriff verweigert', '', NULL, NULL, NULL, '', 0, 0, 0, 0, 1, '', 'Login', 'noaccess');
INSERT INTO `contrexx_content_page` (`id`, `node_id`, `nodeIdShadowed`, `lang`, `type`, `caching`, `updatedAt`, `updatedBy`, `title`, `linkTarget`, `contentTitle`, `slug`, `content`, `sourceMode`, `customContent`, `useCustomContentForAllChannels`, `applicationTemplate`, `useCustomApplicationTemplateForAllChannels`, `cssName`, `cssNavName`, `skin`, `useSkinForAllChannels`, `metatitle`, `metadesc`, `metakeys`, `metarobots`, `metaimage`, `start`, `end`, `editingStatus`, `protection`, `frontendAccessId`, `backendAccessId`, `display`, `active`, `target`, `module`, `cmd`) VALUES(38, 23, 23, 1, 'application', 0, '2014-09-01 22:00:00', 'system', 'Sitemap', '', 'Sitemap', 'Sitemap', '{APPLICATION_DATA}', 0, '', NULL, NULL, NULL, '', '', 0, NULL, 'Sitemap', 'Sitemap', 'Sitemap', 'index', NULL, NULL, NULL, '', 0, 0, 0, 0, 1, '', 'Sitemap', '');
INSERT INTO `contrexx_content_page` (`id`, `node_id`, `nodeIdShadowed`, `lang`, `type`, `caching`, `updatedAt`, `updatedBy`, `title`, `linkTarget`, `contentTitle`, `slug`, `content`, `sourceMode`, `customContent`, `useCustomContentForAllChannels`, `applicationTemplate`, `useCustomApplicationTemplateForAllChannels`, `cssName`, `cssNavName`, `skin`, `useSkinForAllChannels`, `metatitle`, `metadesc`, `metakeys`, `metarobots`, `metaimage`, `start`, `end`, `editingStatus`, `protection`, `frontendAccessId`, `backendAccessId`, `display`, `active`, `target`, `module`, `cmd`) VALUES(39, 23, 23, 2, 'fallback', 0, '2014-09-01 22:00:00', 'system', 'Sitemap', '', 'Sitemap', 'Sitemap', '<div id=\"sitemap\">\r\n<ul>\r\n	<!-- BEGIN sitemap -->\r\n	<li class=\"{STYLE}\"><a title=\"{NAME}\" href=\"{URL}\">{NAME}</a></li>\r\n	<!-- END sitemap -->\r\n</ul>\r\n</div>', 1, '', NULL, NULL, NULL, '', '', 0, NULL, 'Sitemap', 'Sitemap', 'Sitemap', 'index', NULL, NULL, NULL, '', 0, 0, 0, 0, 1, '', 'Sitemap', '');
INSERT INTO `contrexx_content_page` (`id`, `node_id`, `nodeIdShadowed`, `lang`, `type`, `caching`, `updatedAt`, `updatedBy`, `title`, `linkTarget`, `contentTitle`, `slug`, `content`, `sourceMode`, `customContent`, `useCustomContentForAllChannels`, `applicationTemplate`, `useCustomApplicationTemplateForAllChannels`, `cssName`, `cssNavName`, `skin`, `useSkinForAllChannels`, `metatitle`, `metadesc`, `metakeys`, `metarobots`, `metaimage`, `start`, `end`, `editingStatus`, `protection`, `frontendAccessId`, `backendAccessId`, `display`, `active`, `target`, `module`, `cmd`) VALUES(40, 24, 24, 1, 'application', 0, '2014-09-01 22:00:00', 'system', 'Rechtliche Hinweise', '', 'Rechtliche Hinweise', 'Rechtliche-Hinweise', '<h2>\r\n	Zugriffs- und Anwendungsbedingungen f&uuml;r diese Website</h2>\r\nMit dem Zugriff auf diese Website und ihre Links erkl&auml;ren Sie, dass Sie die nachfolgenden&nbsp;Anwendungsbedingungen und rechtlichen Informationen im Zusammenhang mit dieser Website&nbsp;(und den darin enthaltenen Elementen) verstanden haben und diese anerkennen. Sollten Sie mit&nbsp;diesen Bedingungen nicht einverstanden sein, unterlassen Sie den Zugriff auf diese Website.<br />\r\n<br />\r\n<h2>\r\n	Zweck dieser Website / Keine Gew&auml;hrleistung</h2>\r\nDer Zweck dieser Website ist die Informationsvermittlung &uuml;ber unsere Gesellschaft und&nbsp;Dienstleistungen. Durch das Aufrufen dieser Website durch den Benutzer geht {CONTACT_COMPANY} mit&nbsp;dem Benutzer keinerlei vertragliche Beziehung ein. Die publizierten Tools begr&uuml;nden weder eine&nbsp;Aufforderung zur Offertenstellung noch ein Angebot. {CONTACT_COMPANY} bem&uuml;ht sich, die Inhalte auf&nbsp;dieser Website aktuell, vollst&auml;ndig und richtig zu halten. Da diese Informationen jedoch raschen&nbsp;&Auml;nderungen unterliegen k&ouml;nnen, kann die Aktualit&auml;t, Richtigkeit und Vollst&auml;ndigkeit nicht&nbsp;vollst&auml;ndig gew&auml;hrleistet werden.&nbsp;Die Angaben auf dieser Website stellen keine verbindlichen Entscheidungshilfen und Antworten auf&nbsp;Beratungsfragen dar, noch sollten aufgrund dieser Angaben arbeitsrechtliche oder andere&nbsp;Entscheide gef&auml;llt werden. Jegliches Handeln, welches aufgrund der Angaben auf dieser Website&nbsp;getroffen wird, erfolgt auf das alleinige Risiko des Benutzers.<br />\r\n<br />\r\n<h2>\r\n	Funktionen dieser Website</h2>\r\n{CONTACT_COMPANY} &uuml;bernimmt keine Verantwortung und gibt keine Garantie daf&uuml;r ab, dass die&nbsp;Funktionen auf ihrer Website dauernd und ununterbrochen zur Verf&uuml;gung stehen, fehlerfrei sind&nbsp;oder Fehler behoben werden oder dass die Website oder die jeweiligen Server frei von Viren oder&nbsp;sonstigen sch&auml;dlichen Bestandteilen sind.<br />\r\n<br />\r\n<h2>\r\n	Links</h2>\r\nDiese Website enth&auml;lt Links zu Websites von Dritten. Deren Inhalte sind dem Einfluss von {CONTACT_COMPANY} entzogen, weshalb weder f&uuml;r deren Richtigkeit, Vollst&auml;ndigkeit und Rechtm&auml;ssigkeit&nbsp;irgendeine Gew&auml;hrleistung &uuml;bernommen werden kann. {CONTACT_COMPANY} &uuml;bernimmt daher keinerlei&nbsp;Haftung f&uuml;r die Inhalte auf den Seiten dieser Dritten.<br />\r\n<br />\r\n<h2>\r\n	Keine Sicherheit der Daten&uuml;bertragung</h2>\r\nDie E-Mail-Kommunikation findet &uuml;ber ein offenes, jedermann zug&auml;ngliches und grenz&uuml;berschreitendes&nbsp;Netz statt. Sie ist unverschl&uuml;sselt. Es kann somit nicht ausgeschlossen werden,&nbsp;dass so gesendete Daten durch Dritte eingesehen und damit auch die Kontaktaufnahme zu {CONTACT_COMPANY} nachvollzogen werden kann.<br />\r\n<br />\r\n<h2>\r\n	Datenschutz</h2>\r\n{CONTACT_COMPANY} beh&auml;lt sich vor, personenbezogene Daten, welche ihr elektronisch &uuml;bermittelt&nbsp;werden, f&uuml;r eigene Marketingzwecke zu erfassen und auszuwerten. Sie beachtet dabei die&nbsp;Bestimmungen des Eidgen&ouml;ssischen Datenschutzgesetzes und gibt die Daten nicht an Dritte weiter.<br />\r\n<br />\r\n<h2>\r\n	Haftungsausschluss</h2>\r\nDie Inhalte dieser Website beinhalten keinerlei Zusicherungen oder Garantien. {CONTACT_COMPANY}&nbsp;haftet in keinem Fall, inklusive Fahrl&auml;ssigkeit und Haftung gegen&uuml;ber Drittpersonen, f&uuml;r allf&auml;llige&nbsp;direkte, indirekte oder Folgesch&auml;den, welche als Folge des Gebrauchs von Informationen und&nbsp;Material aus dieser Website oder durch den Zugriff &uuml;ber Links auf andere Websites entstehen.<br />\r\n<br />\r\n<h2>\r\n	Copyright und andere Schutzrechte</h2>\r\nDer gesamte Inhalt der Website von {CONTACT_COMPANY} ist urheberrechtlich gesch&uuml;tzt. Alle Rechte&nbsp;sind vorbehalten. (Das Logo von {CONTACT_COMPANY} ist ein eingetragenes Markenzeichen). Durch den&nbsp;Zugriff auf die Website von {CONTACT_COMPANY} das Herunterladen oder Kopieren von Daten dieser&nbsp;Website oder Teilen davon, werden dem Benutzer keinerlei Rechte am Inhalt, an der Software,&nbsp;einer eingetragenen Marke oder an sonst einem Element der Website einger&auml;umt. Jegliche&nbsp;Modifikation, Reproduktion oder Benutzung der Website, des Logos von {CONTACT_COMPANY} oder Teile&nbsp;davon f&uuml;r einen &ouml;ffentlichen oder kommerziellen Zweck ist ohne vorherige schriftliche Zustimmung&nbsp;von {CONTACT_COMPANY} strikt untersagt.', 0, 'content_full_width.html', NULL, NULL, NULL, '', '', 0, NULL, 'Rechtliche Hinweise', 'Rechtliche Hinweise', 'Rechtliche Hinweise', 'index', NULL, NULL, NULL, '', 0, 0, 0, 0, 1, '', 'Privacy', '');
INSERT INTO `contrexx_content_page` (`id`, `node_id`, `nodeIdShadowed`, `lang`, `type`, `caching`, `updatedAt`, `updatedBy`, `title`, `linkTarget`, `contentTitle`, `slug`, `content`, `sourceMode`, `customContent`, `useCustomContentForAllChannels`, `applicationTemplate`, `useCustomApplicationTemplateForAllChannels`, `cssName`, `cssNavName`, `skin`, `useSkinForAllChannels`, `metatitle`, `metadesc`, `metakeys`, `metarobots`, `metaimage`, `start`, `end`, `editingStatus`, `protection`, `frontendAccessId`, `backendAccessId`, `display`, `active`, `target`, `module`, `cmd`) VALUES(41, 24, 24, 2, 'fallback', 0, '2014-09-01 22:00:00', 'system', 'Rechtliche Hinweise', '', 'Rechtliche Hinweise', 'Rechtliche-Hinweise', '<span style=\"font-weight: bold;\">Describe here, what you do (and especially what you DO&nbsp;NOT&nbsp;DO) with your customer&#39;s data.</span><br />\r\n', 0, 'content_full_width.html', NULL, NULL, NULL, '', '', 0, NULL, 'Rechtliche Hinweise', 'Rechtliche Hinweise', 'Rechtliche Hinweise', 'index', NULL, NULL, NULL, '', 0, 0, 0, 0, 1, '', 'Privacy', '');
INSERT INTO `contrexx_content_page` (`id`, `node_id`, `nodeIdShadowed`, `lang`, `type`, `caching`, `updatedAt`, `updatedBy`, `title`, `linkTarget`, `contentTitle`, `slug`, `content`, `sourceMode`, `customContent`, `useCustomContentForAllChannels`, `applicationTemplate`, `useCustomApplicationTemplateForAllChannels`, `cssName`, `cssNavName`, `skin`, `useSkinForAllChannels`, `metatitle`, `metadesc`, `metakeys`, `metarobots`, `metaimage`, `start`, `end`, `editingStatus`, `protection`, `frontendAccessId`, `backendAccessId`, `display`, `active`, `target`, `module`, `cmd`) VALUES(42, 25, 25, 1, 'application', 1, '2014-09-01 22:00:00', 'system', 'Impressum', '', 'Impressum', 'Impressum', 'Verantwortlich f&uuml;r Inhalt, Konzeption &amp; Realisierung des Onlineportals:<br />\r\n<br />\r\n<strong>{CONTACT_COMPANY}</strong><br />\r\n{CONTACT_ADDRESS}<br />\r\n{CONTACT_ZIP} {CONTACT_PLACE}<br />\r\n{CONTACT_COUNTRY}<br />\r\n&nbsp;\r\n<h2>Gew&auml;hrleistung</h2>\r\nWir bem&uuml;hen uns um m&ouml;glichst korrekte und aktuelle Information. Die Inhalte wurden sorgf&auml;ltig erarbeitet.&nbsp;Trotzdem k&ouml;nnen Fehler auftreten. Autoren und Herausgeber &uuml;bernehmen&nbsp;keine Gew&auml;hr und Haftung f&uuml;r die Richtigkeit, Zuverl&auml;ssigkeit, Vollst&auml;ndigkeit und Aktualit&auml;t der Information. Die Verwendung der Website und der darin enthaltenen Informationen erfolgt auf eigene Gefahr. &Auml;nderungen k&ouml;nnen jederzeit vorgenommen werden.<br />\r\n&nbsp;\r\n<h2>Web Content Management System (CMS)</h2>\r\nDieser Internetauftritt basiert auf dem Web Content Management System&nbsp;<a href=\"http://www.cloudrexx.com/\" target=\"_blank\">Cloudrexx&reg;</a>, welches von der <a href=\"http://www.cloudrexx.com/\">CLOUDREXX AG</a>&nbsp;aus der Schweiz entwickelt wurde.', 0, '', NULL, NULL, NULL, '', '', 0, NULL, 'Impressum', 'Impressum', 'Impressum', 'index', NULL, NULL, NULL, '', 0, 0, 0, 0, 1, '', 'Imprint', '');
INSERT INTO `contrexx_content_page` (`id`, `node_id`, `nodeIdShadowed`, `lang`, `type`, `caching`, `updatedAt`, `updatedBy`, `title`, `linkTarget`, `contentTitle`, `slug`, `content`, `sourceMode`, `customContent`, `useCustomContentForAllChannels`, `applicationTemplate`, `useCustomApplicationTemplateForAllChannels`, `cssName`, `cssNavName`, `skin`, `useSkinForAllChannels`, `metatitle`, `metadesc`, `metakeys`, `metarobots`, `metaimage`, `start`, `end`, `editingStatus`, `protection`, `frontendAccessId`, `backendAccessId`, `display`, `active`, `target`, `module`, `cmd`) VALUES(43, 25, 25, 2, 'fallback', 0, '2014-09-01 22:00:00', 'system', 'Impressum', '', 'Impressum', 'Impressum', '<p>Responsible for content and realization of this website:</p>\r\n<p><strong>Your company name</strong><br />\r\nStreet<br />\r\nZIP - City<br />\r\nCountry</p>\r\n<h2>Web Content Management System (CMS)</h2>\r\nThis website was created using the <a target=\"_blank\" href=\"http://www.cloudrexx.com/\">Cloudrexx&reg; WCMS</a>, developed by <a href=\"http://www.cloudrexx.com/\">CLOUDREXX AG</a> in Thun, Switzerland<br />', 0, '', NULL, NULL, NULL, '', '', 0, NULL, 'Impressum', 'Impressum', 'Impressum', 'index', NULL, NULL, NULL, '', 0, 0, 0, 0, 1, '', 'Imprint', '');
INSERT INTO `contrexx_content_page` (`id`, `node_id`, `nodeIdShadowed`, `lang`, `type`, `caching`, `updatedAt`, `updatedBy`, `title`, `linkTarget`, `contentTitle`, `slug`, `content`, `sourceMode`, `customContent`, `useCustomContentForAllChannels`, `applicationTemplate`, `useCustomApplicationTemplateForAllChannels`, `cssName`, `cssNavName`, `skin`, `useSkinForAllChannels`, `metatitle`, `metadesc`, `metakeys`, `metarobots`, `metaimage`, `start`, `end`, `editingStatus`, `protection`, `frontendAccessId`, `backendAccessId`, `display`, `active`, `target`, `module`, `cmd`) VALUES(44, 26, 26, 1, 'application', 0, '2014-09-01 22:00:00', 'system', 'AGBs', '', 'Allgemeinen Geschäftsbedingungen', 'AGBs', '<p><a href=\"http://de.wikipedia.org/wiki/Allgemeine_Gesch%C3%A4ftsbedingungen\">Allgemeine Gesch&auml;ftsbedingungen</a> (abgek&uuml;rzt &bdquo;AGB&ldquo;, nicht-standardsprachlich auch oft &bdquo;AGBs&ldquo;,&bdquo;AGB&#39;s&ldquo; oder &bdquo;AGBen&ldquo;) sind alle f&uuml;r eine Vielzahl von Vertr&auml;gen vorformulierten Vertragsbedingungen, die eine Vertragspartei (der Verwender) der anderen Vertragspartei bei Abschluss eines Vertrages stellt.</p>\r\n\r\n<p>Dabei ist es gleichg&uuml;ltig, ob die Bestimmung einen &auml;u&szlig;erlich gesonderten Bestandteil des Vertrags (umgangssprachlich &bdquo;das Kleingedruckte&ldquo; genannt) bilden oder in die Vertragsurkunde selbst aufgenommen werden.</p>\r\n', 0, '', NULL, NULL, NULL, '', '', 0, NULL, 'Allgemeinen Geschäftsbedingungen', 'Allgemeinen Geschäftsbedingungen', 'Allgemeinen Geschäftsbedingungen', 'index', NULL, NULL, NULL, '', 0, 0, 0, 0, 1, '', 'Agb', '');
INSERT INTO `contrexx_content_page` (`id`, `node_id`, `nodeIdShadowed`, `lang`, `type`, `caching`, `updatedAt`, `updatedBy`, `title`, `linkTarget`, `contentTitle`, `slug`, `content`, `sourceMode`, `customContent`, `useCustomContentForAllChannels`, `applicationTemplate`, `useCustomApplicationTemplateForAllChannels`, `cssName`, `cssNavName`, `skin`, `useSkinForAllChannels`, `metatitle`, `metadesc`, `metakeys`, `metarobots`, `metaimage`, `start`, `end`, `editingStatus`, `protection`, `frontendAccessId`, `backendAccessId`, `display`, `active`, `target`, `module`, `cmd`) VALUES(45, 26, 26, 2, 'fallback', 0, '2014-09-01 22:00:00', 'system', 'AGBs', '', 'Allgemeinen Geschäftsbedingungen', 'AGBs', '<p><a href=\"http://de.wikipedia.org/wiki/Allgemeine_Gesch%C3%A4ftsbedingungen\">Terms &amp;&nbsp;Conditions</a> (abbreviated&bdquo;T&amp;C&ldquo;) are a &quot;default set&quot; of rules that make certain things clear before the customer buys something off this website or enters personal data.</p>\r\n<p>&nbsp;</p>\r\n<p>&nbsp;</p>\r\n<p>&nbsp;</p>\r\n<p>&nbsp;</p>', 0, '', NULL, NULL, NULL, '', '', 0, NULL, 'Allgemeinen Geschäftsbedingungen', 'Allgemeinen Geschäftsbedingungen', 'Allgemeinen Geschäftsbedingungen', 'index', NULL, NULL, NULL, '', 0, 0, 0, 0, 1, '', 'Agb', '');
INSERT INTO `contrexx_content_page` (`id`, `node_id`, `nodeIdShadowed`, `lang`, `type`, `caching`, `updatedAt`, `updatedBy`, `title`, `linkTarget`, `contentTitle`, `slug`, `content`, `sourceMode`, `customContent`, `useCustomContentForAllChannels`, `applicationTemplate`, `useCustomApplicationTemplateForAllChannels`, `cssName`, `cssNavName`, `skin`, `useSkinForAllChannels`, `metatitle`, `metadesc`, `metakeys`, `metarobots`, `metaimage`, `start`, `end`, `editingStatus`, `protection`, `frontendAccessId`, `backendAccessId`, `display`, `active`, `target`, `module`, `cmd`) VALUES(46, 27, 27, 1, 'application', 0, '2014-09-01 22:00:00', 'system', 'Registrieren', '', 'Registrieren', 'Registrieren', '{APPLICATION_DATA}', 0, '', NULL, NULL, NULL, 'register', '', 0, NULL, 'Registrieren', 'Registrieren', 'Registrieren', 'index', NULL, NULL, NULL, '', 0, 0, 0, 0, 1, '', 'Access', 'signup');
INSERT INTO `contrexx_content_page` (`id`, `node_id`, `nodeIdShadowed`, `lang`, `type`, `caching`, `updatedAt`, `updatedBy`, `title`, `linkTarget`, `contentTitle`, `slug`, `content`, `sourceMode`, `customContent`, `useCustomContentForAllChannels`, `applicationTemplate`, `useCustomApplicationTemplateForAllChannels`, `cssName`, `cssNavName`, `skin`, `useSkinForAllChannels`, `metatitle`, `metadesc`, `metakeys`, `metarobots`, `metaimage`, `start`, `end`, `editingStatus`, `protection`, `frontendAccessId`, `backendAccessId`, `display`, `active`, `target`, `module`, `cmd`) VALUES(47, 27, 27, 2, 'fallback', 0, '2014-09-01 22:00:00', 'system', 'Registrieren', '', 'Registrieren', 'Registrieren', 'Here, you have the possibility to join our online community.\r\n<div id=\"access\">\r\n    <!-- BEGIN access_signup_form -->\r\n    <div class=\"message_error\">{ACCESS_SIGNUP_MESSAGE}</div><br />&nbsp;<br />\r\n    <form action=\"index.php?section=access&amp;cmd=signup\" method=\"post\" enctype=\"multipart/form-data\">\r\n        <fieldset><legend>Personal data</legend>\r\n            <!-- BEGIN access_profile_attribute_gender -->\r\n    		<p><label>{ACCESS_PROFILE_ATTRIBUTE_GENDER_DESC}</label>{ACCESS_PROFILE_ATTRIBUTE_GENDER}</p>\r\n    		<!-- END access_profile_attribute_gender --> 				\r\n    		<!-- BEGIN access_profile_attribute_firstname -->\r\n    		<p><label>{ACCESS_PROFILE_ATTRIBUTE_FIRSTNAME_DESC}</label>{ACCESS_PROFILE_ATTRIBUTE_FIRSTNAME}</p>\r\n    		<!-- END access_profile_attribute_firstname --> 			\r\n    		<!-- BEGIN access_profile_attribute_lastname -->\r\n    		<p><label>{ACCESS_PROFILE_ATTRIBUTE_LASTNAME_DESC}</label>{ACCESS_PROFILE_ATTRIBUTE_LASTNAME}</p>\r\n    		<!-- END access_profile_attribute_lastname --> 	\r\n        </fieldset>\r\n        <fieldset><legend>Account data</legend>\r\n            <!-- BEGIN access_user_username -->\r\n            <p><label>{ACCESS_USER_USERNAME_DESC}</label>{ACCESS_USER_USERNAME}<br />Please choose a username</p>\r\n            <!-- END access_user_username --><!-- BEGIN access_user_password -->\r\n            <p><label>{ACCESS_USER_PASSWORD_DESC}</label>{ACCESS_USER_PASSWORD}<br />Please enter your password (at least 6 characters)</p>\r\n            <!-- END access_user_password --><!-- BEGIN access_user_password_confirmed -->\r\n            <p><label>{ACCESS_USER_PASSWORD_CONFIRMED_DESC}</label>{ACCESS_USER_PASSWORD_CONFIRMED}<br />Please repeat your password</p>\r\n            <!-- END access_user_password_confirmed --> \r\n        </fieldset>\r\n        <fieldset><legend>Additional data</legend>	\r\n            <!-- BEGIN access_user_email -->\r\n            <p><label>{ACCESS_USER_EMAIL_DESC}</label>{ACCESS_USER_EMAIL}<br />\r\n            You have to enter a valid e-mail address, so we can send you an activation code.</p>\r\n            <!-- END access_user_email -->\r\n            <p><label>{ACCESS_USER_FRONTEND_LANGUAGE_DESC}</label>{ACCESS_USER_FRONTEND_LANGUAGE}<br /><br /></p>\r\n            <p><b>Note:</b><br />You can complete your profile after the registration process is finished.</p>\r\n        </fieldset>\r\n        <!-- BEGIN access_captcha -->\r\n        <fieldset><legend>{TXT_ACCESS_CAPTCHA}</legend>	\r\n            <p>{TXT_ACCESS_CAPTCHA_DESCRIPTION}<br /></p>\r\n            <p><label>CAPTCHA</label><img class=\"captcha\" src=\"{ACCESS_CAPTCHA_URL}\" alt=\"{ACCESS_CAPTCHA_ALT}\" />\r\n            <input id=\"accessSignUpCaptcha\" type=\"text\" name=\"accessSignUpCaptcha\" />\r\n            <input type=\"hidden\" name=\"accessSignUpCaptchaOffset\" value=\"{ACCESS_CAPTCHA_OFFSET}\" />\r\n            </p>\r\n        </fieldset> \r\n        <!-- END access_captcha -->\r\n        <!-- BEGIN access_tos -->\r\n            <fieldset><legend>{TXT_ACCESS_TOS}</legend>	\r\n                {ACCESS_TOS}\r\n            </fieldset> \r\n        <!-- END access_tos -->\r\n        <p>{ACCESS_SIGNUP_BUTTON}</p> \r\n    </form>\r\n    <!-- END access_signup_form --> 	\r\n    <!-- BEGIN access_signup_store_success -->\r\n    <div class=\"message_ok\">{ACCESS_SIGNUP_MESSAGE}</div>\r\n    <!-- END access_signup_store_success -->   	\r\n    <!-- BEGIN access_signup_store_error -->\r\n    <div class=\"message_error\">{ACCESS_SIGNUP_MESSAGE}</div>\r\n    <!-- END access_signup_store_error -->   	\r\n    <!-- BEGIN access_signup_confirm_success -->\r\n    <div class=\"message_ok\">{ACCESS_SIGNUP_MESSAGE}</div>\r\n    <!-- END access_signup_confirm_success -->   	\r\n    <!-- BEGIN access_signup_confirm_error -->\r\n    <div class=\"message_error\">{ACCESS_SIGNUP_MESSAGE}</div>\r\n    <!-- END access_signup_confirm_error -->    	\r\n    {ACCESS_JAVASCRIPT_FUNCTIONS}\r\n</div>', 1, '', NULL, NULL, NULL, 'register', '', 0, NULL, 'Registrieren', 'Registrieren', 'Registrieren', 'index', NULL, NULL, NULL, '', 0, 0, 0, 0, 1, '', 'Access', 'signup');
INSERT INTO `contrexx_content_page` (`id`, `node_id`, `nodeIdShadowed`, `lang`, `type`, `caching`, `updatedAt`, `updatedBy`, `title`, `linkTarget`, `contentTitle`, `slug`, `content`, `sourceMode`, `customContent`, `useCustomContentForAllChannels`, `applicationTemplate`, `useCustomApplicationTemplateForAllChannels`, `cssName`, `cssNavName`, `skin`, `useSkinForAllChannels`, `metatitle`, `metadesc`, `metakeys`, `metarobots`, `metaimage`, `start`, `end`, `editingStatus`, `protection`, `frontendAccessId`, `backendAccessId`, `display`, `active`, `target`, `module`, `cmd`) VALUES(48, 28, 28, 1, 'application', 0, '2014-09-01 22:00:00', 'system', 'Suchen', '', 'Suchen', 'Suchen', '{APPLICATION_DATA}', 0, '', NULL, NULL, NULL, '', '', 0, NULL, 'Suchen', 'Suchen', 'Suchen', 'index', NULL, NULL, NULL, '', 0, 0, 0, 0, 1, '', 'Search', '');
INSERT INTO `contrexx_content_page` (`id`, `node_id`, `nodeIdShadowed`, `lang`, `type`, `caching`, `updatedAt`, `updatedBy`, `title`, `linkTarget`, `contentTitle`, `slug`, `content`, `sourceMode`, `customContent`, `useCustomContentForAllChannels`, `applicationTemplate`, `useCustomApplicationTemplateForAllChannels`, `cssName`, `cssNavName`, `skin`, `useSkinForAllChannels`, `metatitle`, `metadesc`, `metakeys`, `metarobots`, `metaimage`, `start`, `end`, `editingStatus`, `protection`, `frontendAccessId`, `backendAccessId`, `display`, `active`, `target`, `module`, `cmd`) VALUES(49, 28, 28, 2, 'fallback', 0, '2014-09-01 22:00:00', 'system', 'Suchen', '', 'Suchen', 'Suchen', '<form action=\"index.php\" method=\"get\">\r\n	<input name=\"term\" value=\"{SEARCH_TERM}\" size=\"30\" maxlength=\"100\" class=\"searchinput\" />\r\n	<input value=\"search\" name=\"section\" type=\"hidden\" />\r\n	<input value=\"{TXT_SEARCH}\" name=\"Submit\" type=\"submit\" class=\"searchbutton\" />\r\n</form>\r\n<br />\r\n{SEARCH_TITLE}<br />\r\n<!-- BEGIN searchrow -->\r\n	{LINK} {COUNT_MATCH}<br />\r\n	{SHORT_CONTENT}<br />\r\n<!-- END searchrow -->\r\n<br />\r\n{SEARCH_PAGING}\r\n<br />\r\n<br />', 1, '', NULL, NULL, NULL, '', '', 0, NULL, 'Suchen', 'Suchen', 'Suchen', 'index', NULL, NULL, NULL, '', 0, 0, 0, 0, 1, '', 'Search', '');
INSERT INTO `contrexx_content_page` (`id`, `node_id`, `nodeIdShadowed`, `lang`, `type`, `caching`, `updatedAt`, `updatedBy`, `title`, `linkTarget`, `contentTitle`, `slug`, `content`, `sourceMode`, `customContent`, `useCustomContentForAllChannels`, `applicationTemplate`, `useCustomApplicationTemplateForAllChannels`, `cssName`, `cssNavName`, `skin`, `useSkinForAllChannels`, `metatitle`, `metadesc`, `metakeys`, `metarobots`, `metaimage`, `start`, `end`, `editingStatus`, `protection`, `frontendAccessId`, `backendAccessId`, `display`, `active`, `target`, `module`, `cmd`) VALUES(50, 16, 16, 2, 'fallback', 0, '2014-09-01 22:00:00', 'system', 'System', '', 'System', 'System', 'These pages are not shown directly but are only here to support various functions of the website.<br />\r\n', 0, '', NULL, NULL, NULL, '', '', 0, NULL, 'System', 'System', 'System', '', NULL, NULL, NULL, '', 0, 0, 0, 0, 1, '', '', '');
INSERT INTO `contrexx_content_page` (`id`, `node_id`, `nodeIdShadowed`, `lang`, `type`, `caching`, `updatedAt`, `updatedBy`, `title`, `linkTarget`, `contentTitle`, `slug`, `content`, `sourceMode`, `customContent`, `useCustomContentForAllChannels`, `applicationTemplate`, `useCustomApplicationTemplateForAllChannels`, `cssName`, `cssNavName`, `skin`, `useSkinForAllChannels`, `metatitle`, `metadesc`, `metakeys`, `metarobots`, `metaimage`, `start`, `end`, `editingStatus`, `protection`, `frontendAccessId`, `backendAccessId`, `display`, `active`, `target`, `module`, `cmd`) VALUES(51, 19, 19, 2, 'fallback', 0, '2014-09-01 22:00:00', 'system', 'Login', '', 'Login', 'Login', '', 0, '', 0, '', 0, '', '', 0, 0, 'Login', 'Login', 'Login', '', '', NULL, NULL, '', 0, 0, 0, 0, 1, '', '', '');
INSERT INTO `contrexx_content_page` (`id`, `node_id`, `nodeIdShadowed`, `lang`, `type`, `caching`, `updatedAt`, `updatedBy`, `title`, `linkTarget`, `contentTitle`, `slug`, `content`, `sourceMode`, `customContent`, `useCustomContentForAllChannels`, `applicationTemplate`, `useCustomApplicationTemplateForAllChannels`, `cssName`, `cssNavName`, `skin`, `useSkinForAllChannels`, `metatitle`, `metadesc`, `metakeys`, `metarobots`, `metaimage`, `start`, `end`, `editingStatus`, `protection`, `frontendAccessId`, `backendAccessId`, `display`, `active`, `target`, `module`, `cmd`) VALUES(52, 20, 20, 2, 'fallback', 0, '2014-09-01 22:00:00', 'system', 'Passwort vergessen?', '', 'Passwort vergessen?', 'Passwort-vergessen', '', 0, '', 0, '', 0, '', '', 0, 0, 'Passwort vergessen?', 'Passwort vergessen?', 'Passwort vergessen?', '', '', NULL, NULL, '', 0, 0, 0, 0, 1, '', '', '');
INSERT INTO `contrexx_content_page` (`id`, `node_id`, `nodeIdShadowed`, `lang`, `type`, `caching`, `updatedAt`, `updatedBy`, `title`, `linkTarget`, `contentTitle`, `slug`, `content`, `sourceMode`, `customContent`, `useCustomContentForAllChannels`, `applicationTemplate`, `useCustomApplicationTemplateForAllChannels`, `cssName`, `cssNavName`, `skin`, `useSkinForAllChannels`, `metatitle`, `metadesc`, `metakeys`, `metarobots`, `metaimage`, `start`, `end`, `editingStatus`, `protection`, `frontendAccessId`, `backendAccessId`, `display`, `active`, `target`, `module`, `cmd`) VALUES(53, 21, 21, 2, 'fallback', 0, '2014-09-01 22:00:00', 'system', 'Neues Passwort setzen', '', 'Neues Passwort setzen', 'Neues-Passwort-setzen', '', 0, '', 0, '', 0, '', '', 0, 0, 'Neues Passwort setzen', 'Neues Passwort setzen', 'Neues Passwort setzen', '', '', NULL, NULL, '', 0, 0, 0, 0, 1, '', '', '');
INSERT INTO `contrexx_content_page` (`id`, `node_id`, `nodeIdShadowed`, `lang`, `type`, `caching`, `updatedAt`, `updatedBy`, `title`, `linkTarget`, `contentTitle`, `slug`, `content`, `sourceMode`, `customContent`, `useCustomContentForAllChannels`, `applicationTemplate`, `useCustomApplicationTemplateForAllChannels`, `cssName`, `cssNavName`, `skin`, `useSkinForAllChannels`, `metatitle`, `metadesc`, `metakeys`, `metarobots`, `metaimage`, `start`, `end`, `editingStatus`, `protection`, `frontendAccessId`, `backendAccessId`, `display`, `active`, `target`, `module`, `cmd`) VALUES(54, 22, 22, 2, 'fallback', 0, '2014-09-01 22:00:00', 'system', 'Zugriff verweigert', '', 'Zugriff verweigert', 'Zugriff-verweigert', '', 0, '', 0, '', 0, '', '', 0, 0, 'Zugriff verweigert', 'Zugriff verweigert', 'Zugriff verweigert', '', '', NULL, NULL, '', 0, 0, 0, 0, 1, '', '', '');
INSERT INTO `contrexx_core_country` (`id`, `alpha2`, `alpha3`) VALUES (1,'AF','AFG');
INSERT INTO `contrexx_core_country` (`id`, `alpha2`, `alpha3`) VALUES (2,'AL','ALB');
INSERT INTO `contrexx_core_country` (`id`, `alpha2`, `alpha3`) VALUES (3,'DZ','DZA');
INSERT INTO `contrexx_core_country` (`id`, `alpha2`, `alpha3`) VALUES (4,'AS','ASM');
INSERT INTO `contrexx_core_country` (`id`, `alpha2`, `alpha3`) VALUES (5,'AD','AND');
INSERT INTO `contrexx_core_country` (`id`, `alpha2`, `alpha3`) VALUES (6,'AO','AGO');
INSERT INTO `contrexx_core_country` (`id`, `alpha2`, `alpha3`) VALUES (7,'AI','AIA');
INSERT INTO `contrexx_core_country` (`id`, `alpha2`, `alpha3`) VALUES (8,'AQ','ATA');
INSERT INTO `contrexx_core_country` (`id`, `alpha2`, `alpha3`) VALUES (9,'AG','ATG');
INSERT INTO `contrexx_core_country` (`id`, `alpha2`, `alpha3`) VALUES (10,'AR','ARG');
INSERT INTO `contrexx_core_country` (`id`, `alpha2`, `alpha3`) VALUES (11,'AM','ARM');
INSERT INTO `contrexx_core_country` (`id`, `alpha2`, `alpha3`) VALUES (12,'AW','ABW');
INSERT INTO `contrexx_core_country` (`id`, `alpha2`, `alpha3`) VALUES (13,'AU','AUS');
INSERT INTO `contrexx_core_country` (`id`, `alpha2`, `alpha3`) VALUES (14,'AT','AUT');
INSERT INTO `contrexx_core_country` (`id`, `alpha2`, `alpha3`) VALUES (15,'AZ','AZE');
INSERT INTO `contrexx_core_country` (`id`, `alpha2`, `alpha3`) VALUES (16,'BS','BHS');
INSERT INTO `contrexx_core_country` (`id`, `alpha2`, `alpha3`) VALUES (17,'BH','BHR');
INSERT INTO `contrexx_core_country` (`id`, `alpha2`, `alpha3`) VALUES (18,'BD','BGD');
INSERT INTO `contrexx_core_country` (`id`, `alpha2`, `alpha3`) VALUES (19,'BB','BRB');
INSERT INTO `contrexx_core_country` (`id`, `alpha2`, `alpha3`) VALUES (20,'BY','BLR');
INSERT INTO `contrexx_core_country` (`id`, `alpha2`, `alpha3`) VALUES (21,'BE','BEL');
INSERT INTO `contrexx_core_country` (`id`, `alpha2`, `alpha3`) VALUES (22,'BZ','BLZ');
INSERT INTO `contrexx_core_country` (`id`, `alpha2`, `alpha3`) VALUES (23,'BJ','BEN');
INSERT INTO `contrexx_core_country` (`id`, `alpha2`, `alpha3`) VALUES (24,'BM','BMU');
INSERT INTO `contrexx_core_country` (`id`, `alpha2`, `alpha3`) VALUES (25,'BT','BTN');
INSERT INTO `contrexx_core_country` (`id`, `alpha2`, `alpha3`) VALUES (26,'BO','BOL');
INSERT INTO `contrexx_core_country` (`id`, `alpha2`, `alpha3`) VALUES (27,'BA','BIH');
INSERT INTO `contrexx_core_country` (`id`, `alpha2`, `alpha3`) VALUES (28,'BW','BWA');
INSERT INTO `contrexx_core_country` (`id`, `alpha2`, `alpha3`) VALUES (29,'BV','BVT');
INSERT INTO `contrexx_core_country` (`id`, `alpha2`, `alpha3`) VALUES (30,'BR','BRA');
INSERT INTO `contrexx_core_country` (`id`, `alpha2`, `alpha3`) VALUES (31,'IO','IOT');
INSERT INTO `contrexx_core_country` (`id`, `alpha2`, `alpha3`) VALUES (32,'BN','BRN');
INSERT INTO `contrexx_core_country` (`id`, `alpha2`, `alpha3`) VALUES (33,'BG','BGR');
INSERT INTO `contrexx_core_country` (`id`, `alpha2`, `alpha3`) VALUES (34,'BF','BFA');
INSERT INTO `contrexx_core_country` (`id`, `alpha2`, `alpha3`) VALUES (35,'BI','BDI');
INSERT INTO `contrexx_core_country` (`id`, `alpha2`, `alpha3`) VALUES (36,'KH','KHM');
INSERT INTO `contrexx_core_country` (`id`, `alpha2`, `alpha3`) VALUES (37,'CM','CMR');
INSERT INTO `contrexx_core_country` (`id`, `alpha2`, `alpha3`) VALUES (38,'CA','CAN');
INSERT INTO `contrexx_core_country` (`id`, `alpha2`, `alpha3`) VALUES (39,'CV','CPV');
INSERT INTO `contrexx_core_country` (`id`, `alpha2`, `alpha3`) VALUES (40,'KY','CYM');
INSERT INTO `contrexx_core_country` (`id`, `alpha2`, `alpha3`) VALUES (41,'CF','CAF');
INSERT INTO `contrexx_core_country` (`id`, `alpha2`, `alpha3`) VALUES (42,'TD','TCD');
INSERT INTO `contrexx_core_country` (`id`, `alpha2`, `alpha3`) VALUES (43,'CL','CHL');
INSERT INTO `contrexx_core_country` (`id`, `alpha2`, `alpha3`) VALUES (44,'CN','CHN');
INSERT INTO `contrexx_core_country` (`id`, `alpha2`, `alpha3`) VALUES (45,'CX','CXR');
INSERT INTO `contrexx_core_country` (`id`, `alpha2`, `alpha3`) VALUES (46,'CC','CCK');
INSERT INTO `contrexx_core_country` (`id`, `alpha2`, `alpha3`) VALUES (47,'CO','COL');
INSERT INTO `contrexx_core_country` (`id`, `alpha2`, `alpha3`) VALUES (48,'KM','COM');
INSERT INTO `contrexx_core_country` (`id`, `alpha2`, `alpha3`) VALUES (49,'CG','COG');
INSERT INTO `contrexx_core_country` (`id`, `alpha2`, `alpha3`) VALUES (50,'CK','COK');
INSERT INTO `contrexx_core_country` (`id`, `alpha2`, `alpha3`) VALUES (51,'CR','CRI');
INSERT INTO `contrexx_core_country` (`id`, `alpha2`, `alpha3`) VALUES (52,'CI','CIV');
INSERT INTO `contrexx_core_country` (`id`, `alpha2`, `alpha3`) VALUES (53,'HR','HRV');
INSERT INTO `contrexx_core_country` (`id`, `alpha2`, `alpha3`) VALUES (54,'CU','CUB');
INSERT INTO `contrexx_core_country` (`id`, `alpha2`, `alpha3`) VALUES (55,'CY','CYP');
INSERT INTO `contrexx_core_country` (`id`, `alpha2`, `alpha3`) VALUES (56,'CZ','CZE');
INSERT INTO `contrexx_core_country` (`id`, `alpha2`, `alpha3`) VALUES (57,'DK','DNK');
INSERT INTO `contrexx_core_country` (`id`, `alpha2`, `alpha3`) VALUES (58,'DJ','DJI');
INSERT INTO `contrexx_core_country` (`id`, `alpha2`, `alpha3`) VALUES (59,'DM','DMA');
INSERT INTO `contrexx_core_country` (`id`, `alpha2`, `alpha3`) VALUES (60,'DO','DOM');
INSERT INTO `contrexx_core_country` (`id`, `alpha2`, `alpha3`) VALUES (61,'TL','TLS');
INSERT INTO `contrexx_core_country` (`id`, `alpha2`, `alpha3`) VALUES (62,'EC','ECU');
INSERT INTO `contrexx_core_country` (`id`, `alpha2`, `alpha3`) VALUES (63,'EG','EGY');
INSERT INTO `contrexx_core_country` (`id`, `alpha2`, `alpha3`) VALUES (64,'SV','SLV');
INSERT INTO `contrexx_core_country` (`id`, `alpha2`, `alpha3`) VALUES (65,'GQ','GNQ');
INSERT INTO `contrexx_core_country` (`id`, `alpha2`, `alpha3`) VALUES (66,'ER','ERI');
INSERT INTO `contrexx_core_country` (`id`, `alpha2`, `alpha3`) VALUES (67,'EE','EST');
INSERT INTO `contrexx_core_country` (`id`, `alpha2`, `alpha3`) VALUES (68,'ET','ETH');
INSERT INTO `contrexx_core_country` (`id`, `alpha2`, `alpha3`) VALUES (69,'FK','FLK');
INSERT INTO `contrexx_core_country` (`id`, `alpha2`, `alpha3`) VALUES (70,'FO','FRO');
INSERT INTO `contrexx_core_country` (`id`, `alpha2`, `alpha3`) VALUES (71,'FJ','FJI');
INSERT INTO `contrexx_core_country` (`id`, `alpha2`, `alpha3`) VALUES (72,'FI','FIN');
INSERT INTO `contrexx_core_country` (`id`, `alpha2`, `alpha3`) VALUES (73,'FR','FRA');
INSERT INTO `contrexx_core_country` (`id`, `alpha2`, `alpha3`) VALUES (75,'GF','GUF');
INSERT INTO `contrexx_core_country` (`id`, `alpha2`, `alpha3`) VALUES (76,'PF','PYF');
INSERT INTO `contrexx_core_country` (`id`, `alpha2`, `alpha3`) VALUES (77,'TF','ATF');
INSERT INTO `contrexx_core_country` (`id`, `alpha2`, `alpha3`) VALUES (78,'GA','GAB');
INSERT INTO `contrexx_core_country` (`id`, `alpha2`, `alpha3`) VALUES (79,'GM','GMB');
INSERT INTO `contrexx_core_country` (`id`, `alpha2`, `alpha3`) VALUES (80,'GE','GEO');
INSERT INTO `contrexx_core_country` (`id`, `alpha2`, `alpha3`) VALUES (81,'DE','DEU');
INSERT INTO `contrexx_core_country` (`id`, `alpha2`, `alpha3`) VALUES (82,'GH','GHA');
INSERT INTO `contrexx_core_country` (`id`, `alpha2`, `alpha3`) VALUES (83,'GI','GIB');
INSERT INTO `contrexx_core_country` (`id`, `alpha2`, `alpha3`) VALUES (84,'GR','GRC');
INSERT INTO `contrexx_core_country` (`id`, `alpha2`, `alpha3`) VALUES (85,'GL','GRL');
INSERT INTO `contrexx_core_country` (`id`, `alpha2`, `alpha3`) VALUES (86,'GD','GRD');
INSERT INTO `contrexx_core_country` (`id`, `alpha2`, `alpha3`) VALUES (87,'GP','GLP');
INSERT INTO `contrexx_core_country` (`id`, `alpha2`, `alpha3`) VALUES (88,'GU','GUM');
INSERT INTO `contrexx_core_country` (`id`, `alpha2`, `alpha3`) VALUES (89,'GT','GTM');
INSERT INTO `contrexx_core_country` (`id`, `alpha2`, `alpha3`) VALUES (90,'GN','GIN');
INSERT INTO `contrexx_core_country` (`id`, `alpha2`, `alpha3`) VALUES (91,'GW','GNB');
INSERT INTO `contrexx_core_country` (`id`, `alpha2`, `alpha3`) VALUES (92,'GY','GUY');
INSERT INTO `contrexx_core_country` (`id`, `alpha2`, `alpha3`) VALUES (93,'HT','HTI');
INSERT INTO `contrexx_core_country` (`id`, `alpha2`, `alpha3`) VALUES (94,'HM','HMD');
INSERT INTO `contrexx_core_country` (`id`, `alpha2`, `alpha3`) VALUES (95,'HN','HND');
INSERT INTO `contrexx_core_country` (`id`, `alpha2`, `alpha3`) VALUES (96,'HK','HKG');
INSERT INTO `contrexx_core_country` (`id`, `alpha2`, `alpha3`) VALUES (97,'HU','HUN');
INSERT INTO `contrexx_core_country` (`id`, `alpha2`, `alpha3`) VALUES (98,'IS','ISL');
INSERT INTO `contrexx_core_country` (`id`, `alpha2`, `alpha3`) VALUES (99,'IN','IND');
INSERT INTO `contrexx_core_country` (`id`, `alpha2`, `alpha3`) VALUES (100,'ID','IDN');
INSERT INTO `contrexx_core_country` (`id`, `alpha2`, `alpha3`) VALUES (101,'IR','IRN');
INSERT INTO `contrexx_core_country` (`id`, `alpha2`, `alpha3`) VALUES (102,'IQ','IRQ');
INSERT INTO `contrexx_core_country` (`id`, `alpha2`, `alpha3`) VALUES (103,'IE','IRL');
INSERT INTO `contrexx_core_country` (`id`, `alpha2`, `alpha3`) VALUES (104,'IL','ISR');
INSERT INTO `contrexx_core_country` (`id`, `alpha2`, `alpha3`) VALUES (105,'IT','ITA');
INSERT INTO `contrexx_core_country` (`id`, `alpha2`, `alpha3`) VALUES (106,'JM','JAM');
INSERT INTO `contrexx_core_country` (`id`, `alpha2`, `alpha3`) VALUES (107,'JP','JPN');
INSERT INTO `contrexx_core_country` (`id`, `alpha2`, `alpha3`) VALUES (108,'JO','JOR');
INSERT INTO `contrexx_core_country` (`id`, `alpha2`, `alpha3`) VALUES (109,'KZ','KAZ');
INSERT INTO `contrexx_core_country` (`id`, `alpha2`, `alpha3`) VALUES (110,'KE','KEN');
INSERT INTO `contrexx_core_country` (`id`, `alpha2`, `alpha3`) VALUES (111,'KI','KIR');
INSERT INTO `contrexx_core_country` (`id`, `alpha2`, `alpha3`) VALUES (112,'KP','PRK');
INSERT INTO `contrexx_core_country` (`id`, `alpha2`, `alpha3`) VALUES (113,'KR','KOR');
INSERT INTO `contrexx_core_country` (`id`, `alpha2`, `alpha3`) VALUES (114,'KW','KWT');
INSERT INTO `contrexx_core_country` (`id`, `alpha2`, `alpha3`) VALUES (115,'KG','KGZ');
INSERT INTO `contrexx_core_country` (`id`, `alpha2`, `alpha3`) VALUES (116,'LA','LAO');
INSERT INTO `contrexx_core_country` (`id`, `alpha2`, `alpha3`) VALUES (117,'LV','LVA');
INSERT INTO `contrexx_core_country` (`id`, `alpha2`, `alpha3`) VALUES (118,'LB','LBN');
INSERT INTO `contrexx_core_country` (`id`, `alpha2`, `alpha3`) VALUES (119,'LS','LSO');
INSERT INTO `contrexx_core_country` (`id`, `alpha2`, `alpha3`) VALUES (120,'LR','LBR');
INSERT INTO `contrexx_core_country` (`id`, `alpha2`, `alpha3`) VALUES (121,'LY','LBY');
INSERT INTO `contrexx_core_country` (`id`, `alpha2`, `alpha3`) VALUES (122,'LI','LIE');
INSERT INTO `contrexx_core_country` (`id`, `alpha2`, `alpha3`) VALUES (123,'LT','LTU');
INSERT INTO `contrexx_core_country` (`id`, `alpha2`, `alpha3`) VALUES (124,'LU','LUX');
INSERT INTO `contrexx_core_country` (`id`, `alpha2`, `alpha3`) VALUES (125,'MO','MAC');
INSERT INTO `contrexx_core_country` (`id`, `alpha2`, `alpha3`) VALUES (126,'MK','MKD');
INSERT INTO `contrexx_core_country` (`id`, `alpha2`, `alpha3`) VALUES (127,'MG','MDG');
INSERT INTO `contrexx_core_country` (`id`, `alpha2`, `alpha3`) VALUES (128,'MW','MWI');
INSERT INTO `contrexx_core_country` (`id`, `alpha2`, `alpha3`) VALUES (129,'MY','MYS');
INSERT INTO `contrexx_core_country` (`id`, `alpha2`, `alpha3`) VALUES (130,'MV','MDV');
INSERT INTO `contrexx_core_country` (`id`, `alpha2`, `alpha3`) VALUES (131,'ML','MLI');
INSERT INTO `contrexx_core_country` (`id`, `alpha2`, `alpha3`) VALUES (132,'MT','MLT');
INSERT INTO `contrexx_core_country` (`id`, `alpha2`, `alpha3`) VALUES (133,'MH','MHL');
INSERT INTO `contrexx_core_country` (`id`, `alpha2`, `alpha3`) VALUES (134,'MQ','MTQ');
INSERT INTO `contrexx_core_country` (`id`, `alpha2`, `alpha3`) VALUES (135,'MR','MRT');
INSERT INTO `contrexx_core_country` (`id`, `alpha2`, `alpha3`) VALUES (136,'MU','MUS');
INSERT INTO `contrexx_core_country` (`id`, `alpha2`, `alpha3`) VALUES (137,'YT','MYT');
INSERT INTO `contrexx_core_country` (`id`, `alpha2`, `alpha3`) VALUES (138,'MX','MEX');
INSERT INTO `contrexx_core_country` (`id`, `alpha2`, `alpha3`) VALUES (139,'FM','FSM');
INSERT INTO `contrexx_core_country` (`id`, `alpha2`, `alpha3`) VALUES (140,'MD','MDA');
INSERT INTO `contrexx_core_country` (`id`, `alpha2`, `alpha3`) VALUES (141,'MC','MCO');
INSERT INTO `contrexx_core_country` (`id`, `alpha2`, `alpha3`) VALUES (142,'MN','MNG');
INSERT INTO `contrexx_core_country` (`id`, `alpha2`, `alpha3`) VALUES (143,'MS','MSR');
INSERT INTO `contrexx_core_country` (`id`, `alpha2`, `alpha3`) VALUES (144,'MA','MAR');
INSERT INTO `contrexx_core_country` (`id`, `alpha2`, `alpha3`) VALUES (145,'MZ','MOZ');
INSERT INTO `contrexx_core_country` (`id`, `alpha2`, `alpha3`) VALUES (146,'MM','MMR');
INSERT INTO `contrexx_core_country` (`id`, `alpha2`, `alpha3`) VALUES (147,'NA','NAM');
INSERT INTO `contrexx_core_country` (`id`, `alpha2`, `alpha3`) VALUES (148,'NR','NRU');
INSERT INTO `contrexx_core_country` (`id`, `alpha2`, `alpha3`) VALUES (149,'NP','NPL');
INSERT INTO `contrexx_core_country` (`id`, `alpha2`, `alpha3`) VALUES (150,'NL','NLD');
INSERT INTO `contrexx_core_country` (`id`, `alpha2`, `alpha3`) VALUES (152,'NC','NCL');
INSERT INTO `contrexx_core_country` (`id`, `alpha2`, `alpha3`) VALUES (153,'NZ','NZL');
INSERT INTO `contrexx_core_country` (`id`, `alpha2`, `alpha3`) VALUES (154,'NI','NIC');
INSERT INTO `contrexx_core_country` (`id`, `alpha2`, `alpha3`) VALUES (155,'NE','NER');
INSERT INTO `contrexx_core_country` (`id`, `alpha2`, `alpha3`) VALUES (156,'NG','NGA');
INSERT INTO `contrexx_core_country` (`id`, `alpha2`, `alpha3`) VALUES (157,'NU','NIU');
INSERT INTO `contrexx_core_country` (`id`, `alpha2`, `alpha3`) VALUES (158,'NF','NFK');
INSERT INTO `contrexx_core_country` (`id`, `alpha2`, `alpha3`) VALUES (159,'MP','MNP');
INSERT INTO `contrexx_core_country` (`id`, `alpha2`, `alpha3`) VALUES (160,'NO','NOR');
INSERT INTO `contrexx_core_country` (`id`, `alpha2`, `alpha3`) VALUES (161,'OM','OMN');
INSERT INTO `contrexx_core_country` (`id`, `alpha2`, `alpha3`) VALUES (162,'PK','PAK');
INSERT INTO `contrexx_core_country` (`id`, `alpha2`, `alpha3`) VALUES (163,'PW','PLW');
INSERT INTO `contrexx_core_country` (`id`, `alpha2`, `alpha3`) VALUES (164,'PA','PAN');
INSERT INTO `contrexx_core_country` (`id`, `alpha2`, `alpha3`) VALUES (165,'PG','PNG');
INSERT INTO `contrexx_core_country` (`id`, `alpha2`, `alpha3`) VALUES (166,'PY','PRY');
INSERT INTO `contrexx_core_country` (`id`, `alpha2`, `alpha3`) VALUES (167,'PE','PER');
INSERT INTO `contrexx_core_country` (`id`, `alpha2`, `alpha3`) VALUES (168,'PH','PHL');
INSERT INTO `contrexx_core_country` (`id`, `alpha2`, `alpha3`) VALUES (169,'PN','PCN');
INSERT INTO `contrexx_core_country` (`id`, `alpha2`, `alpha3`) VALUES (170,'PL','POL');
INSERT INTO `contrexx_core_country` (`id`, `alpha2`, `alpha3`) VALUES (171,'PT','PRT');
INSERT INTO `contrexx_core_country` (`id`, `alpha2`, `alpha3`) VALUES (172,'PR','PRI');
INSERT INTO `contrexx_core_country` (`id`, `alpha2`, `alpha3`) VALUES (173,'QA','QAT');
INSERT INTO `contrexx_core_country` (`id`, `alpha2`, `alpha3`) VALUES (174,'RE','REU');
INSERT INTO `contrexx_core_country` (`id`, `alpha2`, `alpha3`) VALUES (175,'RO','ROM');
INSERT INTO `contrexx_core_country` (`id`, `alpha2`, `alpha3`) VALUES (176,'RU','RUS');
INSERT INTO `contrexx_core_country` (`id`, `alpha2`, `alpha3`) VALUES (177,'RW','RWA');
INSERT INTO `contrexx_core_country` (`id`, `alpha2`, `alpha3`) VALUES (178,'KN','KNA');
INSERT INTO `contrexx_core_country` (`id`, `alpha2`, `alpha3`) VALUES (179,'LC','LCA');
INSERT INTO `contrexx_core_country` (`id`, `alpha2`, `alpha3`) VALUES (180,'VC','VCT');
INSERT INTO `contrexx_core_country` (`id`, `alpha2`, `alpha3`) VALUES (181,'WS','WSM');
INSERT INTO `contrexx_core_country` (`id`, `alpha2`, `alpha3`) VALUES (182,'SM','SMR');
INSERT INTO `contrexx_core_country` (`id`, `alpha2`, `alpha3`) VALUES (183,'ST','STP');
INSERT INTO `contrexx_core_country` (`id`, `alpha2`, `alpha3`) VALUES (184,'SA','SAU');
INSERT INTO `contrexx_core_country` (`id`, `alpha2`, `alpha3`) VALUES (185,'SN','SEN');
INSERT INTO `contrexx_core_country` (`id`, `alpha2`, `alpha3`) VALUES (186,'SC','SYC');
INSERT INTO `contrexx_core_country` (`id`, `alpha2`, `alpha3`) VALUES (187,'SL','SLE');
INSERT INTO `contrexx_core_country` (`id`, `alpha2`, `alpha3`) VALUES (188,'SG','SGP');
INSERT INTO `contrexx_core_country` (`id`, `alpha2`, `alpha3`) VALUES (189,'SK','SVK');
INSERT INTO `contrexx_core_country` (`id`, `alpha2`, `alpha3`) VALUES (190,'SI','SVN');
INSERT INTO `contrexx_core_country` (`id`, `alpha2`, `alpha3`) VALUES (191,'SB','SLB');
INSERT INTO `contrexx_core_country` (`id`, `alpha2`, `alpha3`) VALUES (192,'SO','SOM');
INSERT INTO `contrexx_core_country` (`id`, `alpha2`, `alpha3`) VALUES (193,'ZA','ZAF');
INSERT INTO `contrexx_core_country` (`id`, `alpha2`, `alpha3`) VALUES (194,'GS','SGS');
INSERT INTO `contrexx_core_country` (`id`, `alpha2`, `alpha3`) VALUES (195,'ES','ESP');
INSERT INTO `contrexx_core_country` (`id`, `alpha2`, `alpha3`) VALUES (196,'LK','LKA');
INSERT INTO `contrexx_core_country` (`id`, `alpha2`, `alpha3`) VALUES (197,'SH','SHN');
INSERT INTO `contrexx_core_country` (`id`, `alpha2`, `alpha3`) VALUES (198,'PM','SPM');
INSERT INTO `contrexx_core_country` (`id`, `alpha2`, `alpha3`) VALUES (199,'SD','SDN');
INSERT INTO `contrexx_core_country` (`id`, `alpha2`, `alpha3`) VALUES (200,'SR','SUR');
INSERT INTO `contrexx_core_country` (`id`, `alpha2`, `alpha3`) VALUES (201,'SJ','SJM');
INSERT INTO `contrexx_core_country` (`id`, `alpha2`, `alpha3`) VALUES (202,'SZ','SWZ');
INSERT INTO `contrexx_core_country` (`id`, `alpha2`, `alpha3`) VALUES (203,'SE','SWE');
INSERT INTO `contrexx_core_country` (`id`, `alpha2`, `alpha3`) VALUES (204,'CH','CHE');
INSERT INTO `contrexx_core_country` (`id`, `alpha2`, `alpha3`) VALUES (205,'SY','SYR');
INSERT INTO `contrexx_core_country` (`id`, `alpha2`, `alpha3`) VALUES (206,'TW','TWN');
INSERT INTO `contrexx_core_country` (`id`, `alpha2`, `alpha3`) VALUES (207,'TJ','TJK');
INSERT INTO `contrexx_core_country` (`id`, `alpha2`, `alpha3`) VALUES (208,'TZ','TZA');
INSERT INTO `contrexx_core_country` (`id`, `alpha2`, `alpha3`) VALUES (209,'TH','THA');
INSERT INTO `contrexx_core_country` (`id`, `alpha2`, `alpha3`) VALUES (210,'TG','TGO');
INSERT INTO `contrexx_core_country` (`id`, `alpha2`, `alpha3`) VALUES (211,'TK','TKL');
INSERT INTO `contrexx_core_country` (`id`, `alpha2`, `alpha3`) VALUES (212,'TO','TON');
INSERT INTO `contrexx_core_country` (`id`, `alpha2`, `alpha3`) VALUES (213,'TT','TTO');
INSERT INTO `contrexx_core_country` (`id`, `alpha2`, `alpha3`) VALUES (214,'TN','TUN');
INSERT INTO `contrexx_core_country` (`id`, `alpha2`, `alpha3`) VALUES (215,'TR','TUR');
INSERT INTO `contrexx_core_country` (`id`, `alpha2`, `alpha3`) VALUES (216,'TM','TKM');
INSERT INTO `contrexx_core_country` (`id`, `alpha2`, `alpha3`) VALUES (217,'TC','TCA');
INSERT INTO `contrexx_core_country` (`id`, `alpha2`, `alpha3`) VALUES (218,'TV','TUV');
INSERT INTO `contrexx_core_country` (`id`, `alpha2`, `alpha3`) VALUES (219,'UG','UGA');
INSERT INTO `contrexx_core_country` (`id`, `alpha2`, `alpha3`) VALUES (220,'UA','UKR');
INSERT INTO `contrexx_core_country` (`id`, `alpha2`, `alpha3`) VALUES (221,'AE','ARE');
INSERT INTO `contrexx_core_country` (`id`, `alpha2`, `alpha3`) VALUES (222,'GB','GBR');
INSERT INTO `contrexx_core_country` (`id`, `alpha2`, `alpha3`) VALUES (223,'US','USA');
INSERT INTO `contrexx_core_country` (`id`, `alpha2`, `alpha3`) VALUES (224,'UM','UMI');
INSERT INTO `contrexx_core_country` (`id`, `alpha2`, `alpha3`) VALUES (225,'UY','URY');
INSERT INTO `contrexx_core_country` (`id`, `alpha2`, `alpha3`) VALUES (226,'UZ','UZB');
INSERT INTO `contrexx_core_country` (`id`, `alpha2`, `alpha3`) VALUES (227,'VU','VUT');
INSERT INTO `contrexx_core_country` (`id`, `alpha2`, `alpha3`) VALUES (228,'VA','VAT');
INSERT INTO `contrexx_core_country` (`id`, `alpha2`, `alpha3`) VALUES (229,'VE','VEN');
INSERT INTO `contrexx_core_country` (`id`, `alpha2`, `alpha3`) VALUES (230,'VN','VNM');
INSERT INTO `contrexx_core_country` (`id`, `alpha2`, `alpha3`) VALUES (231,'VG','VGB');
INSERT INTO `contrexx_core_country` (`id`, `alpha2`, `alpha3`) VALUES (232,'VI','VIR');
INSERT INTO `contrexx_core_country` (`id`, `alpha2`, `alpha3`) VALUES (233,'WF','WLF');
INSERT INTO `contrexx_core_country` (`id`, `alpha2`, `alpha3`) VALUES (234,'EH','ESH');
INSERT INTO `contrexx_core_country` (`id`, `alpha2`, `alpha3`) VALUES (235,'YE','YEM');
INSERT INTO `contrexx_core_country` (`id`, `alpha2`, `alpha3`) VALUES (237,'CD','COD');
INSERT INTO `contrexx_core_country` (`id`, `alpha2`, `alpha3`) VALUES (238,'ZM','ZMB');
INSERT INTO `contrexx_core_country` (`id`, `alpha2`, `alpha3`) VALUES (239,'ZW','ZWE');
INSERT INTO `contrexx_core_country` (`id`, `alpha2`, `alpha3`) VALUES (240,'CW','CUW');
INSERT INTO `contrexx_core_country` (`id`, `alpha2`, `alpha3`) VALUES (241,'SX','SXM');
INSERT INTO `contrexx_core_country` (`id`, `alpha2`, `alpha3`) VALUES (242,'ME','MNE');
INSERT INTO `contrexx_core_country` (`id`, `alpha2`, `alpha3`) VALUES (243,'RS','SRB');
INSERT INTO `contrexx_core_country` (`id`, `alpha2`, `alpha3`) VALUES (244,'SS','SSD');
INSERT INTO `contrexx_core_country` (`id`, `alpha2`, `alpha3`) VALUES (245,'AX','ALA');
INSERT INTO `contrexx_core_country` (`id`, `alpha2`, `alpha3`) VALUES (246,'BL','BLM');
INSERT INTO `contrexx_core_country` (`id`, `alpha2`, `alpha3`) VALUES (247,'BQ','BES');
INSERT INTO `contrexx_core_country` (`id`, `alpha2`, `alpha3`) VALUES (248,'GG','GGY');
INSERT INTO `contrexx_core_country` (`id`, `alpha2`, `alpha3`) VALUES (249,'IM','IMN');
INSERT INTO `contrexx_core_country` (`id`, `alpha2`, `alpha3`) VALUES (250,'JE','JEY');
INSERT INTO `contrexx_core_country` (`id`, `alpha2`, `alpha3`) VALUES (251,'MF','MAF');
INSERT INTO `contrexx_core_country` (`id`, `alpha2`, `alpha3`) VALUES (252,'PS','PSE');
INSERT INTO `contrexx_core_country_country` (`alpha2`, `alpha3`, `ord`) VALUES ('AF','AFG',0);
INSERT INTO `contrexx_core_country_country` (`alpha2`, `alpha3`, `ord`) VALUES ('AL','ALB',0);
INSERT INTO `contrexx_core_country_country` (`alpha2`, `alpha3`, `ord`) VALUES ('DZ','DZA',0);
INSERT INTO `contrexx_core_country_country` (`alpha2`, `alpha3`, `ord`) VALUES ('AS','ASM',0);
INSERT INTO `contrexx_core_country_country` (`alpha2`, `alpha3`, `ord`) VALUES ('AD','AND',0);
INSERT INTO `contrexx_core_country_country` (`alpha2`, `alpha3`, `ord`) VALUES ('AO','AGO',0);
INSERT INTO `contrexx_core_country_country` (`alpha2`, `alpha3`, `ord`) VALUES ('AI','AIA',0);
INSERT INTO `contrexx_core_country_country` (`alpha2`, `alpha3`, `ord`) VALUES ('AQ','ATA',0);
INSERT INTO `contrexx_core_country_country` (`alpha2`, `alpha3`, `ord`) VALUES ('AG','ATG',0);
INSERT INTO `contrexx_core_country_country` (`alpha2`, `alpha3`, `ord`) VALUES ('AR','ARG',0);
INSERT INTO `contrexx_core_country_country` (`alpha2`, `alpha3`, `ord`) VALUES ('AM','ARM',0);
INSERT INTO `contrexx_core_country_country` (`alpha2`, `alpha3`, `ord`) VALUES ('AW','ABW',0);
INSERT INTO `contrexx_core_country_country` (`alpha2`, `alpha3`, `ord`) VALUES ('AU','AUS',0);
INSERT INTO `contrexx_core_country_country` (`alpha2`, `alpha3`, `ord`) VALUES ('AT','AUT',0);
INSERT INTO `contrexx_core_country_country` (`alpha2`, `alpha3`, `ord`) VALUES ('AZ','AZE',0);
INSERT INTO `contrexx_core_country_country` (`alpha2`, `alpha3`, `ord`) VALUES ('BS','BHS',0);
INSERT INTO `contrexx_core_country_country` (`alpha2`, `alpha3`, `ord`) VALUES ('BH','BHR',0);
INSERT INTO `contrexx_core_country_country` (`alpha2`, `alpha3`, `ord`) VALUES ('BD','BGD',0);
INSERT INTO `contrexx_core_country_country` (`alpha2`, `alpha3`, `ord`) VALUES ('BB','BRB',0);
INSERT INTO `contrexx_core_country_country` (`alpha2`, `alpha3`, `ord`) VALUES ('BY','BLR',0);
INSERT INTO `contrexx_core_country_country` (`alpha2`, `alpha3`, `ord`) VALUES ('BE','BEL',0);
INSERT INTO `contrexx_core_country_country` (`alpha2`, `alpha3`, `ord`) VALUES ('BZ','BLZ',0);
INSERT INTO `contrexx_core_country_country` (`alpha2`, `alpha3`, `ord`) VALUES ('BJ','BEN',0);
INSERT INTO `contrexx_core_country_country` (`alpha2`, `alpha3`, `ord`) VALUES ('BM','BMU',0);
INSERT INTO `contrexx_core_country_country` (`alpha2`, `alpha3`, `ord`) VALUES ('BT','BTN',0);
INSERT INTO `contrexx_core_country_country` (`alpha2`, `alpha3`, `ord`) VALUES ('BO','BOL',0);
INSERT INTO `contrexx_core_country_country` (`alpha2`, `alpha3`, `ord`) VALUES ('BA','BIH',0);
INSERT INTO `contrexx_core_country_country` (`alpha2`, `alpha3`, `ord`) VALUES ('BW','BWA',0);
INSERT INTO `contrexx_core_country_country` (`alpha2`, `alpha3`, `ord`) VALUES ('BV','BVT',0);
INSERT INTO `contrexx_core_country_country` (`alpha2`, `alpha3`, `ord`) VALUES ('BR','BRA',0);
INSERT INTO `contrexx_core_country_country` (`alpha2`, `alpha3`, `ord`) VALUES ('IO','IOT',0);
INSERT INTO `contrexx_core_country_country` (`alpha2`, `alpha3`, `ord`) VALUES ('BN','BRN',0);
INSERT INTO `contrexx_core_country_country` (`alpha2`, `alpha3`, `ord`) VALUES ('BG','BGR',0);
INSERT INTO `contrexx_core_country_country` (`alpha2`, `alpha3`, `ord`) VALUES ('BF','BFA',0);
INSERT INTO `contrexx_core_country_country` (`alpha2`, `alpha3`, `ord`) VALUES ('BI','BDI',0);
INSERT INTO `contrexx_core_country_country` (`alpha2`, `alpha3`, `ord`) VALUES ('KH','KHM',0);
INSERT INTO `contrexx_core_country_country` (`alpha2`, `alpha3`, `ord`) VALUES ('CM','CMR',0);
INSERT INTO `contrexx_core_country_country` (`alpha2`, `alpha3`, `ord`) VALUES ('CA','CAN',0);
INSERT INTO `contrexx_core_country_country` (`alpha2`, `alpha3`, `ord`) VALUES ('CV','CPV',0);
INSERT INTO `contrexx_core_country_country` (`alpha2`, `alpha3`, `ord`) VALUES ('KY','CYM',0);
INSERT INTO `contrexx_core_country_country` (`alpha2`, `alpha3`, `ord`) VALUES ('CF','CAF',0);
INSERT INTO `contrexx_core_country_country` (`alpha2`, `alpha3`, `ord`) VALUES ('TD','TCD',0);
INSERT INTO `contrexx_core_country_country` (`alpha2`, `alpha3`, `ord`) VALUES ('CL','CHL',0);
INSERT INTO `contrexx_core_country_country` (`alpha2`, `alpha3`, `ord`) VALUES ('CN','CHN',0);
INSERT INTO `contrexx_core_country_country` (`alpha2`, `alpha3`, `ord`) VALUES ('CX','CXR',0);
INSERT INTO `contrexx_core_country_country` (`alpha2`, `alpha3`, `ord`) VALUES ('CC','CCK',0);
INSERT INTO `contrexx_core_country_country` (`alpha2`, `alpha3`, `ord`) VALUES ('CO','COL',0);
INSERT INTO `contrexx_core_country_country` (`alpha2`, `alpha3`, `ord`) VALUES ('KM','COM',0);
INSERT INTO `contrexx_core_country_country` (`alpha2`, `alpha3`, `ord`) VALUES ('CG','COG',0);
INSERT INTO `contrexx_core_country_country` (`alpha2`, `alpha3`, `ord`) VALUES ('CK','COK',0);
INSERT INTO `contrexx_core_country_country` (`alpha2`, `alpha3`, `ord`) VALUES ('CR','CRI',0);
INSERT INTO `contrexx_core_country_country` (`alpha2`, `alpha3`, `ord`) VALUES ('CI','CIV',0);
INSERT INTO `contrexx_core_country_country` (`alpha2`, `alpha3`, `ord`) VALUES ('HR','HRV',0);
INSERT INTO `contrexx_core_country_country` (`alpha2`, `alpha3`, `ord`) VALUES ('CU','CUB',0);
INSERT INTO `contrexx_core_country_country` (`alpha2`, `alpha3`, `ord`) VALUES ('CY','CYP',0);
INSERT INTO `contrexx_core_country_country` (`alpha2`, `alpha3`, `ord`) VALUES ('CZ','CZE',0);
INSERT INTO `contrexx_core_country_country` (`alpha2`, `alpha3`, `ord`) VALUES ('DK','DNK',0);
INSERT INTO `contrexx_core_country_country` (`alpha2`, `alpha3`, `ord`) VALUES ('DJ','DJI',0);
INSERT INTO `contrexx_core_country_country` (`alpha2`, `alpha3`, `ord`) VALUES ('DM','DMA',0);
INSERT INTO `contrexx_core_country_country` (`alpha2`, `alpha3`, `ord`) VALUES ('DO','DOM',0);
INSERT INTO `contrexx_core_country_country` (`alpha2`, `alpha3`, `ord`) VALUES ('TL','TLS',0);
INSERT INTO `contrexx_core_country_country` (`alpha2`, `alpha3`, `ord`) VALUES ('EC','ECU',0);
INSERT INTO `contrexx_core_country_country` (`alpha2`, `alpha3`, `ord`) VALUES ('EG','EGY',0);
INSERT INTO `contrexx_core_country_country` (`alpha2`, `alpha3`, `ord`) VALUES ('SV','SLV',0);
INSERT INTO `contrexx_core_country_country` (`alpha2`, `alpha3`, `ord`) VALUES ('GQ','GNQ',0);
INSERT INTO `contrexx_core_country_country` (`alpha2`, `alpha3`, `ord`) VALUES ('ER','ERI',0);
INSERT INTO `contrexx_core_country_country` (`alpha2`, `alpha3`, `ord`) VALUES ('EE','EST',0);
INSERT INTO `contrexx_core_country_country` (`alpha2`, `alpha3`, `ord`) VALUES ('ET','ETH',0);
INSERT INTO `contrexx_core_country_country` (`alpha2`, `alpha3`, `ord`) VALUES ('FK','FLK',0);
INSERT INTO `contrexx_core_country_country` (`alpha2`, `alpha3`, `ord`) VALUES ('FO','FRO',0);
INSERT INTO `contrexx_core_country_country` (`alpha2`, `alpha3`, `ord`) VALUES ('FJ','FJI',0);
INSERT INTO `contrexx_core_country_country` (`alpha2`, `alpha3`, `ord`) VALUES ('FI','FIN',0);
INSERT INTO `contrexx_core_country_country` (`alpha2`, `alpha3`, `ord`) VALUES ('FR','FRA',0);
INSERT INTO `contrexx_core_country_country` (`alpha2`, `alpha3`, `ord`) VALUES ('GF','GUF',0);
INSERT INTO `contrexx_core_country_country` (`alpha2`, `alpha3`, `ord`) VALUES ('PF','PYF',0);
INSERT INTO `contrexx_core_country_country` (`alpha2`, `alpha3`, `ord`) VALUES ('TF','ATF',0);
INSERT INTO `contrexx_core_country_country` (`alpha2`, `alpha3`, `ord`) VALUES ('GA','GAB',0);
INSERT INTO `contrexx_core_country_country` (`alpha2`, `alpha3`, `ord`) VALUES ('GM','GMB',0);
INSERT INTO `contrexx_core_country_country` (`alpha2`, `alpha3`, `ord`) VALUES ('GE','GEO',0);
INSERT INTO `contrexx_core_country_country` (`alpha2`, `alpha3`, `ord`) VALUES ('DE','DEU',0);
INSERT INTO `contrexx_core_country_country` (`alpha2`, `alpha3`, `ord`) VALUES ('GH','GHA',0);
INSERT INTO `contrexx_core_country_country` (`alpha2`, `alpha3`, `ord`) VALUES ('GI','GIB',0);
INSERT INTO `contrexx_core_country_country` (`alpha2`, `alpha3`, `ord`) VALUES ('GR','GRC',0);
INSERT INTO `contrexx_core_country_country` (`alpha2`, `alpha3`, `ord`) VALUES ('GL','GRL',0);
INSERT INTO `contrexx_core_country_country` (`alpha2`, `alpha3`, `ord`) VALUES ('GD','GRD',0);
INSERT INTO `contrexx_core_country_country` (`alpha2`, `alpha3`, `ord`) VALUES ('GP','GLP',0);
INSERT INTO `contrexx_core_country_country` (`alpha2`, `alpha3`, `ord`) VALUES ('GU','GUM',0);
INSERT INTO `contrexx_core_country_country` (`alpha2`, `alpha3`, `ord`) VALUES ('GT','GTM',0);
INSERT INTO `contrexx_core_country_country` (`alpha2`, `alpha3`, `ord`) VALUES ('GN','GIN',0);
INSERT INTO `contrexx_core_country_country` (`alpha2`, `alpha3`, `ord`) VALUES ('GW','GNB',0);
INSERT INTO `contrexx_core_country_country` (`alpha2`, `alpha3`, `ord`) VALUES ('GY','GUY',0);
INSERT INTO `contrexx_core_country_country` (`alpha2`, `alpha3`, `ord`) VALUES ('HT','HTI',0);
INSERT INTO `contrexx_core_country_country` (`alpha2`, `alpha3`, `ord`) VALUES ('HM','HMD',0);
INSERT INTO `contrexx_core_country_country` (`alpha2`, `alpha3`, `ord`) VALUES ('HN','HND',0);
INSERT INTO `contrexx_core_country_country` (`alpha2`, `alpha3`, `ord`) VALUES ('HK','HKG',0);
INSERT INTO `contrexx_core_country_country` (`alpha2`, `alpha3`, `ord`) VALUES ('HU','HUN',0);
INSERT INTO `contrexx_core_country_country` (`alpha2`, `alpha3`, `ord`) VALUES ('IS','ISL',0);
INSERT INTO `contrexx_core_country_country` (`alpha2`, `alpha3`, `ord`) VALUES ('IN','IND',0);
INSERT INTO `contrexx_core_country_country` (`alpha2`, `alpha3`, `ord`) VALUES ('ID','IDN',0);
INSERT INTO `contrexx_core_country_country` (`alpha2`, `alpha3`, `ord`) VALUES ('IR','IRN',0);
INSERT INTO `contrexx_core_country_country` (`alpha2`, `alpha3`, `ord`) VALUES ('IQ','IRQ',0);
INSERT INTO `contrexx_core_country_country` (`alpha2`, `alpha3`, `ord`) VALUES ('IE','IRL',0);
INSERT INTO `contrexx_core_country_country` (`alpha2`, `alpha3`, `ord`) VALUES ('IL','ISR',0);
INSERT INTO `contrexx_core_country_country` (`alpha2`, `alpha3`, `ord`) VALUES ('IT','ITA',0);
INSERT INTO `contrexx_core_country_country` (`alpha2`, `alpha3`, `ord`) VALUES ('JM','JAM',0);
INSERT INTO `contrexx_core_country_country` (`alpha2`, `alpha3`, `ord`) VALUES ('JP','JPN',0);
INSERT INTO `contrexx_core_country_country` (`alpha2`, `alpha3`, `ord`) VALUES ('JO','JOR',0);
INSERT INTO `contrexx_core_country_country` (`alpha2`, `alpha3`, `ord`) VALUES ('KZ','KAZ',0);
INSERT INTO `contrexx_core_country_country` (`alpha2`, `alpha3`, `ord`) VALUES ('KE','KEN',0);
INSERT INTO `contrexx_core_country_country` (`alpha2`, `alpha3`, `ord`) VALUES ('KI','KIR',0);
INSERT INTO `contrexx_core_country_country` (`alpha2`, `alpha3`, `ord`) VALUES ('KP','PRK',0);
INSERT INTO `contrexx_core_country_country` (`alpha2`, `alpha3`, `ord`) VALUES ('KR','KOR',0);
INSERT INTO `contrexx_core_country_country` (`alpha2`, `alpha3`, `ord`) VALUES ('KW','KWT',0);
INSERT INTO `contrexx_core_country_country` (`alpha2`, `alpha3`, `ord`) VALUES ('KG','KGZ',0);
INSERT INTO `contrexx_core_country_country` (`alpha2`, `alpha3`, `ord`) VALUES ('LA','LAO',0);
INSERT INTO `contrexx_core_country_country` (`alpha2`, `alpha3`, `ord`) VALUES ('LV','LVA',0);
INSERT INTO `contrexx_core_country_country` (`alpha2`, `alpha3`, `ord`) VALUES ('LB','LBN',0);
INSERT INTO `contrexx_core_country_country` (`alpha2`, `alpha3`, `ord`) VALUES ('LS','LSO',0);
INSERT INTO `contrexx_core_country_country` (`alpha2`, `alpha3`, `ord`) VALUES ('LR','LBR',0);
INSERT INTO `contrexx_core_country_country` (`alpha2`, `alpha3`, `ord`) VALUES ('LY','LBY',0);
INSERT INTO `contrexx_core_country_country` (`alpha2`, `alpha3`, `ord`) VALUES ('LI','LIE',0);
INSERT INTO `contrexx_core_country_country` (`alpha2`, `alpha3`, `ord`) VALUES ('LT','LTU',0);
INSERT INTO `contrexx_core_country_country` (`alpha2`, `alpha3`, `ord`) VALUES ('LU','LUX',0);
INSERT INTO `contrexx_core_country_country` (`alpha2`, `alpha3`, `ord`) VALUES ('MO','MAC',0);
INSERT INTO `contrexx_core_country_country` (`alpha2`, `alpha3`, `ord`) VALUES ('MK','MKD',0);
INSERT INTO `contrexx_core_country_country` (`alpha2`, `alpha3`, `ord`) VALUES ('MG','MDG',0);
INSERT INTO `contrexx_core_country_country` (`alpha2`, `alpha3`, `ord`) VALUES ('MW','MWI',0);
INSERT INTO `contrexx_core_country_country` (`alpha2`, `alpha3`, `ord`) VALUES ('MY','MYS',0);
INSERT INTO `contrexx_core_country_country` (`alpha2`, `alpha3`, `ord`) VALUES ('MV','MDV',0);
INSERT INTO `contrexx_core_country_country` (`alpha2`, `alpha3`, `ord`) VALUES ('ML','MLI',0);
INSERT INTO `contrexx_core_country_country` (`alpha2`, `alpha3`, `ord`) VALUES ('MT','MLT',0);
INSERT INTO `contrexx_core_country_country` (`alpha2`, `alpha3`, `ord`) VALUES ('MH','MHL',0);
INSERT INTO `contrexx_core_country_country` (`alpha2`, `alpha3`, `ord`) VALUES ('MQ','MTQ',0);
INSERT INTO `contrexx_core_country_country` (`alpha2`, `alpha3`, `ord`) VALUES ('MR','MRT',0);
INSERT INTO `contrexx_core_country_country` (`alpha2`, `alpha3`, `ord`) VALUES ('MU','MUS',0);
INSERT INTO `contrexx_core_country_country` (`alpha2`, `alpha3`, `ord`) VALUES ('YT','MYT',0);
INSERT INTO `contrexx_core_country_country` (`alpha2`, `alpha3`, `ord`) VALUES ('MX','MEX',0);
INSERT INTO `contrexx_core_country_country` (`alpha2`, `alpha3`, `ord`) VALUES ('FM','FSM',0);
INSERT INTO `contrexx_core_country_country` (`alpha2`, `alpha3`, `ord`) VALUES ('MD','MDA',0);
INSERT INTO `contrexx_core_country_country` (`alpha2`, `alpha3`, `ord`) VALUES ('MC','MCO',0);
INSERT INTO `contrexx_core_country_country` (`alpha2`, `alpha3`, `ord`) VALUES ('MN','MNG',0);
INSERT INTO `contrexx_core_country_country` (`alpha2`, `alpha3`, `ord`) VALUES ('MS','MSR',0);
INSERT INTO `contrexx_core_country_country` (`alpha2`, `alpha3`, `ord`) VALUES ('MA','MAR',0);
INSERT INTO `contrexx_core_country_country` (`alpha2`, `alpha3`, `ord`) VALUES ('MZ','MOZ',0);
INSERT INTO `contrexx_core_country_country` (`alpha2`, `alpha3`, `ord`) VALUES ('MM','MMR',0);
INSERT INTO `contrexx_core_country_country` (`alpha2`, `alpha3`, `ord`) VALUES ('NA','NAM',0);
INSERT INTO `contrexx_core_country_country` (`alpha2`, `alpha3`, `ord`) VALUES ('NR','NRU',0);
INSERT INTO `contrexx_core_country_country` (`alpha2`, `alpha3`, `ord`) VALUES ('NP','NPL',0);
INSERT INTO `contrexx_core_country_country` (`alpha2`, `alpha3`, `ord`) VALUES ('NL','NLD',0);
INSERT INTO `contrexx_core_country_country` (`alpha2`, `alpha3`, `ord`) VALUES ('NC','NCL',0);
INSERT INTO `contrexx_core_country_country` (`alpha2`, `alpha3`, `ord`) VALUES ('NZ','NZL',0);
INSERT INTO `contrexx_core_country_country` (`alpha2`, `alpha3`, `ord`) VALUES ('NI','NIC',0);
INSERT INTO `contrexx_core_country_country` (`alpha2`, `alpha3`, `ord`) VALUES ('NE','NER',0);
INSERT INTO `contrexx_core_country_country` (`alpha2`, `alpha3`, `ord`) VALUES ('NG','NGA',0);
INSERT INTO `contrexx_core_country_country` (`alpha2`, `alpha3`, `ord`) VALUES ('NU','NIU',0);
INSERT INTO `contrexx_core_country_country` (`alpha2`, `alpha3`, `ord`) VALUES ('NF','NFK',0);
INSERT INTO `contrexx_core_country_country` (`alpha2`, `alpha3`, `ord`) VALUES ('MP','MNP',0);
INSERT INTO `contrexx_core_country_country` (`alpha2`, `alpha3`, `ord`) VALUES ('NO','NOR',0);
INSERT INTO `contrexx_core_country_country` (`alpha2`, `alpha3`, `ord`) VALUES ('OM','OMN',0);
INSERT INTO `contrexx_core_country_country` (`alpha2`, `alpha3`, `ord`) VALUES ('PK','PAK',0);
INSERT INTO `contrexx_core_country_country` (`alpha2`, `alpha3`, `ord`) VALUES ('PW','PLW',0);
INSERT INTO `contrexx_core_country_country` (`alpha2`, `alpha3`, `ord`) VALUES ('PA','PAN',0);
INSERT INTO `contrexx_core_country_country` (`alpha2`, `alpha3`, `ord`) VALUES ('PG','PNG',0);
INSERT INTO `contrexx_core_country_country` (`alpha2`, `alpha3`, `ord`) VALUES ('PY','PRY',0);
INSERT INTO `contrexx_core_country_country` (`alpha2`, `alpha3`, `ord`) VALUES ('PE','PER',0);
INSERT INTO `contrexx_core_country_country` (`alpha2`, `alpha3`, `ord`) VALUES ('PH','PHL',0);
INSERT INTO `contrexx_core_country_country` (`alpha2`, `alpha3`, `ord`) VALUES ('PN','PCN',0);
INSERT INTO `contrexx_core_country_country` (`alpha2`, `alpha3`, `ord`) VALUES ('PL','POL',0);
INSERT INTO `contrexx_core_country_country` (`alpha2`, `alpha3`, `ord`) VALUES ('PT','PRT',0);
INSERT INTO `contrexx_core_country_country` (`alpha2`, `alpha3`, `ord`) VALUES ('PR','PRI',0);
INSERT INTO `contrexx_core_country_country` (`alpha2`, `alpha3`, `ord`) VALUES ('QA','QAT',0);
INSERT INTO `contrexx_core_country_country` (`alpha2`, `alpha3`, `ord`) VALUES ('RE','REU',0);
INSERT INTO `contrexx_core_country_country` (`alpha2`, `alpha3`, `ord`) VALUES ('RO','ROM',0);
INSERT INTO `contrexx_core_country_country` (`alpha2`, `alpha3`, `ord`) VALUES ('RU','RUS',0);
INSERT INTO `contrexx_core_country_country` (`alpha2`, `alpha3`, `ord`) VALUES ('RW','RWA',0);
INSERT INTO `contrexx_core_country_country` (`alpha2`, `alpha3`, `ord`) VALUES ('KN','KNA',0);
INSERT INTO `contrexx_core_country_country` (`alpha2`, `alpha3`, `ord`) VALUES ('LC','LCA',0);
INSERT INTO `contrexx_core_country_country` (`alpha2`, `alpha3`, `ord`) VALUES ('VC','VCT',0);
INSERT INTO `contrexx_core_country_country` (`alpha2`, `alpha3`, `ord`) VALUES ('WS','WSM',0);
INSERT INTO `contrexx_core_country_country` (`alpha2`, `alpha3`, `ord`) VALUES ('SM','SMR',0);
INSERT INTO `contrexx_core_country_country` (`alpha2`, `alpha3`, `ord`) VALUES ('ST','STP',0);
INSERT INTO `contrexx_core_country_country` (`alpha2`, `alpha3`, `ord`) VALUES ('SA','SAU',0);
INSERT INTO `contrexx_core_country_country` (`alpha2`, `alpha3`, `ord`) VALUES ('SN','SEN',0);
INSERT INTO `contrexx_core_country_country` (`alpha2`, `alpha3`, `ord`) VALUES ('SC','SYC',0);
INSERT INTO `contrexx_core_country_country` (`alpha2`, `alpha3`, `ord`) VALUES ('SL','SLE',0);
INSERT INTO `contrexx_core_country_country` (`alpha2`, `alpha3`, `ord`) VALUES ('SG','SGP',0);
INSERT INTO `contrexx_core_country_country` (`alpha2`, `alpha3`, `ord`) VALUES ('SK','SVK',0);
INSERT INTO `contrexx_core_country_country` (`alpha2`, `alpha3`, `ord`) VALUES ('SI','SVN',0);
INSERT INTO `contrexx_core_country_country` (`alpha2`, `alpha3`, `ord`) VALUES ('SB','SLB',0);
INSERT INTO `contrexx_core_country_country` (`alpha2`, `alpha3`, `ord`) VALUES ('SO','SOM',0);
INSERT INTO `contrexx_core_country_country` (`alpha2`, `alpha3`, `ord`) VALUES ('ZA','ZAF',0);
INSERT INTO `contrexx_core_country_country` (`alpha2`, `alpha3`, `ord`) VALUES ('GS','SGS',0);
INSERT INTO `contrexx_core_country_country` (`alpha2`, `alpha3`, `ord`) VALUES ('ES','ESP',0);
INSERT INTO `contrexx_core_country_country` (`alpha2`, `alpha3`, `ord`) VALUES ('LK','LKA',0);
INSERT INTO `contrexx_core_country_country` (`alpha2`, `alpha3`, `ord`) VALUES ('SH','SHN',0);
INSERT INTO `contrexx_core_country_country` (`alpha2`, `alpha3`, `ord`) VALUES ('PM','SPM',0);
INSERT INTO `contrexx_core_country_country` (`alpha2`, `alpha3`, `ord`) VALUES ('SD','SDN',0);
INSERT INTO `contrexx_core_country_country` (`alpha2`, `alpha3`, `ord`) VALUES ('SR','SUR',0);
INSERT INTO `contrexx_core_country_country` (`alpha2`, `alpha3`, `ord`) VALUES ('SJ','SJM',0);
INSERT INTO `contrexx_core_country_country` (`alpha2`, `alpha3`, `ord`) VALUES ('SZ','SWZ',0);
INSERT INTO `contrexx_core_country_country` (`alpha2`, `alpha3`, `ord`) VALUES ('SE','SWE',0);
INSERT INTO `contrexx_core_country_country` (`alpha2`, `alpha3`, `ord`) VALUES ('CH','CHE',0);
INSERT INTO `contrexx_core_country_country` (`alpha2`, `alpha3`, `ord`) VALUES ('SY','SYR',0);
INSERT INTO `contrexx_core_country_country` (`alpha2`, `alpha3`, `ord`) VALUES ('TW','TWN',0);
INSERT INTO `contrexx_core_country_country` (`alpha2`, `alpha3`, `ord`) VALUES ('TJ','TJK',0);
INSERT INTO `contrexx_core_country_country` (`alpha2`, `alpha3`, `ord`) VALUES ('TZ','TZA',0);
INSERT INTO `contrexx_core_country_country` (`alpha2`, `alpha3`, `ord`) VALUES ('TH','THA',0);
INSERT INTO `contrexx_core_country_country` (`alpha2`, `alpha3`, `ord`) VALUES ('TG','TGO',0);
INSERT INTO `contrexx_core_country_country` (`alpha2`, `alpha3`, `ord`) VALUES ('TK','TKL',0);
INSERT INTO `contrexx_core_country_country` (`alpha2`, `alpha3`, `ord`) VALUES ('TO','TON',0);
INSERT INTO `contrexx_core_country_country` (`alpha2`, `alpha3`, `ord`) VALUES ('TT','TTO',0);
INSERT INTO `contrexx_core_country_country` (`alpha2`, `alpha3`, `ord`) VALUES ('TN','TUN',0);
INSERT INTO `contrexx_core_country_country` (`alpha2`, `alpha3`, `ord`) VALUES ('TR','TUR',0);
INSERT INTO `contrexx_core_country_country` (`alpha2`, `alpha3`, `ord`) VALUES ('TM','TKM',0);
INSERT INTO `contrexx_core_country_country` (`alpha2`, `alpha3`, `ord`) VALUES ('TC','TCA',0);
INSERT INTO `contrexx_core_country_country` (`alpha2`, `alpha3`, `ord`) VALUES ('TV','TUV',0);
INSERT INTO `contrexx_core_country_country` (`alpha2`, `alpha3`, `ord`) VALUES ('UG','UGA',0);
INSERT INTO `contrexx_core_country_country` (`alpha2`, `alpha3`, `ord`) VALUES ('UA','UKR',0);
INSERT INTO `contrexx_core_country_country` (`alpha2`, `alpha3`, `ord`) VALUES ('AE','ARE',0);
INSERT INTO `contrexx_core_country_country` (`alpha2`, `alpha3`, `ord`) VALUES ('GB','GBR',0);
INSERT INTO `contrexx_core_country_country` (`alpha2`, `alpha3`, `ord`) VALUES ('US','USA',0);
INSERT INTO `contrexx_core_country_country` (`alpha2`, `alpha3`, `ord`) VALUES ('UM','UMI',0);
INSERT INTO `contrexx_core_country_country` (`alpha2`, `alpha3`, `ord`) VALUES ('UY','URY',0);
INSERT INTO `contrexx_core_country_country` (`alpha2`, `alpha3`, `ord`) VALUES ('UZ','UZB',0);
INSERT INTO `contrexx_core_country_country` (`alpha2`, `alpha3`, `ord`) VALUES ('VU','VUT',0);
INSERT INTO `contrexx_core_country_country` (`alpha2`, `alpha3`, `ord`) VALUES ('VA','VAT',0);
INSERT INTO `contrexx_core_country_country` (`alpha2`, `alpha3`, `ord`) VALUES ('VE','VEN',0);
INSERT INTO `contrexx_core_country_country` (`alpha2`, `alpha3`, `ord`) VALUES ('VN','VNM',0);
INSERT INTO `contrexx_core_country_country` (`alpha2`, `alpha3`, `ord`) VALUES ('VG','VGB',0);
INSERT INTO `contrexx_core_country_country` (`alpha2`, `alpha3`, `ord`) VALUES ('VI','VIR',0);
INSERT INTO `contrexx_core_country_country` (`alpha2`, `alpha3`, `ord`) VALUES ('WF','WLF',0);
INSERT INTO `contrexx_core_country_country` (`alpha2`, `alpha3`, `ord`) VALUES ('EH','ESH',0);
INSERT INTO `contrexx_core_country_country` (`alpha2`, `alpha3`, `ord`) VALUES ('YE','YEM',0);
INSERT INTO `contrexx_core_country_country` (`alpha2`, `alpha3`, `ord`) VALUES ('CD','COD',0);
INSERT INTO `contrexx_core_country_country` (`alpha2`, `alpha3`, `ord`) VALUES ('ZM','ZMB',0);
INSERT INTO `contrexx_core_country_country` (`alpha2`, `alpha3`, `ord`) VALUES ('ZW','ZWE',0);
INSERT INTO `contrexx_core_country_country` (`alpha2`, `alpha3`, `ord`) VALUES ('CW','CUW',0);
INSERT INTO `contrexx_core_country_country` (`alpha2`, `alpha3`, `ord`) VALUES ('SX','SXM',0);
INSERT INTO `contrexx_core_country_country` (`alpha2`, `alpha3`, `ord`) VALUES ('ME','MNE',0);
INSERT INTO `contrexx_core_country_country` (`alpha2`, `alpha3`, `ord`) VALUES ('RS','SRB',0);
INSERT INTO `contrexx_core_country_country` (`alpha2`, `alpha3`, `ord`) VALUES ('SS','SSD',0);
INSERT INTO `contrexx_core_country_country` (`alpha2`, `alpha3`, `ord`) VALUES ('AX','ALA',0);
INSERT INTO `contrexx_core_country_country` (`alpha2`, `alpha3`, `ord`) VALUES ('BL','BLM',0);
INSERT INTO `contrexx_core_country_country` (`alpha2`, `alpha3`, `ord`) VALUES ('BQ','BES',0);
INSERT INTO `contrexx_core_country_country` (`alpha2`, `alpha3`, `ord`) VALUES ('GG','GGY',0);
INSERT INTO `contrexx_core_country_country` (`alpha2`, `alpha3`, `ord`) VALUES ('IM','IMN',0);
INSERT INTO `contrexx_core_country_country` (`alpha2`, `alpha3`, `ord`) VALUES ('JE','JEY',0);
INSERT INTO `contrexx_core_country_country` (`alpha2`, `alpha3`, `ord`) VALUES ('MF','MAF',0);
INSERT INTO `contrexx_core_country_country` (`alpha2`, `alpha3`, `ord`) VALUES ('PS','PSE',0);
INSERT INTO `contrexx_core_locale_backend` (`id`, `iso_1`) VALUES (1, 'de');
INSERT INTO `contrexx_core_locale_backend` (`id`, `iso_1`) VALUES (2, 'en');
INSERT INTO `contrexx_core_locale_language` (`iso_1`,`iso_3`,`source`) VALUES ('aa','aar',0);
INSERT INTO `contrexx_core_locale_language` (`iso_1`,`iso_3`,`source`) VALUES ('ab','abk',0);
INSERT INTO `contrexx_core_locale_language` (`iso_1`,`iso_3`,`source`) VALUES ('ae','ave',0);
INSERT INTO `contrexx_core_locale_language` (`iso_1`,`iso_3`,`source`) VALUES ('af','afr',0);
INSERT INTO `contrexx_core_locale_language` (`iso_1`,`iso_3`,`source`) VALUES ('ak','aka',0);
INSERT INTO `contrexx_core_locale_language` (`iso_1`,`iso_3`,`source`) VALUES ('am','amh',0);
INSERT INTO `contrexx_core_locale_language` (`iso_1`,`iso_3`,`source`) VALUES ('an','arg',0);
INSERT INTO `contrexx_core_locale_language` (`iso_1`,`iso_3`,`source`) VALUES ('ar','ara',0);
INSERT INTO `contrexx_core_locale_language` (`iso_1`,`iso_3`,`source`) VALUES ('as','asm',0);
INSERT INTO `contrexx_core_locale_language` (`iso_1`,`iso_3`,`source`) VALUES ('av','ava',0);
INSERT INTO `contrexx_core_locale_language` (`iso_1`,`iso_3`,`source`) VALUES ('ay','aym',0);
INSERT INTO `contrexx_core_locale_language` (`iso_1`,`iso_3`,`source`) VALUES ('az','aze',0);
INSERT INTO `contrexx_core_locale_language` (`iso_1`,`iso_3`,`source`) VALUES ('ba','bak',0);
INSERT INTO `contrexx_core_locale_language` (`iso_1`,`iso_3`,`source`) VALUES ('be','bel',0);
INSERT INTO `contrexx_core_locale_language` (`iso_1`,`iso_3`,`source`) VALUES ('bg','bul',0);
INSERT INTO `contrexx_core_locale_language` (`iso_1`,`iso_3`,`source`) VALUES ('bh','',0);
INSERT INTO `contrexx_core_locale_language` (`iso_1`,`iso_3`,`source`) VALUES ('bi','bis',0);
INSERT INTO `contrexx_core_locale_language` (`iso_1`,`iso_3`,`source`) VALUES ('bm','bam',0);
INSERT INTO `contrexx_core_locale_language` (`iso_1`,`iso_3`,`source`) VALUES ('bn','ben',0);
INSERT INTO `contrexx_core_locale_language` (`iso_1`,`iso_3`,`source`) VALUES ('bo','bod',0);
INSERT INTO `contrexx_core_locale_language` (`iso_1`,`iso_3`,`source`) VALUES ('br','bre',0);
INSERT INTO `contrexx_core_locale_language` (`iso_1`,`iso_3`,`source`) VALUES ('bs','bos',0);
INSERT INTO `contrexx_core_locale_language` (`iso_1`,`iso_3`,`source`) VALUES ('ca','cat',0);
INSERT INTO `contrexx_core_locale_language` (`iso_1`,`iso_3`,`source`) VALUES ('ce','che',0);
INSERT INTO `contrexx_core_locale_language` (`iso_1`,`iso_3`,`source`) VALUES ('ch','cha',0);
INSERT INTO `contrexx_core_locale_language` (`iso_1`,`iso_3`,`source`) VALUES ('co','cos',0);
INSERT INTO `contrexx_core_locale_language` (`iso_1`,`iso_3`,`source`) VALUES ('cr','cre',0);
INSERT INTO `contrexx_core_locale_language` (`iso_1`,`iso_3`,`source`) VALUES ('cs','ces',0);
INSERT INTO `contrexx_core_locale_language` (`iso_1`,`iso_3`,`source`) VALUES ('cu','chu',0);
INSERT INTO `contrexx_core_locale_language` (`iso_1`,`iso_3`,`source`) VALUES ('cv','chv',0);
INSERT INTO `contrexx_core_locale_language` (`iso_1`,`iso_3`,`source`) VALUES ('cy','cym',0);
INSERT INTO `contrexx_core_locale_language` (`iso_1`,`iso_3`,`source`) VALUES ('da','dan',0);
INSERT INTO `contrexx_core_locale_language` (`iso_1`,`iso_3`,`source`) VALUES ('de','deu',1);
INSERT INTO `contrexx_core_locale_language` (`iso_1`,`iso_3`,`source`) VALUES ('dv','div',0);
INSERT INTO `contrexx_core_locale_language` (`iso_1`,`iso_3`,`source`) VALUES ('dz','dzo',0);
INSERT INTO `contrexx_core_locale_language` (`iso_1`,`iso_3`,`source`) VALUES ('ee','ewe',0);
INSERT INTO `contrexx_core_locale_language` (`iso_1`,`iso_3`,`source`) VALUES ('el','ell',0);
INSERT INTO `contrexx_core_locale_language` (`iso_1`,`iso_3`,`source`) VALUES ('en','eng',1);
INSERT INTO `contrexx_core_locale_language` (`iso_1`,`iso_3`,`source`) VALUES ('eo','epo',0);
INSERT INTO `contrexx_core_locale_language` (`iso_1`,`iso_3`,`source`) VALUES ('es','spa',0);
INSERT INTO `contrexx_core_locale_language` (`iso_1`,`iso_3`,`source`) VALUES ('et','est',0);
INSERT INTO `contrexx_core_locale_language` (`iso_1`,`iso_3`,`source`) VALUES ('eu','eus',0);
INSERT INTO `contrexx_core_locale_language` (`iso_1`,`iso_3`,`source`) VALUES ('fa','fas',0);
INSERT INTO `contrexx_core_locale_language` (`iso_1`,`iso_3`,`source`) VALUES ('ff','ful',0);
INSERT INTO `contrexx_core_locale_language` (`iso_1`,`iso_3`,`source`) VALUES ('fi','fin',0);
INSERT INTO `contrexx_core_locale_language` (`iso_1`,`iso_3`,`source`) VALUES ('fj','fij',0);
INSERT INTO `contrexx_core_locale_language` (`iso_1`,`iso_3`,`source`) VALUES ('fo','fao',0);
INSERT INTO `contrexx_core_locale_language` (`iso_1`,`iso_3`,`source`) VALUES ('fr','fra',1);
INSERT INTO `contrexx_core_locale_language` (`iso_1`,`iso_3`,`source`) VALUES ('fy','fry',0);
INSERT INTO `contrexx_core_locale_language` (`iso_1`,`iso_3`,`source`) VALUES ('ga','gle',0);
INSERT INTO `contrexx_core_locale_language` (`iso_1`,`iso_3`,`source`) VALUES ('gd','gla',0);
INSERT INTO `contrexx_core_locale_language` (`iso_1`,`iso_3`,`source`) VALUES ('gl','glg',0);
INSERT INTO `contrexx_core_locale_language` (`iso_1`,`iso_3`,`source`) VALUES ('gn','grn',0);
INSERT INTO `contrexx_core_locale_language` (`iso_1`,`iso_3`,`source`) VALUES ('gu','guj',0);
INSERT INTO `contrexx_core_locale_language` (`iso_1`,`iso_3`,`source`) VALUES ('gv','glv',0);
INSERT INTO `contrexx_core_locale_language` (`iso_1`,`iso_3`,`source`) VALUES ('ha','hau',0);
INSERT INTO `contrexx_core_locale_language` (`iso_1`,`iso_3`,`source`) VALUES ('he','heb',0);
INSERT INTO `contrexx_core_locale_language` (`iso_1`,`iso_3`,`source`) VALUES ('hi','hin',0);
INSERT INTO `contrexx_core_locale_language` (`iso_1`,`iso_3`,`source`) VALUES ('ho','hmo',0);
INSERT INTO `contrexx_core_locale_language` (`iso_1`,`iso_3`,`source`) VALUES ('hr','hrv',0);
INSERT INTO `contrexx_core_locale_language` (`iso_1`,`iso_3`,`source`) VALUES ('ht','hat',0);
INSERT INTO `contrexx_core_locale_language` (`iso_1`,`iso_3`,`source`) VALUES ('hu','hun',0);
INSERT INTO `contrexx_core_locale_language` (`iso_1`,`iso_3`,`source`) VALUES ('hy','hye',0);
INSERT INTO `contrexx_core_locale_language` (`iso_1`,`iso_3`,`source`) VALUES ('hz','her',0);
INSERT INTO `contrexx_core_locale_language` (`iso_1`,`iso_3`,`source`) VALUES ('ia','ina',0);
INSERT INTO `contrexx_core_locale_language` (`iso_1`,`iso_3`,`source`) VALUES ('ie','ile',0);
INSERT INTO `contrexx_core_locale_language` (`iso_1`,`iso_3`,`source`) VALUES ('id','ind',0);
INSERT INTO `contrexx_core_locale_language` (`iso_1`,`iso_3`,`source`) VALUES ('ig','ibo',0);
INSERT INTO `contrexx_core_locale_language` (`iso_1`,`iso_3`,`source`) VALUES ('ii','iii',0);
INSERT INTO `contrexx_core_locale_language` (`iso_1`,`iso_3`,`source`) VALUES ('ik','ipk',0);
INSERT INTO `contrexx_core_locale_language` (`iso_1`,`iso_3`,`source`) VALUES ('io','ido',0);
INSERT INTO `contrexx_core_locale_language` (`iso_1`,`iso_3`,`source`) VALUES ('is','isl',0);
INSERT INTO `contrexx_core_locale_language` (`iso_1`,`iso_3`,`source`) VALUES ('it','ita',1);
INSERT INTO `contrexx_core_locale_language` (`iso_1`,`iso_3`,`source`) VALUES ('iu','iku',0);
INSERT INTO `contrexx_core_locale_language` (`iso_1`,`iso_3`,`source`) VALUES ('ja','jpn',0);
INSERT INTO `contrexx_core_locale_language` (`iso_1`,`iso_3`,`source`) VALUES ('jv','jav',0);
INSERT INTO `contrexx_core_locale_language` (`iso_1`,`iso_3`,`source`) VALUES ('ka','kat',0);
INSERT INTO `contrexx_core_locale_language` (`iso_1`,`iso_3`,`source`) VALUES ('kg','kon',0);
INSERT INTO `contrexx_core_locale_language` (`iso_1`,`iso_3`,`source`) VALUES ('ki','kik',0);
INSERT INTO `contrexx_core_locale_language` (`iso_1`,`iso_3`,`source`) VALUES ('kj','kua',0);
INSERT INTO `contrexx_core_locale_language` (`iso_1`,`iso_3`,`source`) VALUES ('kk','kaz',0);
INSERT INTO `contrexx_core_locale_language` (`iso_1`,`iso_3`,`source`) VALUES ('kl','kal',0);
INSERT INTO `contrexx_core_locale_language` (`iso_1`,`iso_3`,`source`) VALUES ('km','khm',0);
INSERT INTO `contrexx_core_locale_language` (`iso_1`,`iso_3`,`source`) VALUES ('kn','kan',0);
INSERT INTO `contrexx_core_locale_language` (`iso_1`,`iso_3`,`source`) VALUES ('ko','kor',0);
INSERT INTO `contrexx_core_locale_language` (`iso_1`,`iso_3`,`source`) VALUES ('kr','kau',0);
INSERT INTO `contrexx_core_locale_language` (`iso_1`,`iso_3`,`source`) VALUES ('ks','kas',0);
INSERT INTO `contrexx_core_locale_language` (`iso_1`,`iso_3`,`source`) VALUES ('ku','kur',0);
INSERT INTO `contrexx_core_locale_language` (`iso_1`,`iso_3`,`source`) VALUES ('kv','kom',0);
INSERT INTO `contrexx_core_locale_language` (`iso_1`,`iso_3`,`source`) VALUES ('kw','cor',0);
INSERT INTO `contrexx_core_locale_language` (`iso_1`,`iso_3`,`source`) VALUES ('ky','kir',0);
INSERT INTO `contrexx_core_locale_language` (`iso_1`,`iso_3`,`source`) VALUES ('la','lat',0);
INSERT INTO `contrexx_core_locale_language` (`iso_1`,`iso_3`,`source`) VALUES ('lb','ltz',0);
INSERT INTO `contrexx_core_locale_language` (`iso_1`,`iso_3`,`source`) VALUES ('lg','lug',0);
INSERT INTO `contrexx_core_locale_language` (`iso_1`,`iso_3`,`source`) VALUES ('li','lim',0);
INSERT INTO `contrexx_core_locale_language` (`iso_1`,`iso_3`,`source`) VALUES ('ln','lin',0);
INSERT INTO `contrexx_core_locale_language` (`iso_1`,`iso_3`,`source`) VALUES ('lo','lao',0);
INSERT INTO `contrexx_core_locale_language` (`iso_1`,`iso_3`,`source`) VALUES ('lt','lit',0);
INSERT INTO `contrexx_core_locale_language` (`iso_1`,`iso_3`,`source`) VALUES ('lu','lub',0);
INSERT INTO `contrexx_core_locale_language` (`iso_1`,`iso_3`,`source`) VALUES ('lv','lav',0);
INSERT INTO `contrexx_core_locale_language` (`iso_1`,`iso_3`,`source`) VALUES ('mg','mlg',0);
INSERT INTO `contrexx_core_locale_language` (`iso_1`,`iso_3`,`source`) VALUES ('mh','mah',0);
INSERT INTO `contrexx_core_locale_language` (`iso_1`,`iso_3`,`source`) VALUES ('mi','mri',0);
INSERT INTO `contrexx_core_locale_language` (`iso_1`,`iso_3`,`source`) VALUES ('mk','mkd',0);
INSERT INTO `contrexx_core_locale_language` (`iso_1`,`iso_3`,`source`) VALUES ('ml','mal',0);
INSERT INTO `contrexx_core_locale_language` (`iso_1`,`iso_3`,`source`) VALUES ('mn','mon',0);
INSERT INTO `contrexx_core_locale_language` (`iso_1`,`iso_3`,`source`) VALUES ('mr','mar',0);
INSERT INTO `contrexx_core_locale_language` (`iso_1`,`iso_3`,`source`) VALUES ('ms','msa',0);
INSERT INTO `contrexx_core_locale_language` (`iso_1`,`iso_3`,`source`) VALUES ('mt','mlt',0);
INSERT INTO `contrexx_core_locale_language` (`iso_1`,`iso_3`,`source`) VALUES ('my','mya',0);
INSERT INTO `contrexx_core_locale_language` (`iso_1`,`iso_3`,`source`) VALUES ('na','nau',0);
INSERT INTO `contrexx_core_locale_language` (`iso_1`,`iso_3`,`source`) VALUES ('nb','nob',0);
INSERT INTO `contrexx_core_locale_language` (`iso_1`,`iso_3`,`source`) VALUES ('nd','nde',0);
INSERT INTO `contrexx_core_locale_language` (`iso_1`,`iso_3`,`source`) VALUES ('ne','nep',0);
INSERT INTO `contrexx_core_locale_language` (`iso_1`,`iso_3`,`source`) VALUES ('ng','ndo',0);
INSERT INTO `contrexx_core_locale_language` (`iso_1`,`iso_3`,`source`) VALUES ('nl','nld',0);
INSERT INTO `contrexx_core_locale_language` (`iso_1`,`iso_3`,`source`) VALUES ('nn','nno',0);
INSERT INTO `contrexx_core_locale_language` (`iso_1`,`iso_3`,`source`) VALUES ('no','nor',0);
INSERT INTO `contrexx_core_locale_language` (`iso_1`,`iso_3`,`source`) VALUES ('nr','nbl',0);
INSERT INTO `contrexx_core_locale_language` (`iso_1`,`iso_3`,`source`) VALUES ('nv','nav',0);
INSERT INTO `contrexx_core_locale_language` (`iso_1`,`iso_3`,`source`) VALUES ('ny','nya',0);
INSERT INTO `contrexx_core_locale_language` (`iso_1`,`iso_3`,`source`) VALUES ('oc','oci',0);
INSERT INTO `contrexx_core_locale_language` (`iso_1`,`iso_3`,`source`) VALUES ('oj','oji',0);
INSERT INTO `contrexx_core_locale_language` (`iso_1`,`iso_3`,`source`) VALUES ('om','orm',0);
INSERT INTO `contrexx_core_locale_language` (`iso_1`,`iso_3`,`source`) VALUES ('or','ori',0);
INSERT INTO `contrexx_core_locale_language` (`iso_1`,`iso_3`,`source`) VALUES ('os','oss',0);
INSERT INTO `contrexx_core_locale_language` (`iso_1`,`iso_3`,`source`) VALUES ('pa','pan',0);
INSERT INTO `contrexx_core_locale_language` (`iso_1`,`iso_3`,`source`) VALUES ('pi','pli',0);
INSERT INTO `contrexx_core_locale_language` (`iso_1`,`iso_3`,`source`) VALUES ('pl','pol',0);
INSERT INTO `contrexx_core_locale_language` (`iso_1`,`iso_3`,`source`) VALUES ('ps','pus',0);
INSERT INTO `contrexx_core_locale_language` (`iso_1`,`iso_3`,`source`) VALUES ('pt','por',0);
INSERT INTO `contrexx_core_locale_language` (`iso_1`,`iso_3`,`source`) VALUES ('qu','que',0);
INSERT INTO `contrexx_core_locale_language` (`iso_1`,`iso_3`,`source`) VALUES ('rm','roh',0);
INSERT INTO `contrexx_core_locale_language` (`iso_1`,`iso_3`,`source`) VALUES ('rn','run',0);
INSERT INTO `contrexx_core_locale_language` (`iso_1`,`iso_3`,`source`) VALUES ('ro','ron',0);
INSERT INTO `contrexx_core_locale_language` (`iso_1`,`iso_3`,`source`) VALUES ('ru','rus',1);
INSERT INTO `contrexx_core_locale_language` (`iso_1`,`iso_3`,`source`) VALUES ('rw','kin',0);
INSERT INTO `contrexx_core_locale_language` (`iso_1`,`iso_3`,`source`) VALUES ('sa','san',0);
INSERT INTO `contrexx_core_locale_language` (`iso_1`,`iso_3`,`source`) VALUES ('sc','srd',0);
INSERT INTO `contrexx_core_locale_language` (`iso_1`,`iso_3`,`source`) VALUES ('sd','snd',0);
INSERT INTO `contrexx_core_locale_language` (`iso_1`,`iso_3`,`source`) VALUES ('se','sme',0);
INSERT INTO `contrexx_core_locale_language` (`iso_1`,`iso_3`,`source`) VALUES ('sg','sag',0);
INSERT INTO `contrexx_core_locale_language` (`iso_1`,`iso_3`,`source`) VALUES ('si','sin',0);
INSERT INTO `contrexx_core_locale_language` (`iso_1`,`iso_3`,`source`) VALUES ('sk','slk',0);
INSERT INTO `contrexx_core_locale_language` (`iso_1`,`iso_3`,`source`) VALUES ('sl','slv',0);
INSERT INTO `contrexx_core_locale_language` (`iso_1`,`iso_3`,`source`) VALUES ('sm','smo',0);
INSERT INTO `contrexx_core_locale_language` (`iso_1`,`iso_3`,`source`) VALUES ('sn','sna',0);
INSERT INTO `contrexx_core_locale_language` (`iso_1`,`iso_3`,`source`) VALUES ('so','som',0);
INSERT INTO `contrexx_core_locale_language` (`iso_1`,`iso_3`,`source`) VALUES ('sq','sqi',0);
INSERT INTO `contrexx_core_locale_language` (`iso_1`,`iso_3`,`source`) VALUES ('sr','srp',0);
INSERT INTO `contrexx_core_locale_language` (`iso_1`,`iso_3`,`source`) VALUES ('ss','ssw',0);
INSERT INTO `contrexx_core_locale_language` (`iso_1`,`iso_3`,`source`) VALUES ('st','sot',0);
INSERT INTO `contrexx_core_locale_language` (`iso_1`,`iso_3`,`source`) VALUES ('su','sun',0);
INSERT INTO `contrexx_core_locale_language` (`iso_1`,`iso_3`,`source`) VALUES ('sv','swe',0);
INSERT INTO `contrexx_core_locale_language` (`iso_1`,`iso_3`,`source`) VALUES ('sw','swa',0);
INSERT INTO `contrexx_core_locale_language` (`iso_1`,`iso_3`,`source`) VALUES ('ta','tam',0);
INSERT INTO `contrexx_core_locale_language` (`iso_1`,`iso_3`,`source`) VALUES ('te','tel',0);
INSERT INTO `contrexx_core_locale_language` (`iso_1`,`iso_3`,`source`) VALUES ('tg','tgk',0);
INSERT INTO `contrexx_core_locale_language` (`iso_1`,`iso_3`,`source`) VALUES ('th','tha',0);
INSERT INTO `contrexx_core_locale_language` (`iso_1`,`iso_3`,`source`) VALUES ('ti','tir',0);
INSERT INTO `contrexx_core_locale_language` (`iso_1`,`iso_3`,`source`) VALUES ('tk','tuk',0);
INSERT INTO `contrexx_core_locale_language` (`iso_1`,`iso_3`,`source`) VALUES ('tl','tgl',0);
INSERT INTO `contrexx_core_locale_language` (`iso_1`,`iso_3`,`source`) VALUES ('tn','tsn',0);
INSERT INTO `contrexx_core_locale_language` (`iso_1`,`iso_3`,`source`) VALUES ('to','ton',0);
INSERT INTO `contrexx_core_locale_language` (`iso_1`,`iso_3`,`source`) VALUES ('tr','tur',0);
INSERT INTO `contrexx_core_locale_language` (`iso_1`,`iso_3`,`source`) VALUES ('ts','tso',0);
INSERT INTO `contrexx_core_locale_language` (`iso_1`,`iso_3`,`source`) VALUES ('tt','tat',0);
INSERT INTO `contrexx_core_locale_language` (`iso_1`,`iso_3`,`source`) VALUES ('tw','twi',0);
INSERT INTO `contrexx_core_locale_language` (`iso_1`,`iso_3`,`source`) VALUES ('ty','tah',0);
INSERT INTO `contrexx_core_locale_language` (`iso_1`,`iso_3`,`source`) VALUES ('ug','uig',0);
INSERT INTO `contrexx_core_locale_language` (`iso_1`,`iso_3`,`source`) VALUES ('uk','ukr',0);
INSERT INTO `contrexx_core_locale_language` (`iso_1`,`iso_3`,`source`) VALUES ('ur','urd',0);
INSERT INTO `contrexx_core_locale_language` (`iso_1`,`iso_3`,`source`) VALUES ('uz','uzb',0);
INSERT INTO `contrexx_core_locale_language` (`iso_1`,`iso_3`,`source`) VALUES ('ve','ven',0);
INSERT INTO `contrexx_core_locale_language` (`iso_1`,`iso_3`,`source`) VALUES ('vi','vie',0);
INSERT INTO `contrexx_core_locale_language` (`iso_1`,`iso_3`,`source`) VALUES ('vo','vol',0);
INSERT INTO `contrexx_core_locale_language` (`iso_1`,`iso_3`,`source`) VALUES ('wa','wln',0);
INSERT INTO `contrexx_core_locale_language` (`iso_1`,`iso_3`,`source`) VALUES ('wo','wol',0);
INSERT INTO `contrexx_core_locale_language` (`iso_1`,`iso_3`,`source`) VALUES ('xh','xho',0);
INSERT INTO `contrexx_core_locale_language` (`iso_1`,`iso_3`,`source`) VALUES ('yi','yid',0);
INSERT INTO `contrexx_core_locale_language` (`iso_1`,`iso_3`,`source`) VALUES ('yo','yor',0);
INSERT INTO `contrexx_core_locale_language` (`iso_1`,`iso_3`,`source`) VALUES ('za','zha',0);
INSERT INTO `contrexx_core_locale_language` (`iso_1`,`iso_3`,`source`) VALUES ('zh','zho',0);
INSERT INTO `contrexx_core_locale_language` (`iso_1`,`iso_3`,`source`) VALUES ('zu','zul',0);
INSERT INTO `contrexx_core_locale_locale` (`id`, `iso_1`,`label`,`country`,`fallback`,`source_language`) VALUES (1, 'de', 'Deutsch', NULL, NULL, 'de');
INSERT INTO `contrexx_core_locale_locale` (`id`, `iso_1`,`label`,`country`,`fallback`,`source_language`) VALUES (2, 'en', 'English', NULL, 1, 'en');
INSERT INTO `contrexx_core_mail_template` (`key`, `section`, `text_id`, `html`, `protected`) VALUES ('customer_login','Shop',1,1,1);
INSERT INTO `contrexx_core_mail_template` (`key`, `section`, `text_id`, `html`, `protected`) VALUES ('order_complete','Shop',2,1,1);
INSERT INTO `contrexx_core_mail_template` (`key`, `section`, `text_id`, `html`, `protected`) VALUES ('order_confirmation','Shop',3,1,1);
INSERT INTO `contrexx_core_mail_template` (`key`, `section`, `text_id`, `html`, `protected`) VALUES ('crm_user_account_created','Crm',12,1,1);
INSERT INTO `contrexx_core_mail_template` (`key`, `section`, `text_id`, `html`, `protected`) VALUES ('crm_notify_staff_on_contact_added','Crm',14,1,1);
INSERT INTO `contrexx_core_mail_template` (`key`, `section`, `text_id`, `html`, `protected`) VALUES ('crm_task_assigned','Crm',13,1,1);
INSERT INTO `contrexx_core_mail_template` (`key`, `section`, `text_id`, `html`, `protected`) VALUES ('activation_email','Newsletter',24,0,1);
INSERT INTO `contrexx_core_mail_template` (`key`, `section`, `text_id`, `html`, `protected`) VALUES ('confirm_email','Newsletter',25,0,1);
INSERT INTO `contrexx_core_mail_template` (`key`, `section`, `text_id`, `html`, `protected`) VALUES ('notification_email','Newsletter',26,0,1);
INSERT INTO `contrexx_core_mail_template` (`key`, `section`, `text_id`, `html`, `protected`) VALUES ('notify_undelivered_email','Newsletter',27,0,1);
INSERT INTO `contrexx_core_mail_template` (`key`, `section`, `text_id`, `html`, `protected`) VALUES ('notify_subscription_list_same','Newsletter',28,0,1);
INSERT INTO `contrexx_core_mail_template` (`key`, `section`, `text_id`, `html`, `protected`) VALUES ('consent_confirmation_email','Newsletter',30,1,1);
INSERT INTO `contrexx_core_mail_template` (`key`, `section`, `text_id`, `html`, `protected`) VALUES ('new_asset_notification','Downloads',30,0,0);
INSERT INTO `contrexx_core_data_source` (`id`, `identifier`, `options`, `type`) VALUES (1, 'Cx\\Modules\\Calendar\\Model\\Entity\\Event', 'a:0:{}', 'doctrineRepository');
INSERT INTO `contrexx_core_data_source` (`id`, `identifier`, `options`, `type`) VALUES (2, 'Cx\\Modules\\Calendar\\Model\\Entity\\Category', 'a:0:{}', 'doctrineRepository');
INSERT INTO `contrexx_core_data_source` (`id`, `identifier`, `options`, `type`) VALUES (3, 'Cx\\Modules\\Calendar\\Model\\Entity\\CategoryName', 'a:0:{}', 'doctrineRepository');
INSERT INTO `contrexx_core_data_source` (`id`, `identifier`, `options`, `type`) VALUES (4, 'Cx\\Modules\\Calendar\\Model\\Entity\\EventField', 'a:0:{}', 'doctrineRepository');
INSERT INTO `contrexx_core_data_source` (`id`, `identifier`, `options`, `type`) VALUES (5, 'Cx\\Modules\\Calendar\\Model\\Entity\\Mail', 'a:0:{}', 'doctrineRepository');
INSERT INTO `contrexx_core_data_source` (`id`, `identifier`, `options`, `type`) VALUES (6, 'Cx\\Modules\\Calendar\\Model\\Entity\\Registration', 'a:0:{}', 'doctrineRepository');
INSERT INTO `contrexx_core_data_source` (`id`, `identifier`, `options`, `type`) VALUES (7, 'Cx\\Modules\\Calendar\\Model\\Entity\\RegistrationForm', 'a:0:{}', 'doctrineRepository');
INSERT INTO `contrexx_core_data_source` (`id`, `identifier`, `options`, `type`) VALUES (8, 'Cx\\Modules\\Calendar\\Model\\Entity\\RegistrationFormField', 'a:0:{}', 'doctrineRepository');
INSERT INTO `contrexx_core_data_source` (`id`, `identifier`, `options`, `type`) VALUES (9, 'Cx\\Modules\\Calendar\\Model\\Entity\\RegistrationFormName', 'a:0:{}', 'doctrineRepository');
INSERT INTO `contrexx_core_data_source` (`id`, `identifier`, `options`, `type`) VALUES (10, 'Cx\\Modules\\Calendar\\Model\\Entity\\RegistrationFormValue', 'a:0:{}', 'doctrineRepository');
INSERT INTO `contrexx_core_data_source` (`id`, `identifier`, `options`, `type`) VALUES (11, 'Cx\\Modules\\Calendar\\Model\\Entity\\Invite', 'a:0:{}', 'doctrineRepository');
INSERT INTO `contrexx_core_module_data_access` (`id`, `read_permission`, `write_permission`, `data_source_id`, `name`, `field_list`, `access_condition`, `allowed_output_methods`) VALUES (1, NULL, NULL, 1, 'calendar-event', 'a:0:{}', 'a:0:{}', 'a:0:{}');
INSERT INTO `contrexx_core_module_data_access` (`id`, `read_permission`, `write_permission`, `data_source_id`, `name`, `field_list`, `access_condition`, `allowed_output_methods`) VALUES (2, NULL, NULL, 2, 'calendar-category', 'a:0:{}', 'a:0:{}', 'a:0:{}');
INSERT INTO `contrexx_core_module_data_access` (`id`, `read_permission`, `write_permission`, `data_source_id`, `name`, `field_list`, `access_condition`, `allowed_output_methods`) VALUES (3, NULL, NULL, 3, 'calendar-categoryname', 'a:0:{}', 'a:0:{}', 'a:0:{}');
INSERT INTO `contrexx_core_module_data_access` (`id`, `read_permission`, `write_permission`, `data_source_id`, `name`, `field_list`, `access_condition`, `allowed_output_methods`) VALUES (4, NULL, NULL, 4, 'calendar-eventfield', 'a:0:{}', 'a:0:{}', 'a:0:{}');
INSERT INTO `contrexx_core_module_data_access` (`id`, `read_permission`, `write_permission`, `data_source_id`, `name`, `field_list`, `access_condition`, `allowed_output_methods`) VALUES (5, NULL, NULL, 5, 'calendar-mail', 'a:0:{}', 'a:0:{}', 'a:0:{}');
INSERT INTO `contrexx_core_module_data_access` (`id`, `read_permission`, `write_permission`, `data_source_id`, `name`, `field_list`, `access_condition`, `allowed_output_methods`) VALUES (6, NULL, NULL, 6, 'calendar-registration', 'a:0:{}', 'a:0:{}', 'a:0:{}');
INSERT INTO `contrexx_core_module_data_access` (`id`, `read_permission`, `write_permission`, `data_source_id`, `name`, `field_list`, `access_condition`, `allowed_output_methods`) VALUES (7, NULL, NULL, 7, 'calendar-registrationform', 'a:0:{}', 'a:0:{}', 'a:0:{}');
INSERT INTO `contrexx_core_module_data_access` (`id`, `read_permission`, `write_permission`, `data_source_id`, `name`, `field_list`, `access_condition`, `allowed_output_methods`) VALUES (8, NULL, NULL, 8, 'calendar-registrationformfield', 'a:0:{}', 'a:0:{}', 'a:0:{}');
INSERT INTO `contrexx_core_module_data_access` (`id`, `read_permission`, `write_permission`, `data_source_id`, `name`, `field_list`, `access_condition`, `allowed_output_methods`) VALUES (9, NULL, NULL, 9, 'calendar-registrationformname', 'a:0:{}', 'a:0:{}', 'a:0:{}');
INSERT INTO `contrexx_core_module_data_access` (`id`, `read_permission`, `write_permission`, `data_source_id`, `name`, `field_list`, `access_condition`, `allowed_output_methods`) VALUES (10, NULL, NULL, 10, 'calendar-registrationformvalue', 'a:0:{}', 'a:0:{}', 'a:0:{}');
INSERT INTO `contrexx_core_module_data_access` (`id`, `read_permission`, `write_permission`, `data_source_id`, `name`, `field_list`, `access_condition`, `allowed_output_methods`) VALUES (11, NULL, NULL, 11, 'calendar-invite', 'a:0:{}', 'a:0:{}', 'a:0:{}');
INSERT INTO `contrexx_core_module_privacy_cookie` (`id`, `active`, `ord`, `name`, `identifier`, `component`, `category_id`, `description`, `cookie_names`, `host`, `privacy_statement_url`) VALUES (1, '1', '1', 'Besuchersitzung', 'session', 'Session', '1', 'Login, Warenkorb. Wird nur gesetzt, wenn ein entsprechendes Feature verwendet wird.', 'a:2:{i:0;s:9:\"PHPSESSID\";i:1;s:6:\"clxsid\";}', NULL, NULL);
INSERT INTO `contrexx_core_module_privacy_cookie` (`id`, `active`, `ord`, `name`, `identifier`, `component`, `category_id`, `description`, `cookie_names`, `host`, `privacy_statement_url`) VALUES (2, '1', '2', 'Frontend Sprache', 'langId', 'Locale', '1', 'Die gewählte Sprache im Frontend.', 'a:1:{i:0;s:6:\"langId\";}', NULL, NULL);
INSERT INTO `contrexx_core_module_privacy_cookie` (`id`, `active`, `ord`, `name`, `identifier`, `component`, `category_id`, `description`, `cookie_names`, `host`, `privacy_statement_url`) VALUES (3, '1', '3', 'Datenschutzhinweis', 'clxCookieNote', 'Privacy', '1', 'Einstellungen des Datenschutzhinweises merken.', 'a:1:{i:0;s:13:\"ClxCookieNote\";}', NULL, NULL);
INSERT INTO `contrexx_core_module_sync` (`id`, `data_access_id`, `to_uri`, `api_key`, `active`) VALUES (1, 1, '', '', 0);
INSERT INTO `contrexx_core_module_sync` (`id`, `data_access_id`, `to_uri`, `api_key`, `active`) VALUES (2, 2, '', '', 0);
INSERT INTO `contrexx_core_module_sync` (`id`, `data_access_id`, `to_uri`, `api_key`, `active`) VALUES (3, 3, '', '', 0);
INSERT INTO `contrexx_core_module_sync` (`id`, `data_access_id`, `to_uri`, `api_key`, `active`) VALUES (4, 4, '', '', 0);
INSERT INTO `contrexx_core_module_sync` (`id`, `data_access_id`, `to_uri`, `api_key`, `active`) VALUES (5, 5, '', '', 0);
INSERT INTO `contrexx_core_module_sync` (`id`, `data_access_id`, `to_uri`, `api_key`, `active`) VALUES (6, 6, '', '', 0);
INSERT INTO `contrexx_core_module_sync` (`id`, `data_access_id`, `to_uri`, `api_key`, `active`) VALUES (7, 7, '', '', 0);
INSERT INTO `contrexx_core_module_sync` (`id`, `data_access_id`, `to_uri`, `api_key`, `active`) VALUES (8, 8, '', '', 0);
INSERT INTO `contrexx_core_module_sync` (`id`, `data_access_id`, `to_uri`, `api_key`, `active`) VALUES (9, 9, '', '', 0);
INSERT INTO `contrexx_core_module_sync` (`id`, `data_access_id`, `to_uri`, `api_key`, `active`) VALUES (10, 10, '', '', 0);
INSERT INTO `contrexx_core_module_sync` (`id`, `data_access_id`, `to_uri`, `api_key`, `active`) VALUES (11, 11, '', '', 0);
INSERT INTO `contrexx_core_setting` (`section`, `name`, `group`, `type`, `value`, `values`, `ord`) VALUES ('core','numof_countries_per_page_backend','country','text','30','',101);
INSERT INTO `contrexx_core_setting` (`section`, `name`, `group`, `type`, `value`, `values`, `ord`) VALUES ('Shop','address','config','text','MaxMuster AG\r\nFirmenstrasse 1\r\n4321 Irgendwo','',20);
INSERT INTO `contrexx_core_setting` (`section`, `name`, `group`, `type`, `value`, `values`, `ord`) VALUES ('Shop','company','config','text','MaxMuster AG','',19);
INSERT INTO `contrexx_core_setting` (`section`, `name`, `group`, `type`, `value`, `values`, `ord`) VALUES ('Shop','country_id','config','text','204','',13);
INSERT INTO `contrexx_core_setting` (`section`, `name`, `group`, `type`, `value`, `values`, `ord`) VALUES ('Shop','datatrans_active','config','text','1','',29);
INSERT INTO `contrexx_core_setting` (`section`, `name`, `group`, `type`, `value`, `values`, `ord`) VALUES ('Shop','datatrans_merchant_id','config','text','123456789','',28);
INSERT INTO `contrexx_core_setting` (`section`, `name`, `group`, `type`, `value`, `values`, `ord`) VALUES ('Shop','datatrans_request_type','config','text','CAA','',30);
INSERT INTO `contrexx_core_setting` (`section`, `name`, `group`, `type`, `value`, `values`, `ord`) VALUES ('Shop','datatrans_use_testserver','config','text','1','',31);
INSERT INTO `contrexx_core_setting` (`section`, `name`, `group`, `type`, `value`, `values`, `ord`) VALUES ('Shop','email','config','text','webmaster@cloudrexx.local','',1);
INSERT INTO `contrexx_core_setting` (`section`, `name`, `group`, `type`, `value`, `values`, `ord`) VALUES ('Shop','email_confirmation','config','text','webmaster@cloudrexx.local','',5);
INSERT INTO `contrexx_core_setting` (`section`, `name`, `group`, `type`, `value`, `values`, `ord`) VALUES ('Shop','fax','config','text','012 3456790','',7);
INSERT INTO `contrexx_core_setting` (`section`, `name`, `group`, `type`, `value`, `values`, `ord`) VALUES ('Shop','numof_coupon_per_page_backend','config','text','25','',58);
INSERT INTO `contrexx_core_setting` (`section`, `name`, `group`, `type`, `value`, `values`, `ord`) VALUES ('Shop','numof_customers_per_page_backend','config','text','25','',55);
INSERT INTO `contrexx_core_setting` (`section`, `name`, `group`, `type`, `value`, `values`, `ord`) VALUES ('Shop','numof_mailtemplate_per_page_backend','config','text','25','',57);
INSERT INTO `contrexx_core_setting` (`section`, `name`, `group`, `type`, `value`, `values`, `ord`) VALUES ('Shop','numof_manufacturers_per_page_backend','config','text','25','',56);
INSERT INTO `contrexx_core_setting` (`section`, `name`, `group`, `type`, `value`, `values`, `ord`) VALUES ('Shop','numof_orders_per_page_backend','config','text','25','',54);
INSERT INTO `contrexx_core_setting` (`section`, `name`, `group`, `type`, `value`, `values`, `ord`) VALUES ('Shop','numof_products_per_page_backend','config','text','25','',216);
INSERT INTO `contrexx_core_setting` (`section`, `name`, `group`, `type`, `value`, `values`, `ord`) VALUES ('Shop','numof_products_per_page_frontend','config','text','25','',53);
INSERT INTO `contrexx_core_setting` (`section`, `name`, `group`, `type`, `value`, `values`, `ord`) VALUES ('Shop','orderitems_amount_max','config','text','0','',45);
INSERT INTO `contrexx_core_setting` (`section`, `name`, `group`, `type`, `value`, `values`, `ord`) VALUES ('Shop','payment_lsv_active','config','text','1','',18);
INSERT INTO `contrexx_core_setting` (`section`, `name`, `group`, `type`, `value`, `values`, `ord`) VALUES ('Shop','paypal_account_email','config','text','info@example.org','',9);
INSERT INTO `contrexx_core_setting` (`section`, `name`, `group`, `type`, `value`, `values`, `ord`) VALUES ('Shop','paypal_active','config','text','1','',10);
INSERT INTO `contrexx_core_setting` (`section`, `name`, `group`, `type`, `value`, `values`, `ord`) VALUES ('Shop','paypal_default_currency','config','text','EUR','',17);
INSERT INTO `contrexx_core_setting` (`section`, `name`, `group`, `type`, `value`, `values`, `ord`) VALUES ('Shop','postfinance_accepted_payment_methods','config','text','','',25);
INSERT INTO `contrexx_core_setting` (`section`, `name`, `group`, `type`, `value`, `values`, `ord`) VALUES ('Shop','postfinance_active','config','text','1','',12);
INSERT INTO `contrexx_core_setting` (`section`, `name`, `group`, `type`, `value`, `values`, `ord`) VALUES ('Shop','postfinance_authorization_type','config','text','SAL','',8);
INSERT INTO `contrexx_core_setting` (`section`, `name`, `group`, `type`, `value`, `values`, `ord`) VALUES ('Shop','postfinance_hash_signature_in','config','text','sech10zeichenminimum','',47);
INSERT INTO `contrexx_core_setting` (`section`, `name`, `group`, `type`, `value`, `values`, `ord`) VALUES ('Shop','postfinance_hash_signature_out','config','text','sech10zeichenminimum','',48);
INSERT INTO `contrexx_core_setting` (`section`, `name`, `group`, `type`, `value`, `values`, `ord`) VALUES ('Shop','postfinance_mobile_ijustwanttotest','config','text','1','',51);
INSERT INTO `contrexx_core_setting` (`section`, `name`, `group`, `type`, `value`, `values`, `ord`) VALUES ('Shop','postfinance_mobile_sign','config','text','geheime_signatur','',50);
INSERT INTO `contrexx_core_setting` (`section`, `name`, `group`, `type`, `value`, `values`, `ord`) VALUES ('Shop','postfinance_mobile_status','config','text','0','',52);
INSERT INTO `contrexx_core_setting` (`section`, `name`, `group`, `type`, `value`, `values`, `ord`) VALUES ('Shop','postfinance_mobile_webuser','config','text','Benutzername','',49);
INSERT INTO `contrexx_core_setting` (`section`, `name`, `group`, `type`, `value`, `values`, `ord`) VALUES ('Shop','postfinance_shop_id','config','text','demoShop','',11);
INSERT INTO `contrexx_core_setting` (`section`, `name`, `group`, `type`, `value`, `values`, `ord`) VALUES ('Shop','postfinance_use_testserver','config','text','1','',26);
INSERT INTO `contrexx_core_setting` (`section`, `name`, `group`, `type`, `value`, `values`, `ord`) VALUES ('Shop','product_sorting','config','text','1','',27);
INSERT INTO `contrexx_core_setting` (`section`, `name`, `group`, `type`, `value`, `values`, `ord`) VALUES ('Shop','register','config','dropdown','optional','0:mandatory,1:optional,2:none',46);
INSERT INTO `contrexx_core_setting` (`section`, `name`, `group`, `type`, `value`, `values`, `ord`) VALUES ('Shop','saferpay_active','config','text','1','',3);
INSERT INTO `contrexx_core_setting` (`section`, `name`, `group`, `type`, `value`, `values`, `ord`) VALUES ('Shop','saferpay_finalize_payment','config','text','1','',15);
INSERT INTO `contrexx_core_setting` (`section`, `name`, `group`, `type`, `value`, `values`, `ord`) VALUES ('Shop','saferpay_id','config','text','12345-12345678','',2);
INSERT INTO `contrexx_core_setting` (`section`, `name`, `group`, `type`, `value`, `values`, `ord`) VALUES ('Shop','saferpay_use_test_account','config','text','1','',14);
INSERT INTO `contrexx_core_setting` (`section`, `name`, `group`, `type`, `value`, `values`, `ord`) VALUES ('Shop','saferpay_window_option','config','text','2','',16);
INSERT INTO `contrexx_core_setting` (`section`, `name`, `group`, `type`, `value`, `values`, `ord`) VALUES ('Shop','saferpay_json_active','config','text','0','',1);
INSERT INTO `contrexx_core_setting` (`section`, `name`, `group`, `type`, `value`, `values`, `ord`) VALUES ('Shop','saferpay_json_id','config','text','','',2);
INSERT INTO `contrexx_core_setting` (`section`, `name`, `group`, `type`, `value`, `values`, `ord`) VALUES ('Shop','saferpay_json_terminal_id','config','text','','',3);
INSERT INTO `contrexx_core_setting` (`section`, `name`, `group`, `type`, `value`, `values`, `ord`) VALUES ('Shop','saferpay_json_user','config','text','','',4);
INSERT INTO `contrexx_core_setting` (`section`, `name`, `group`, `type`, `value`, `values`, `ord`) VALUES ('Shop','saferpay_json_pass','config','text','','',5);
INSERT INTO `contrexx_core_setting` (`section`, `name`, `group`, `type`, `value`, `values`, `ord`) VALUES ('Shop','saferpay_json_use_test_account','config','text','1','',6);
INSERT INTO `contrexx_core_setting` (`section`, `name`, `group`, `type`, `value`, `values`, `ord`) VALUES ('Shop','show_products_default','config','text','1','',32);
INSERT INTO `contrexx_core_setting` (`section`, `name`, `group`, `type`, `value`, `values`, `ord`) VALUES ('Shop','telephone','config','text','012 3456789','',6);
INSERT INTO `contrexx_core_setting` (`section`, `name`, `group`, `type`, `value`, `values`, `ord`) VALUES ('Shop','thumbnail_max_height','config','text','999','',22);
INSERT INTO `contrexx_core_setting` (`section`, `name`, `group`, `type`, `value`, `values`, `ord`) VALUES ('Shop','thumbnail_max_width','config','text','180','',21);
INSERT INTO `contrexx_core_setting` (`section`, `name`, `group`, `type`, `value`, `values`, `ord`) VALUES ('Shop','thumbnail_quality','config','text','95','',23);
INSERT INTO `contrexx_core_setting` (`section`, `name`, `group`, `type`, `value`, `values`, `ord`) VALUES ('Shop','user_profile_attribute_customer_group_id','config','dropdown_user_custom_attribute','0','',351);
INSERT INTO `contrexx_core_setting` (`section`, `name`, `group`, `type`, `value`, `values`, `ord`) VALUES ('Shop','user_profile_attribute_notes','config','dropdown_user_custom_attribute','0','',352);
INSERT INTO `contrexx_core_setting` (`section`, `name`, `group`, `type`, `value`, `values`, `ord`) VALUES ('Shop','usergroup_id_customer','config','dropdown_usergroup','4','',341);
INSERT INTO `contrexx_core_setting` (`section`, `name`, `group`, `type`, `value`, `values`, `ord`) VALUES ('Shop','usergroup_id_reseller','config','dropdown_usergroup','5','',342);
INSERT INTO `contrexx_core_setting` (`section`, `name`, `group`, `type`, `value`, `values`, `ord`) VALUES ('Shop','vat_default_id','config','text','1','',41);
INSERT INTO `contrexx_core_setting` (`section`, `name`, `group`, `type`, `value`, `values`, `ord`) VALUES ('Shop','vat_enabled_foreign_customer','config','text','0','',33);
INSERT INTO `contrexx_core_setting` (`section`, `name`, `group`, `type`, `value`, `values`, `ord`) VALUES ('Shop','vat_enabled_foreign_reseller','config','text','0','',34);
INSERT INTO `contrexx_core_setting` (`section`, `name`, `group`, `type`, `value`, `values`, `ord`) VALUES ('Shop','vat_enabled_home_customer','config','text','1','',35);
INSERT INTO `contrexx_core_setting` (`section`, `name`, `group`, `type`, `value`, `values`, `ord`) VALUES ('Shop','vat_enabled_home_reseller','config','text','1','',36);
INSERT INTO `contrexx_core_setting` (`section`, `name`, `group`, `type`, `value`, `values`, `ord`) VALUES ('Shop','vat_included_foreign_customer','config','text','0','',37);
INSERT INTO `contrexx_core_setting` (`section`, `name`, `group`, `type`, `value`, `values`, `ord`) VALUES ('Shop','vat_included_foreign_reseller','config','text','0','',38);
INSERT INTO `contrexx_core_setting` (`section`, `name`, `group`, `type`, `value`, `values`, `ord`) VALUES ('Shop','vat_included_home_customer','config','text','1','',39);
INSERT INTO `contrexx_core_setting` (`section`, `name`, `group`, `type`, `value`, `values`, `ord`) VALUES ('Shop','vat_included_home_reseller','config','text','1','',40);
INSERT INTO `contrexx_core_setting` (`section`, `name`, `group`, `type`, `value`, `values`, `ord`) VALUES ('Shop','vat_other_id','config','text','1','',42);
INSERT INTO `contrexx_core_setting` (`section`, `name`, `group`, `type`, `value`, `values`, `ord`) VALUES ('Shop','gender_required','config','checkbox','0','',23);
INSERT INTO `contrexx_core_setting` (`section`, `name`, `group`, `type`, `value`, `values`, `ord`) VALUES ('Shop','weight_enable','config','checkbox','0','',24);
INSERT INTO `contrexx_core_setting` (`section`, `name`, `group`, `type`, `value`, `values`, `ord`) VALUES ('Shop','use_js_cart','config','checkbox','1','1',47);
INSERT INTO `contrexx_core_setting` (`section`, `name`, `group`, `type`, `value`, `values`, `ord`) VALUES ('Shop','shopnavbar_on_all_pages','config','checkbox','1','1',48);
INSERT INTO `contrexx_core_setting` (`section`, `name`, `group`, `type`, `value`, `values`, `ord`) VALUES ('FileSharing','permission','config','text','on','',0);
INSERT INTO `contrexx_core_setting` (`section`, `name`, `group`, `type`, `value`, `values`, `ord`) VALUES ('Crm','numof_mailtemplate_per_page_backend','config','text','25','',1001);
INSERT INTO `contrexx_core_setting` (`section`, `name`, `group`, `type`, `value`, `values`, `ord`) VALUES ('Shop','payrexx_active','config','checkbox','0','',15);
INSERT INTO `contrexx_core_setting` (`section`, `name`, `group`, `type`, `value`, `values`, `ord`) VALUES ('Shop','payrexx_instance_name','config','text','','',16);
INSERT INTO `contrexx_core_setting` (`section`, `name`, `group`, `type`, `value`, `values`, `ord`) VALUES ('Shop','payrexx_domain_name','config','text','','',17);
INSERT INTO `contrexx_core_setting` (`section`, `name`, `group`, `type`, `value`, `values`, `ord`) VALUES ('Shop','payrexx_api_secret','config','text','','',18);
INSERT INTO `contrexx_core_setting` (`section`, `name`, `group`, `type`, `value`, `values`, `ord`) VALUES ('Shop','orderitems_amount_min','config','text','8','',0);
INSERT INTO `contrexx_core_setting` (`section`, `name`, `group`, `type`, `value`, `values`, `ord`) VALUES ('Shop','num_categories_per_row','config','text','4','',17);
INSERT INTO `contrexx_core_setting` (`section`, `name`, `group`, `type`, `value`, `values`, `ord`) VALUES ('Shop','activate_product_attribute_children','config','checkbox','1','',1);
INSERT INTO `contrexx_core_setting` (`section`, `name`, `group`, `type`, `value`, `values`, `ord`) VALUES ('Shop','force_select_option','config','checkbox','0','',0);
INSERT INTO `contrexx_core_setting` (`section`, `name`, `group`, `type`, `value`, `values`, `ord`) VALUES ('Shop','verify_account_email','config','checkbox','1','',1);
INSERT INTO `contrexx_core_setting` (`section`, `name`, `group`, `type`, `value`, `values`, `ord`) VALUES ('Shop','account_send_login','config','checkbox','1','',2);
INSERT INTO `contrexx_core_setting` (`section`, `name`, `group`, `type`, `value`, `values`, `ord`) VALUES ('Shop','apply_coupon_code_on_shipment','config','checkbox', '0', '1', 17);
INSERT INTO `contrexx_core_setting` (`section`, `name`, `group`, `type`, `value`, `values`, `ord`) VALUES ('Shop','available_countries','delivery','dropdown_multiselect','14,81,122,204','{src:\\Cx\\Core\\Country\\Controller\\Country::getNameArray()}','1');
INSERT INTO `contrexx_core_setting` (`section`, `name`, `group`, `type`, `value`, `values`, `ord`) VALUES ('Shop','image_parse_behaviour','config','dropdown','filling','0:filling,1:fixed',0);
INSERT INTO `contrexx_core_setting` (`section`, `name`, `group`, `type`, `value`, `values`, `ord`) VALUES ('Shop','image_use_no_pictrue','config','checkbox','1','',0);
INSERT INTO `contrexx_core_setting` (`section`, `name`, `group`, `type`, `value`, `values`, `ord`) VALUES ('NetManager','trackedSenderDomains','config','text','','',0);
INSERT INTO `contrexx_core_setting` (`section`, `name`, `group`, `type`, `value`, `values`, `ord`) VALUES ('NetManager','ignoreDomainBlacklist','config','radio','off','on:TXT_ACTIVATED,off:TXT_DEACTIVATED',1);
INSERT INTO `contrexx_core_setting` (`section`, `name`, `group`, `type`, `value`, `values`, `ord`) VALUES ('Net','publicIpAddress','env','text','0','',0);
INSERT INTO `contrexx_core_text` (`id`, `lang_id`, `section`, `key`, `text`) VALUES (1,1,'Shop','attribute_name','Zusatzleistungen');
INSERT INTO `contrexx_core_text` (`id`, `lang_id`, `section`, `key`, `text`) VALUES (1,1,'Shop','core_mail_template_bcc','');
INSERT INTO `contrexx_core_text` (`id`, `lang_id`, `section`, `key`, `text`) VALUES (1,1,'Shop','core_mail_template_cc','');
INSERT INTO `contrexx_core_text` (`id`, `lang_id`, `section`, `key`, `text`) VALUES (1,1,'Shop','core_mail_template_from','webmaster@cloudrexx.local');
INSERT INTO `contrexx_core_text` (`id`, `lang_id`, `section`, `key`, `text`) VALUES (1,1,'Shop','core_mail_template_message','[CUSTOMER_SALUTATION]\r\n\r\nHier Ihre Zugangsdaten zum Shop:[[CUSTOMER_LOGIN]\r\nBenutzername: [CUSTOMER_USERNAME]\r\nPasswort: [CUSTOMER_PASSWORD][CUSTOMER_LOGIN]]\r\n\r\nMit freundlichen Grüssen\r\nIhr [SHOP_COMPANY] Online Shop Team\r\n\r\n[SHOP_HOMEPAGE]\r\n');
INSERT INTO `contrexx_core_text` (`id`, `lang_id`, `section`, `key`, `text`) VALUES (1,1,'Shop','core_mail_template_message_html','[CUSTOMER_SALUTATION]<br />\r\n<br />\r\nHier Ihre Zugangsdaten zum Shop:<br /><!-- [[CUSTOMER_LOGIN] -->\r\nBenutzername: [CUSTOMER_USERNAME]<br />\r\nPasswort: [CUSTOMER_PASSWORD]<br /><!-- [CUSTOMER_LOGIN]] -->\r\n<br />\r\nMit freundlichen Gr&uuml;ssen<br />\r\nIhr [SHOP_COMPANY] Online Shop Team<br />\r\n<br />\r\n[SHOP_HOMEPAGE]<br />\r\n');
INSERT INTO `contrexx_core_text` (`id`, `lang_id`, `section`, `key`, `text`) VALUES (1,1,'Shop','core_mail_template_name','Zugangsdaten');
INSERT INTO `contrexx_core_text` (`id`, `lang_id`, `section`, `key`, `text`) VALUES (1,1,'Shop','core_mail_template_reply','webmaster@cloudrexx.local');
INSERT INTO `contrexx_core_text` (`id`, `lang_id`, `section`, `key`, `text`) VALUES (1,1,'Shop','core_mail_template_sender','Cloudrexx Demo');
INSERT INTO `contrexx_core_text` (`id`, `lang_id`, `section`, `key`, `text`) VALUES (1,1,'Shop','core_mail_template_subject','Zugangsdaten');
INSERT INTO `contrexx_core_text` (`id`, `lang_id`, `section`, `key`, `text`) VALUES (1,1,'Shop','core_mail_template_to','webmaster@cloudrexx.local');
INSERT INTO `contrexx_core_text` (`id`, `lang_id`, `section`, `key`, `text`) VALUES (1,1,'Shop','discount_group_article','Telefone');
INSERT INTO `contrexx_core_text` (`id`, `lang_id`, `section`, `key`, `text`) VALUES (1,1,'Shop','discount_group_customer','Neukunden');
INSERT INTO `contrexx_core_text` (`id`, `lang_id`, `section`, `key`, `text`) VALUES (1,1,'Shop','discount_group_name','Mengenrabatt');
INSERT INTO `contrexx_core_text` (`id`, `lang_id`, `section`, `key`, `text`) VALUES (1,1,'Shop','discount_group_unit','Stück');
INSERT INTO `contrexx_core_text` (`id`, `lang_id`, `section`, `key`, `text`) VALUES (1,1,'Shop','manufacturer_name','Cloudrexx AG');
INSERT INTO `contrexx_core_text` (`id`, `lang_id`, `section`, `key`, `text`) VALUES (1,1,'Shop','manufacturer_uri','https://www.cloudrexx.com');
INSERT INTO `contrexx_core_text` (`id`, `lang_id`, `section`, `key`, `text`) VALUES (1,1,'Shop','option_name','Leder-Etui');
INSERT INTO `contrexx_core_text` (`id`, `lang_id`, `section`, `key`, `text`) VALUES (12,1,'Shop','product_uri','http://www.htc.com/de/');
INSERT INTO `contrexx_core_text` (`id`, `lang_id`, `section`, `key`, `text`) VALUES (1,1,'Shop','shipper_name','PostPac Priority');
INSERT INTO `contrexx_core_text` (`id`, `lang_id`, `section`, `key`, `text`) VALUES (1,1,'Shop','vat_class','Nicht Taxpflichtig');
INSERT INTO `contrexx_core_text` (`id`, `lang_id`, `section`, `key`, `text`) VALUES (1,1,'Shop','zone_name','All');
INSERT INTO `contrexx_core_text` (`id`, `lang_id`, `section`, `key`, `text`) VALUES (1,2,'Shop','currency_name','Schweizer Franken');
INSERT INTO `contrexx_core_text` (`id`, `lang_id`, `section`, `key`, `text`) VALUES (2,1,'Shop','core_mail_template_bcc','');
INSERT INTO `contrexx_core_text` (`id`, `lang_id`, `section`, `key`, `text`) VALUES (2,1,'Shop','core_mail_template_cc','');
INSERT INTO `contrexx_core_text` (`id`, `lang_id`, `section`, `key`, `text`) VALUES (2,1,'Shop','core_mail_template_from','webmaster@cloudrexx.local');
INSERT INTO `contrexx_core_text` (`id`, `lang_id`, `section`, `key`, `text`) VALUES (2,1,'Shop','core_mail_template_message','[CUSTOMER_SALUTATION]\r\n\r\nIhre Bestellung wurde ausgeführt. Sie werden in den nächsten Tagen ihre Lieferung erhalten.\r\n\r\nHerzlichen Dank für das Vertrauen.\r\nWir würden uns freuen, wenn Sie uns weiterempfehlen und wünschen Ihnen noch einen schönen Tag.\r\n\r\nMit freundlichen Grüssen\r\nIhr [SHOP_COMPANY] Online Shop Team\r\n\r\n[SHOP_HOMEPAGE]\r\n');
INSERT INTO `contrexx_core_text` (`id`, `lang_id`, `section`, `key`, `text`) VALUES (2,1,'Shop','core_mail_template_name','Auftrag abgeschlossen');
INSERT INTO `contrexx_core_text` (`id`, `lang_id`, `section`, `key`, `text`) VALUES (2,1,'Shop','core_mail_template_reply','webmaster@cloudrexx.local');
INSERT INTO `contrexx_core_text` (`id`, `lang_id`, `section`, `key`, `text`) VALUES (2,1,'Shop','core_mail_template_sender','Cloudrexx Demo');
INSERT INTO `contrexx_core_text` (`id`, `lang_id`, `section`, `key`, `text`) VALUES (2,1,'Shop','core_mail_template_subject','Auftrag abgeschlossen');
INSERT INTO `contrexx_core_text` (`id`, `lang_id`, `section`, `key`, `text`) VALUES (2,1,'Shop','core_mail_template_to','webmaster@cloudrexx.local');
INSERT INTO `contrexx_core_text` (`id`, `lang_id`, `section`, `key`, `text`) VALUES (2,1,'Shop','discount_group_customer','Stammkunden');
INSERT INTO `contrexx_core_text` (`id`, `lang_id`, `section`, `key`, `text`) VALUES (2,1,'Shop','manufacturer_name','Apple, Inc.');
INSERT INTO `contrexx_core_text` (`id`, `lang_id`, `section`, `key`, `text`) VALUES (2,1,'Shop','manufacturer_uri','http://www.apple.com/');
INSERT INTO `contrexx_core_text` (`id`, `lang_id`, `section`, `key`, `text`) VALUES (2,1,'Shop','option_name','Pimp my Handy Kit');
INSERT INTO `contrexx_core_text` (`id`, `lang_id`, `section`, `key`, `text`) VALUES (2,1,'Shop','payment_name','VISA, Mastercard (Saferpay)');
INSERT INTO `contrexx_core_text` (`id`, `lang_id`, `section`, `key`, `text`) VALUES (2,1,'Shop','shipper_name','Express Post');
INSERT INTO `contrexx_core_text` (`id`, `lang_id`, `section`, `key`, `text`) VALUES (2,1,'Shop','vat_class','Deutschland Normalsatz');
INSERT INTO `contrexx_core_text` (`id`, `lang_id`, `section`, `key`, `text`) VALUES (2,1,'Shop','zone_name','Schweiz');
INSERT INTO `contrexx_core_text` (`id`, `lang_id`, `section`, `key`, `text`) VALUES (3,1,'Shop','core_mail_template_bcc','');
INSERT INTO `contrexx_core_text` (`id`, `lang_id`, `section`, `key`, `text`) VALUES (3,1,'Shop','core_mail_template_cc','');
INSERT INTO `contrexx_core_text` (`id`, `lang_id`, `section`, `key`, `text`) VALUES (3,1,'Shop','core_mail_template_from','webmaster@cloudrexx.local');
INSERT INTO `contrexx_core_text` (`id`, `lang_id`, `section`, `key`, `text`) VALUES (3,1,'Shop','core_mail_template_message','[CUSTOMER_SALUTATION],\r\n\r\nHerzlichen Dank für Ihre Bestellung im [SHOP_COMPANY] Online Shop.\r\n\r\nIhre Auftrags-Nr. lautet: [ORDER_ID]\r\nIhre Kunden-Nr. lautet: [CUSTOMER_ID]\r\nBestellungszeit: [ORDER_DATE] [ORDER_TIME]\r\n\r\n------------------------------------------------------------------------\r\nBestellinformationen\r\n------------------------------------------------------------------------[[ORDER_ITEM]\r\nID:             [PRODUCT_ID]\r\nArtikel Nr.:    [PRODUCT_CODE]\r\nMenge:          [PRODUCT_QUANTITY]\r\nBeschreibung:   [PRODUCT_TITLE][[PRODUCT_OPTIONS]\r\n                [PRODUCT_OPTIONS][PRODUCT_OPTIONS]]\r\nStückpreis:      [PRODUCT_ITEM_PRICE] [CURRENCY]                       Total [PRODUCT_TOTAL_PRICE] [CURRENCY][[USER_DATA]\r\nBenutzername:   [USER_NAME]\r\nPasswort:       [USER_PASS][USER_DATA]][[COUPON_DATA]\r\nGutschein Code: [COUPON_CODE][COUPON_DATA]][ORDER_ITEM]]\r\n------------------------------------------------------------------------\r\nZwischensumme:    [ORDER_ITEM_COUNT] Artikel                             [ORDER_ITEM_SUM] [CURRENCY][[DISCOUNT_COUPON]\r\nGutschein Code: [DISCOUNT_COUPON_CODE]   [DISCOUNT_COUPON_AMOUNT] [CURRENCY][DISCOUNT_COUPON]]\r\n------------------------------------------------------------------------[[SHIPMENT]\r\nVersandart:     [SHIPMENT_NAME]   [SHIPMENT_PRICE] [CURRENCY][SHIPMENT]][[PAYMENT]\r\nBezahlung:      [PAYMENT_NAME]   [PAYMENT_PRICE] [CURRENCY][PAYMENT]][[TAX]\r\n[TAX_TEXT]                   [TAX_PRICE] [CURRENCY][TAX]]\r\n------------------------------------------------------------------------\r\nGesamtsumme                                                [ORDER_SUM] [CURRENCY]\r\n------------------------------------------------------------------------\r\n\r\nIhre Kundenadresse:\r\n[CUSTOMER_COMPANY]\r\n[CUSTOMER_FIRSTNAME] [CUSTOMER_LASTNAME]\r\n[CUSTOMER_ADDRESS]\r\n[CUSTOMER_ZIP] [CUSTOMER_CITY]\r\n[CUSTOMER_COUNTRY][[SHIPPING_ADDRESS]\r\n\r\n\r\nLieferadresse:\r\n[SHIPPING_COMPANY]\r\n[SHIPPING_FIRSTNAME] [SHIPPING_LASTNAME]\r\n[SHIPPING_ADDRESS]\r\n[SHIPPING_ZIP] [SHIPPING_CITY]\r\n[SHIPPING_COUNTRY][SHIPPING_ADDRESS]]\r\n\r\nIhr Link zum Online Store: [SHOP_HOMEPAGE][[CUSTOMER_LOGIN]\r\n\r\nIhre Zugangsdaten zum Shop:\r\nBenutzername:   [CUSTOMER_USERNAME]\r\nPasswort:       [CUSTOMER_PASSWORD][CUSTOMER_LOGIN]]\r\n\r\nWir freuen uns auf Ihren nächsten Besuch im [SHOP_COMPANY] Online Store und wünschen Ihnen noch einen schönen Tag.\r\n\r\nP.S. Diese Auftragsbestätigung wurde gesendet an: [CUSTOMER_EMAIL]\r\n\r\nMit freundlichen Grüssen\r\nIhr [SHOP_COMPANY] Online Shop Team\r\n\r\n[SHOP_HOMEPAGE]\r\n');
INSERT INTO `contrexx_core_text` (`id`, `lang_id`, `section`, `key`, `text`) VALUES (3,1,'Shop','core_mail_template_message_html','[CUSTOMER_SALUTATION],<br />\r\n<br />\r\nHerzlichen Dank f&uuml;r Ihre Bestellung im [SHOP_COMPANY] Online Shop.<br />\r\n<br />\r\nIhre Auftrags-Nr. lautet: [ORDER_ID]<br />\r\nIhre Kunden-Nr. lautet: [CUSTOMER_ID]<br />\r\nBestelldatum: [ORDER_DATE]<br />\r\nBestellzeit: [ORDER_TIME]<br />\r\n<br />\r\n<br />\r\n<table cellpadding=\"1\" cellspacing=\"1\" style=\"border: 0;\">\r\n  <tbody>\r\n    <tr>\r\n      <td colspan=\"6\">Bestellinformationen</td>\r\n    </tr>\r\n    <tr>\r\n      <td><div style=\"text-align: right;\">ID</div></td>\r\n      <td><div style=\"text-align: right;\">Artikel Nr.</div></td>\r\n      <td><div style=\"text-align: right;\">Menge</div></td>\r\n      <td>Beschreibung</td>\r\n      <td><div style=\"text-align: right;\">St&uuml;ckpreis</div></td>\r\n      <td><div style=\"text-align: right;\">Total</div></td>\r\n    </tr><!--[[ORDER_ITEM]-->\r\n    <tr>\r\n      <td><div style=\"text-align: right;\">[PRODUCT_ID]</div></td>\r\n      <td><div style=\"text-align: right;\">[PRODUCT_CODE]</div></td>\r\n      <td><div style=\"text-align: right;\">[PRODUCT_QUANTITY]</div></td>\r\n      <td>[PRODUCT_TITLE]<!--[[PRODUCT_OPTIONS]--><br />\r\n        [PRODUCT_OPTIONS]<!--[PRODUCT_OPTIONS]]--></td>\r\n      <td><div style=\"text-align: right;\">[PRODUCT_ITEM_PRICE] [CURRENCY]</div></td>\r\n      <td><div style=\"text-align: right;\">[PRODUCT_TOTAL_PRICE] [CURRENCY]</div></td>\r\n    </tr><!--[[USER_DATA]-->\r\n    <tr>\r\n      <td colspan=\"3\">&nbsp;</td>\r\n      <td>Benutzername: [USER_NAME]<br />Passwort: [USER_PASS]</td>\r\n      <td colspan=\"2\">&nbsp;</td>\r\n    </tr><!--[USER_DATA]]--><!--[[COUPON_DATA]-->\r\n    <tr>\r\n      <td colspan=\"3\">&nbsp;</td>\r\n      <td>Gutschein Code: [COUPON_CODE]</td>\r\n      <td colspan=\"2\">&nbsp;</td>\r\n    </tr><!--[COUPON_DATA]]--><!--[ORDER_ITEM]]-->\r\n    <tr style=\"border-top: 4px none;\">\r\n      <td colspan=\"2\">Zwischensumme</td>\r\n      <td><div style=\"text-align: right;\">[ORDER_ITEM_COUNT]</div></td>\r\n      <td colspan=\"2\">Artikel</td>\r\n      <td><div style=\"text-align: right;\">[ORDER_ITEM_SUM] [CURRENCY]</div></td>\r\n    </tr><!--[[DISCOUNT_COUPON]-->\r\n    <tr style=\"border-top: 4px none;\">\r\n      <td colspan=\"3\">Gutscheincode</td>\r\n      <td colspan=\"2\">[DISCOUNT_COUPON_CODE]</td>\r\n      <td><div style=\"text-align: right;\">[DISCOUNT_COUPON_AMOUNT] [CURRENCY]</div></td>\r\n    </tr><!--[DISCOUNT_COUPON]][[SHIPMENT]-->\r\n    <tr style=\"border-top: 2px none;\">\r\n      <td colspan=\"3\">Versandart</td>\r\n      <td colspan=\"2\">[SHIPMENT_NAME]</td>\r\n      <td><div style=\"text-align: right;\">[SHIPMENT_PRICE] [CURRENCY]</div></td>\r\n    </tr><!--[SHIPMENT]][[PAYMENT]-->\r\n    <tr style=\"border-top: 2px none;\">\r\n      <td colspan=\"3\">Bezahlung</td>\r\n      <td colspan=\"2\">[PAYMENT_NAME]</td>\r\n      <td><div style=\"text-align: right;\">[PAYMENT_PRICE] [CURRENCY]</div></td>\r\n    </tr><!--[PAYMENT]][[VAT]-->\r\n    <tr style=\"border-top: 2px none;\">\r\n      <td colspan=\"5\">[VAT_TEXT]</td>\r\n      <td><div style=\"text-align: right;\">[VAT_PRICE] [CURRENCY]</div></td>\r\n    </tr><!--[VAT]]-->\r\n    <tr style=\"border-top: 4px none;\">\r\n      <td colspan=\"5\">Gesamtsumme</td>\r\n      <td><div style=\"text-align: right;\">[ORDER_SUM] [CURRENCY]</div></td>\r\n    </tr>\r\n  </tbody>\r\n</table>\r\n<br />\r\nBemerkungen:<br />\r\n[REMARKS]<br />\r\n<br />\r\n<br />\r\nIhre Kundenadresse:<br />\r\n[CUSTOMER_COMPANY]<br />\r\n[CUSTOMER_FIRSTNAME] [CUSTOMER_LASTNAME]<br />\r\n[CUSTOMER_ADDRESS]<br />\r\n[CUSTOMER_ZIP] [CUSTOMER_CITY]<br />\r\n[CUSTOMER_COUNTRY]<br />\r\n<!--[[SHIPPING_ADDRESS]--><br />\r\n<br />\r\nLieferadresse:<br />\r\n[SHIPPING_COMPANY]<br />\r\n[SHIPPING_FIRSTNAME] [SHIPPING_LASTNAME]<br />\r\n[SHIPPING_ADDRESS]<br />\r\n[SHIPPING_ZIP] [SHIPPING_CITY]<br />\r\n[SHIPPING_COUNTRY]<br />\r\n<!--[SHIPPING_ADDRESS]]--><br />\r\n<br />\r\nIhr Link zum Online Store: [SHOP_HOMEPAGE]<br />\r\n<!--[[CUSTOMER_LOGIN]-->\r\n<br />\r\nIhre Zugangsdaten zum Shop:<br />\r\nBenutzername:   [CUSTOMER_USERNAME]<br />\r\nPasswort:       [CUSTOMER_PASSWORD]<br />\r\n<!--[CUSTOMER_LOGIN]]-->\r\n<br />\r\nWir freuen uns auf Ihren n&auml;chsten Besuch im [SHOP_COMPANY] Online Store und w&uuml;nschen Ihnen noch einen sch&ouml;nen Tag.<br />\r\n<br />\r\nDiese Auftragsbest&auml;tigung wurde gesendet an: [CUSTOMER_EMAIL]<br />\r\n<br />\r\nMit freundlichen Gr&uuml;ssen<br />\r\nIhr [SHOP_COMPANY] Online Shop Team<br />\r\n<br />\r\n[SHOP_HOMEPAGE]\r\n');
INSERT INTO `contrexx_core_text` (`id`, `lang_id`, `section`, `key`, `text`) VALUES (3,1,'Shop','core_mail_template_name','Bestellungsbestätigung');
INSERT INTO `contrexx_core_text` (`id`, `lang_id`, `section`, `key`, `text`) VALUES (3,1,'Shop','core_mail_template_reply','webmaster@cloudrexx.local');
INSERT INTO `contrexx_core_text` (`id`, `lang_id`, `section`, `key`, `text`) VALUES (3,1,'Shop','core_mail_template_sender','Cloudrexx Demo');
INSERT INTO `contrexx_core_text` (`id`, `lang_id`, `section`, `key`, `text`) VALUES (3,1,'Shop','core_mail_template_subject','Bestellungsbestätigung');
INSERT INTO `contrexx_core_text` (`id`, `lang_id`, `section`, `key`, `text`) VALUES (3,1,'Shop','core_mail_template_to','webmaster@cloudrexx.local');
INSERT INTO `contrexx_core_text` (`id`, `lang_id`, `section`, `key`, `text`) VALUES (3,1,'Shop','discount_group_customer','Goldkunden');
INSERT INTO `contrexx_core_text` (`id`, `lang_id`, `section`, `key`, `text`) VALUES (3,1,'Shop','shipper_name','Schweizerische Post');
INSERT INTO `contrexx_core_text` (`id`, `lang_id`, `section`, `key`, `text`) VALUES (3,1,'Shop','vat_class','Deutschland ermässigt');
INSERT INTO `contrexx_core_text` (`id`, `lang_id`, `section`, `key`, `text`) VALUES (3,1,'Shop','zone_name','Deutschland');
INSERT INTO `contrexx_core_text` (`id`, `lang_id`, `section`, `key`, `text`) VALUES (4,1,'Shop','shipper_name','Direct to Me');
INSERT INTO `contrexx_core_text` (`id`, `lang_id`, `section`, `key`, `text`) VALUES (4,1,'Shop','vat_class','Deutschland stark ermässigt');
INSERT INTO `contrexx_core_text` (`id`, `lang_id`, `section`, `key`, `text`) VALUES (4,2,'Shop','currency_name','Euro');
INSERT INTO `contrexx_core_text` (`id`, `lang_id`, `section`, `key`, `text`) VALUES (5,1,'Shop','vat_class','Deutschland Zwischensatz 1');
INSERT INTO `contrexx_core_text` (`id`, `lang_id`, `section`, `key`, `text`) VALUES (5,2,'Shop','currency_name','United States Dollars');
INSERT INTO `contrexx_core_text` (`id`, `lang_id`, `section`, `key`, `text`) VALUES (1,1,'Shop','currency_name','Schweizer Franken');
INSERT INTO `contrexx_core_text` (`id`, `lang_id`, `section`, `key`, `text`) VALUES (3,1,'Shop','option_name','Headset');
INSERT INTO `contrexx_core_text` (`id`, `lang_id`, `section`, `key`, `text`) VALUES (13,1,'Shop','product_name','Cloudrexx Business');
INSERT INTO `contrexx_core_text` (`id`, `lang_id`, `section`, `key`, `text`) VALUES (3,1,'Shop','manufacturer_name','HTC');
INSERT INTO `contrexx_core_text` (`id`, `lang_id`, `section`, `key`, `text`) VALUES (3,1,'Shop','manufacturer_uri','http://www.htc.com/');
INSERT INTO `contrexx_core_text` (`id`, `lang_id`, `section`, `key`, `text`) VALUES (4,1,'Shop','manufacturer_name','MaxMuster-Foundation');
INSERT INTO `contrexx_core_text` (`id`, `lang_id`, `section`, `key`, `text`) VALUES (4,1,'Shop','manufacturer_uri','');
INSERT INTO `contrexx_core_text` (`id`, `lang_id`, `section`, `key`, `text`) VALUES (11,1,'Shop','category_name','Mitgliedschaft');
INSERT INTO `contrexx_core_text` (`id`, `lang_id`, `section`, `key`, `text`) VALUES (6,1,'Shop','vat_class','Deutschland Zwischensatz 2');
INSERT INTO `contrexx_core_text` (`id`, `lang_id`, `section`, `key`, `text`) VALUES (7,1,'Shop','vat_class','Österreich Normalsatz');
INSERT INTO `contrexx_core_text` (`id`, `lang_id`, `section`, `key`, `text`) VALUES (8,1,'Shop','vat_class','Österreich ermässigt');
INSERT INTO `contrexx_core_text` (`id`, `lang_id`, `section`, `key`, `text`) VALUES (9,1,'Shop','payment_name','Nachnahme');
INSERT INTO `contrexx_core_text` (`id`, `lang_id`, `section`, `key`, `text`) VALUES (9,1,'Shop','vat_class','Österreich Zwischensatz');
INSERT INTO `contrexx_core_text` (`id`, `lang_id`, `section`, `key`, `text`) VALUES (10,1,'Shop','vat_class','Schweiz');
INSERT INTO `contrexx_core_text` (`id`, `lang_id`, `section`, `key`, `text`) VALUES (11,1,'Shop','vat_class','Schweiz ermässigt 1');
INSERT INTO `contrexx_core_text` (`id`, `lang_id`, `section`, `key`, `text`) VALUES (12,1,'Shop','payment_name','Paypal');
INSERT INTO `contrexx_core_text` (`id`, `lang_id`, `section`, `key`, `text`) VALUES (12,1,'Shop','vat_class','Schweiz ermässigt 2');
INSERT INTO `contrexx_core_text` (`id`, `lang_id`, `section`, `key`, `text`) VALUES (13,1,'Shop','payment_name','LSV');
INSERT INTO `contrexx_core_text` (`id`, `lang_id`, `section`, `key`, `text`) VALUES (13,1,'Shop','vat_class','Great Britain');
INSERT INTO `contrexx_core_text` (`id`, `lang_id`, `section`, `key`, `text`) VALUES (14,1,'Shop','payment_name','PostFinance (PostCard, Kreditkarte)');
INSERT INTO `contrexx_core_text` (`id`, `lang_id`, `section`, `key`, `text`) VALUES (14,1,'Shop','vat_class','Great Britain reduced');
INSERT INTO `contrexx_core_text` (`id`, `lang_id`, `section`, `key`, `text`) VALUES (15,1,'Shop','payment_name','Datatrans');
INSERT INTO `contrexx_core_text` (`id`, `lang_id`, `section`, `key`, `text`) VALUES (12,1,'Shop','product_short','Als eines der ersten Smartphones besitzt das HTC One X einen Quad-Core-Prozessor &ndash; d.h. die Leistung verteilt sich auf 4 Rechenkerne. Dies macht das HTC One X extrem schnell und leistungsf&auml;hig.');
INSERT INTO `contrexx_core_text` (`id`, `lang_id`, `section`, `key`, `text`) VALUES (12,1,'Shop','product_long','<table border=\"0\">\r\n	<tbody>\r\n		<tr>\r\n			<td style=\"width: 120px;\">\r\n				<strong>Gr&ouml;&szlig;e:</strong></td>\r\n			<td>\r\n				134,36 x 69,9 x 8,9 mm</td>\r\n		</tr>\r\n		<tr>\r\n			<td>\r\n				<strong>Gewicht:</strong></td>\r\n			<td>\r\n				130 g mit Akku</td>\r\n		</tr>\r\n		<tr>\r\n			<td>\r\n				<strong>Display:</strong></td>\r\n			<td>\r\n				HD 720P Touchscreen</td>\r\n		</tr>\r\n		<tr>\r\n			<td>\r\n				<strong>Bildschirm:</strong></td>\r\n			<td>\r\n				4,7&ldquo; (1280 x 720 Aufl&ouml;sung)</td>\r\n		</tr>\r\n	</tbody>\r\n</table>');
INSERT INTO `contrexx_core_text` (`id`, `lang_id`, `section`, `key`, `text`) VALUES (12,1,'Shop','product_keys','HTC, HTC One X');
INSERT INTO `contrexx_core_text` (`id`, `lang_id`, `section`, `key`, `text`) VALUES (12,1,'Shop','product_code','');
INSERT INTO `contrexx_core_text` (`id`, `lang_id`, `section`, `key`, `text`) VALUES (10,1,'Shop','category_description','Alle Lizenzen für Cloudrexx Download');
INSERT INTO `contrexx_core_text` (`id`, `lang_id`, `section`, `key`, `text`) VALUES (12,1,'Shop','product_name','HTC One X');
INSERT INTO `contrexx_core_text` (`id`, `lang_id`, `section`, `key`, `text`) VALUES (10,1,'Shop','category_name','Cloudrexx');
INSERT INTO `contrexx_core_text` (`id`, `lang_id`, `section`, `key`, `text`) VALUES (9,1,'Shop','category_name','Mobile Phones');
INSERT INTO `contrexx_core_text` (`id`, `lang_id`, `section`, `key`, `text`) VALUES (9,1,'Shop','category_description','Mobile Phones von über 10 Marken wie Apple, HTC & Samsung.');
INSERT INTO `contrexx_core_text` (`id`, `lang_id`, `section`, `key`, `text`) VALUES (13,1,'Shop','product_code','');
INSERT INTO `contrexx_core_text` (`id`, `lang_id`, `section`, `key`, `text`) VALUES (13,1,'Shop','product_uri','https://www.cloudrexx.com');
INSERT INTO `contrexx_core_text` (`id`, `lang_id`, `section`, `key`, `text`) VALUES (13,1,'Shop','product_keys','Cloudrexx');
INSERT INTO `contrexx_core_text` (`id`, `lang_id`, `section`, `key`, `text`) VALUES (13,1,'Shop','product_long','Cloudrexx ist die All-in-One Open-Source L&ouml;sung f&uuml;r leistungsstarke Business-Websites und Online-Shops.<br />\n<br />\nMit Cloudrexx EULA Business erhalten Sie professionellen Produktsupport von Ihrer Cloudrexx Agentur.');
INSERT INTO `contrexx_core_text` (`id`, `lang_id`, `section`, `key`, `text`) VALUES (13,1,'Shop','product_short','Cloudrexx f&uuml;r die schnelle Verwaltung Ihrer Website.');
INSERT INTO `contrexx_core_text` (`id`, `lang_id`, `section`, `key`, `text`) VALUES (1,2,'Shop','manufacturer_name','Cloudrexx AG');
INSERT INTO `contrexx_core_text` (`id`, `lang_id`, `section`, `key`, `text`) VALUES (1,2,'Shop','manufacturer_uri','https://www.cloudrexx.com');
INSERT INTO `contrexx_core_text` (`id`, `lang_id`, `section`, `key`, `text`) VALUES (2,2,'Shop','manufacturer_name','Apple, Inc.');
INSERT INTO `contrexx_core_text` (`id`, `lang_id`, `section`, `key`, `text`) VALUES (2,2,'Shop','manufacturer_uri','http://www.apple.com/');
INSERT INTO `contrexx_core_text` (`id`, `lang_id`, `section`, `key`, `text`) VALUES (3,2,'Shop','manufacturer_name','HTC');
INSERT INTO `contrexx_core_text` (`id`, `lang_id`, `section`, `key`, `text`) VALUES (3,2,'Shop','manufacturer_uri','http://www.htc.com/');
INSERT INTO `contrexx_core_text` (`id`, `lang_id`, `section`, `key`, `text`) VALUES (4,2,'Shop','manufacturer_name','MaxMuster-Foundation');
INSERT INTO `contrexx_core_text` (`id`, `lang_id`, `section`, `key`, `text`) VALUES (4,2,'Shop','manufacturer_uri','');
INSERT INTO `contrexx_core_text` (`id`, `lang_id`, `section`, `key`, `text`) VALUES (11,1,'Shop','category_description','Zum Erwerben von Mitgliedschaften bei verschiedenen Vereienen und Organisationen.');
INSERT INTO `contrexx_core_text` (`id`, `lang_id`, `section`, `key`, `text`) VALUES (14,1,'Shop','product_name','Mitglied von der MaxMuster-Foundation');
INSERT INTO `contrexx_core_text` (`id`, `lang_id`, `section`, `key`, `text`) VALUES (14,1,'Shop','product_short','Unterst&uuml;tzen Sie die MaxMuster-Foundation und werden Sie noch heute Mitglied! Sie profitieren von MItgliederrabatten an verschiedenen Anl&auml;ssen.');
INSERT INTO `contrexx_core_text` (`id`, `lang_id`, `section`, `key`, `text`) VALUES (14,1,'Shop','product_long','Die Foundation hilft Schulen und Ausbildungsinstitutionen seit 10 Jahren sich technisch weiterzuentwickeln und den Lernenden so verbesserte Ausbildungsm&ouml;glichkeiten zu bieten. Durch eine Mitgliedschaft erhalten Sie Rabatte an verschiedenen Firmenanl&auml;ssen der MaxMuster AG.');
INSERT INTO `contrexx_core_text` (`id`, `lang_id`, `section`, `key`, `text`) VALUES (14,1,'Shop','product_keys','');
INSERT INTO `contrexx_core_text` (`id`, `lang_id`, `section`, `key`, `text`) VALUES (14,1,'Shop','product_code','');
INSERT INTO `contrexx_core_text` (`id`, `lang_id`, `section`, `key`, `text`) VALUES (14,1,'Shop','product_uri','');
INSERT INTO `contrexx_core_text` (`id`, `lang_id`, `section`, `key`, `text`) VALUES (2,1,'Shop','core_mail_template_message_html','[CUSTOMER_SALUTATION]<br />\r\n<br />\r\nIhre Bestellung wurde ausgef&uuml;hrt. Sie werden in den n&auml;chsten Tagen ihre Lieferung erhalten.<br />\r\n<br />\r\nHerzlichen Dank f&uuml;r das Vertrauen.<br />\r\nWir w&uuml;rden uns freuen, wenn Sie uns weiterempfehlen und w&uuml;nschen Ihnen noch einen sch&ouml;nen Tag.<br />\r\n<br />\r\nMit freundlichen Gr&uuml;ssen<br />\r\nIhr [SHOP_COMPANY] Online Shop Team<br />\r\n<br />\r\n[SHOP_HOMEPAGE]');
INSERT INTO `contrexx_core_text` (`id`, `lang_id`, `section`, `key`, `text`) VALUES (4,1,'Shop','currency_name','Euro');
INSERT INTO `contrexx_core_text` (`id`, `lang_id`, `section`, `key`, `text`) VALUES (5,1,'Shop','currency_name','United States Dollars');
INSERT INTO `contrexx_core_text` (`id`, `lang_id`, `section`, `key`, `text`) VALUES (12,1,'Crm','core_mail_template_name','Benachrichtigung über Benutzerkonto');
INSERT INTO `contrexx_core_text` (`id`, `lang_id`, `section`, `key`, `text`) VALUES (12,1,'Crm','core_mail_template_from','info@example.org');
INSERT INTO `contrexx_core_text` (`id`, `lang_id`, `section`, `key`, `text`) VALUES (12,1,'Crm','core_mail_template_sender','Ihr Firmenname');
INSERT INTO `contrexx_core_text` (`id`, `lang_id`, `section`, `key`, `text`) VALUES (12,1,'Crm','core_mail_template_reply','info@example.org');
INSERT INTO `contrexx_core_text` (`id`, `lang_id`, `section`, `key`, `text`) VALUES (12,1,'Crm','core_mail_template_to','[CRM_CONTACT_EMAIL]');
INSERT INTO `contrexx_core_text` (`id`, `lang_id`, `section`, `key`, `text`) VALUES (12,1,'Crm','core_mail_template_cc','');
INSERT INTO `contrexx_core_text` (`id`, `lang_id`, `section`, `key`, `text`) VALUES (12,1,'Crm','core_mail_template_bcc','');
INSERT INTO `contrexx_core_text` (`id`, `lang_id`, `section`, `key`, `text`) VALUES (12,1,'Crm','core_mail_template_subject','Ihr persönlischer Zugang');
INSERT INTO `contrexx_core_text` (`id`, `lang_id`, `section`, `key`, `text`) VALUES (12,1,'Crm','core_mail_template_message','Guten Tag,\r\n\r\nNachfolgend erhalten Sie Ihre persönlichen Zugangsdaten zur Website http://www.example.com/\r\n\r\nBenutzername: [CRM_CONTACT_USERNAME]\r\nKennwort: [CRM_CONTACT_PASSWORD]');
INSERT INTO `contrexx_core_text` (`id`, `lang_id`, `section`, `key`, `text`) VALUES (12,1,'Crm','core_mail_template_message_html','<div>Guten Tag,<br />\r\n<br />\r\nNachfolgend erhalten Sie Ihre pers&ouml;nlichen Zugangsdaten zur Website <a href=\"http://www.example.com/\">http://www.example.com/</a><br />\r\n<br />\r\nBenutzername: [CRM_CONTACT_USERNAME]<br />\r\nKennwort: [CRM_CONTACT_PASSWORD]</div>');
INSERT INTO `contrexx_core_text` (`id`, `lang_id`, `section`, `key`, `text`) VALUES (13,1,'Crm','core_mail_template_bcc','');
INSERT INTO `contrexx_core_text` (`id`, `lang_id`, `section`, `key`, `text`) VALUES (13,1,'Crm','core_mail_template_cc','');
INSERT INTO `contrexx_core_text` (`id`, `lang_id`, `section`, `key`, `text`) VALUES (13,1,'Crm','core_mail_template_from','info@example.org');
INSERT INTO `contrexx_core_text` (`id`, `lang_id`, `section`, `key`, `text`) VALUES (13,1,'Crm','core_mail_template_message','Der Mitarbeiter [CRM_TASK_CREATED_USER] hat eine neue Aufgabe erstellt und Ihnen zugewiesen: [CRM_TASK_URL]\r\n\r\nBeschreibung: [CRM_TASK_DESCRIPTION_TEXT_VERSION]\r\n\r\nFällig am: [CRM_TASK_DUE_DATE]\r\n');
INSERT INTO `contrexx_core_text` (`id`, `lang_id`, `section`, `key`, `text`) VALUES (13,1,'Crm','core_mail_template_message_html','<div style=\"padding:0px; margin:0px; font-family:Tahoma, sans-serif; font-size:14px; width:620px; color: #333;\">\r\n<div style=\"padding: 0px 20px; border:1px solid #e0e0e0; margin-bottom: 10px; width:618px;\">\r\n<h1 style=\"background-color: #e0e0e0;color: #3d4a6b;font-size: 18px;font-weight: normal;padding: 15px 20px;margin-top: 0 !important;margin-bottom: 0 !important;margin-left: -20px !important;margin-right: -20px !important;-webkit-margin-before: 0 !important;-webkit-margin-after: 0 !important;-webkit-margin-start: -20px !important;-webkit-margin-end: -20px !important;\">Neue Aufgabe wurde Ihnen zugewiesen</h1>\r\n\r\n<p style=\"margin-top: 20px;word-wrap: break-word !important;\">Der Mitarbeiter [CRM_TASK_CREATED_USER] hat eine neue Aufgabe erstellt und Ihnen zugewiesen: [CRM_TASK_LINK]</p>\r\n\r\n<p style=\"margin-top: 20px;word-wrap: break-word !important;\">Beschreibung: [CRM_TASK_DESCRIPTION_HTML_VERSION]<br />\r\nF&auml;llig am: [CRM_TASK_DUE_DATE]</p>\r\n</div>\r\n</div>');
INSERT INTO `contrexx_core_text` (`id`, `lang_id`, `section`, `key`, `text`) VALUES (13,1,'Crm','core_mail_template_name','Neue Aufgabe');
INSERT INTO `contrexx_core_text` (`id`, `lang_id`, `section`, `key`, `text`) VALUES (13,1,'Crm','core_mail_template_reply','info@example.org');
INSERT INTO `contrexx_core_text` (`id`, `lang_id`, `section`, `key`, `text`) VALUES (13,1,'Crm','core_mail_template_sender','Ihr Firmenname');
INSERT INTO `contrexx_core_text` (`id`, `lang_id`, `section`, `key`, `text`) VALUES (13,1,'Crm','core_mail_template_subject','Neue Aufgabe : [CRM_TASK_NAME]');
INSERT INTO `contrexx_core_text` (`id`, `lang_id`, `section`, `key`, `text`) VALUES (13,1,'Crm','core_mail_template_to','[CRM_ASSIGNED_USER_EMAIL]');
INSERT INTO `contrexx_core_text` (`id`, `lang_id`, `section`, `key`, `text`) VALUES (14,1,'Crm','core_mail_template_bcc','');
INSERT INTO `contrexx_core_text` (`id`, `lang_id`, `section`, `key`, `text`) VALUES (14,1,'Crm','core_mail_template_cc','');
INSERT INTO `contrexx_core_text` (`id`, `lang_id`, `section`, `key`, `text`) VALUES (14,1,'Crm','core_mail_template_from','info@example.org');
INSERT INTO `contrexx_core_text` (`id`, `lang_id`, `section`, `key`, `text`) VALUES (14,1,'Crm','core_mail_template_message','Im CRM wurde ein neuer Kontakt erfasst: [CRM_CONTACT_DETAILS_URL]');
INSERT INTO `contrexx_core_text` (`id`, `lang_id`, `section`, `key`, `text`) VALUES (14,1,'Crm','core_mail_template_message_html','<div style=\"padding:0px; margin:0px; font-family:Tahoma, sans-serif; font-size:14px; width:620px; color: #333;\">\r\n<div style=\"padding: 0px 20px; border:1px solid #e0e0e0; margin-bottom: 10px; width:618px;\">\r\n<h1 style=\"background-color: #e0e0e0;color: #3d4a6b;font-size: 18px;font-weight: normal;padding: 15px 20px;margin-top: 0 !important;margin-bottom: 0 !important;margin-left: -20px !important;margin-right: -20px !important;-webkit-margin-before: 0 !important;-webkit-margin-after: 0 !important;-webkit-margin-start: -20px !important;-webkit-margin-end: -20px !important;\">Neuer Kontakt im CRM</h1>\r\n\r\n<p style=\"margin-top: 20px;word-wrap: break-word !important;\">Neuer Kontakt: [CRM_CONTACT_DETAILS_LINK].</p>\r\n</div>\r\n</div>\r\n');
INSERT INTO `contrexx_core_text` (`id`, `lang_id`, `section`, `key`, `text`) VALUES (14,1,'Crm','core_mail_template_name','Benachrichtigung an Mitarbeiter über neue Kontakte');
INSERT INTO `contrexx_core_text` (`id`, `lang_id`, `section`, `key`, `text`) VALUES (14,1,'Crm','core_mail_template_reply','info@example.org');
INSERT INTO `contrexx_core_text` (`id`, `lang_id`, `section`, `key`, `text`) VALUES (14,1,'Crm','core_mail_template_sender','Ihr Firmenname');
INSERT INTO `contrexx_core_text` (`id`, `lang_id`, `section`, `key`, `text`) VALUES (14,1,'Crm','core_mail_template_subject','Neuer Kontakt erfasst');
INSERT INTO `contrexx_core_text` (`id`, `lang_id`, `section`, `key`, `text`) VALUES (14,1,'Crm','core_mail_template_to','[CRM_ASSIGNED_USER_EMAIL]');
INSERT INTO `contrexx_core_text` (`id`, `lang_id`, `section`, `key`, `text`) VALUES (24,1,'Newsletter','core_mail_template_bcc','');
INSERT INTO `contrexx_core_text` (`id`, `lang_id`, `section`, `key`, `text`) VALUES (24,1,'Newsletter','core_mail_template_cc','');
INSERT INTO `contrexx_core_text` (`id`, `lang_id`, `section`, `key`, `text`) VALUES (24,1,'Newsletter','core_mail_template_from','');
INSERT INTO `contrexx_core_text` (`id`, `lang_id`, `section`, `key`, `text`) VALUES (24,1,'Newsletter','core_mail_template_message','[NEWSLETTER_USER_TITLE] [NEWSLETTER_USER_LASTNAME]\r\n\r\nWir freuen uns,Sie bei unserem Newsletter begrüssen zu dürfen und wünschen Ihnen viel Freude damit.\r\nSie erhalten ab sofort wöchentlich die neuesten Informationen in elektronischer Form zu gestellt.\r\n\r\nUm die Bestellung des Newsletters zu bestätigen,bitten wir Sie,auf den folgenden Link zu klicken bzw. ihn in die Adresszeile Ihres Browsers zu kopieren:\r\n\r\n[NEWSLETTER_CONFIRM_CODE]\r\n\r\nUm zu verhindern,dass unser Newsletter in Ihrem Spam-Ordner landet,fügen Sie bitte die Adresse dieser E-Mail Ihrem Adressbuch hinzu.\r\n\r\nSofern Sie diese E-Mail ungewünscht erhalten haben,bitten wir um Entschuldigung. Sie werden keine weitere E-Mail mehr von uns erhalten.\r\n\r\n--\r\nDies ist eine automatisch generierte Nachricht.\r\n[NEWSLETTER_CURRENT_DATE]');
INSERT INTO `contrexx_core_text` (`id`, `lang_id`, `section`, `key`, `text`) VALUES (24,1,'Newsletter','core_mail_template_name','Anmeldung zum Newsletter');
INSERT INTO `contrexx_core_text` (`id`, `lang_id`, `section`, `key`, `text`) VALUES (24,1,'Newsletter','core_mail_template_reply','');
INSERT INTO `contrexx_core_text` (`id`, `lang_id`, `section`, `key`, `text`) VALUES (24,1,'Newsletter','core_mail_template_sender','');
INSERT INTO `contrexx_core_text` (`id`, `lang_id`, `section`, `key`, `text`) VALUES (24,1,'Newsletter','core_mail_template_subject','[NEWSLETTER_DOMAIN_URL] - Anmeldung zum Newsletter');
INSERT INTO `contrexx_core_text` (`id`, `lang_id`, `section`, `key`, `text`) VALUES (24,1,'Newsletter','core_mail_template_to','');
INSERT INTO `contrexx_core_text` (`id`, `lang_id`, `section`, `key`, `text`) VALUES (24,2,'Newsletter','core_mail_template_name','Newsletter Activation');
INSERT INTO `contrexx_core_text` (`id`, `lang_id`, `section`, `key`, `text`) VALUES (24,2,'Newsletter','core_mail_template_from','');
INSERT INTO `contrexx_core_text` (`id`, `lang_id`, `section`, `key`, `text`) VALUES (24,2,'Newsletter','core_mail_template_sender','');
INSERT INTO `contrexx_core_text` (`id`, `lang_id`, `section`, `key`, `text`) VALUES (24,2,'Newsletter','core_mail_template_reply','');
INSERT INTO `contrexx_core_text` (`id`, `lang_id`, `section`, `key`, `text`) VALUES (24,2,'Newsletter','core_mail_template_to','');
INSERT INTO `contrexx_core_text` (`id`, `lang_id`, `section`, `key`, `text`) VALUES (24,2,'Newsletter','core_mail_template_cc','');
INSERT INTO `contrexx_core_text` (`id`, `lang_id`, `section`, `key`, `text`) VALUES (24,2,'Newsletter','core_mail_template_bcc','');
INSERT INTO `contrexx_core_text` (`id`, `lang_id`, `section`, `key`, `text`) VALUES (24,2,'Newsletter','core_mail_template_subject','[NEWSLETTER_DOMAIN_URL] - Newsletter subscription');
INSERT INTO `contrexx_core_text` (`id`, `lang_id`, `section`, `key`, `text`) VALUES (24,2,'Newsletter','core_mail_template_message','[NEWSLETTER_USER_TITLE] [NEWSLETTER_USER_LASTNAME] \r\n\r\nWe are glad to welcome you to our newsletter and wish you much enjoyment with it.\r\nFrom now on you will receive the most actual news weekly. \r\n\r\nIn order to confirm the newsletter subscription please click on the following link or copy it to the address bar of your webbrowser: \r\n\r\n[NEWSLETTER_CONFIRM_CODE] \r\n\r\nTo prevent our newsletter from ending up in your spam folder, please add this email''s sender address to your contact list. \r\n\r\nIn case you did not request to sign up to this newsletter by yourself, please ignore this email. You may not receive any further emails from us.\r\n\r\n--\r\nThis is an automatically generated message.\r\n[NEWSLETTER_CURRENT_DATE]');
INSERT INTO `contrexx_core_text` (`id`, `lang_id`, `section`, `key`, `text`) VALUES (25,1,'Newsletter','core_mail_template_bcc','');
INSERT INTO `contrexx_core_text` (`id`, `lang_id`, `section`, `key`, `text`) VALUES (25,1,'Newsletter','core_mail_template_cc','');
INSERT INTO `contrexx_core_text` (`id`, `lang_id`, `section`, `key`, `text`) VALUES (25,1,'Newsletter','core_mail_template_from','');
INSERT INTO `contrexx_core_text` (`id`, `lang_id`, `section`, `key`, `text`) VALUES (25,1,'Newsletter','core_mail_template_message','[NEWSLETTER_USER_TITLE] [NEWSLETTER_USER_LASTNAME]\r\n\r\nIhr Newsletter Abonnement wurde erfolgreich registriert.\r\nSie werden nun in Zukunft unsere Newsletter erhalten. \r\n\r\n--\r\nDies ist eine automatisch generierte Nachricht.\r\n[NEWSLETTER_CURRENT_DATE]');
INSERT INTO `contrexx_core_text` (`id`, `lang_id`, `section`, `key`, `text`) VALUES (25,1,'Newsletter','core_mail_template_name','Bestätigung der Anmeldung zum Newsletter');
INSERT INTO `contrexx_core_text` (`id`, `lang_id`, `section`, `key`, `text`) VALUES (25,1,'Newsletter','core_mail_template_reply','');
INSERT INTO `contrexx_core_text` (`id`, `lang_id`, `section`, `key`, `text`) VALUES (25,1,'Newsletter','core_mail_template_sender','');
INSERT INTO `contrexx_core_text` (`id`, `lang_id`, `section`, `key`, `text`) VALUES (25,1,'Newsletter','core_mail_template_subject','[NEWSLETTER_DOMAIN_URL] - Bestätigung zur Newsletteranmeldung');
INSERT INTO `contrexx_core_text` (`id`, `lang_id`, `section`, `key`, `text`) VALUES (25,1,'Newsletter','core_mail_template_to','');
INSERT INTO `contrexx_core_text` (`id`, `lang_id`, `section`, `key`, `text`) VALUES (25,2,'Newsletter','core_mail_template_name','Newsletter Confirm Mail');
INSERT INTO `contrexx_core_text` (`id`, `lang_id`, `section`, `key`, `text`) VALUES (25,2,'Newsletter','core_mail_template_from','');
INSERT INTO `contrexx_core_text` (`id`, `lang_id`, `section`, `key`, `text`) VALUES (25,2,'Newsletter','core_mail_template_sender','');
INSERT INTO `contrexx_core_text` (`id`, `lang_id`, `section`, `key`, `text`) VALUES (25,2,'Newsletter','core_mail_template_reply','');
INSERT INTO `contrexx_core_text` (`id`, `lang_id`, `section`, `key`, `text`) VALUES (25,2,'Newsletter','core_mail_template_to','');
INSERT INTO `contrexx_core_text` (`id`, `lang_id`, `section`, `key`, `text`) VALUES (25,2,'Newsletter','core_mail_template_cc','');
INSERT INTO `contrexx_core_text` (`id`, `lang_id`, `section`, `key`, `text`) VALUES (25,2,'Newsletter','core_mail_template_bcc','');
INSERT INTO `contrexx_core_text` (`id`, `lang_id`, `section`, `key`, `text`) VALUES (25,2,'Newsletter','core_mail_template_subject','[NEWSLETTER_DOMAIN_URL] - Newsletter subscription confirmation');
INSERT INTO `contrexx_core_text` (`id`, `lang_id`, `section`, `key`, `text`) VALUES (25,2,'Newsletter','core_mail_template_message','[NEWSLETTER_USER_TITLE] [NEWSLETTER_USER_LASTNAME]\r\n\r\nYour subscription to this newsletter was successfully registered.\r\nYou will receive our newsletter messages.\r\n\r\n--\r\nThis is an automatically generated message.\r\n[NEWSLETTER_CURRENT_DATE]');
INSERT INTO `contrexx_core_text` (`id`, `lang_id`, `section`, `key`, `text`) VALUES (26,1,'Newsletter','core_mail_template_bcc','');
INSERT INTO `contrexx_core_text` (`id`, `lang_id`, `section`, `key`, `text`) VALUES (26,1,'Newsletter','core_mail_template_cc','');
INSERT INTO `contrexx_core_text` (`id`, `lang_id`, `section`, `key`, `text`) VALUES (26,1,'Newsletter','core_mail_template_from','');
INSERT INTO `contrexx_core_text` (`id`, `lang_id`, `section`, `key`, `text`) VALUES (26,1,'Newsletter','core_mail_template_message','Folgende Mutation wurde im Newsletter System getätigt:\r\n\r\nGetätigte Aktion: [NEWSLETTER_NOTIFICATION_ACTION]\r\nGeschlecht:       [NEWSLETTER_USER_SEX]\r\nAnrede:           [NEWSLETTER_USER_TITLE]\r\nVorname:          [NEWSLETTER_USER_FIRSTNAME]\r\nNachname:         [NEWSLETTER_USER_LASTNAME]\r\nE-Mail:           [NEWSLETTER_USER_EMAIL]\r\n\r\n--\r\nDies ist eine automatisch generierte Nachricht.\r\n[NEWSLETTER_CURRENT_DATE]');
INSERT INTO `contrexx_core_text` (`id`, `lang_id`, `section`, `key`, `text`) VALUES (26,1,'Newsletter','core_mail_template_name','Benachrichtigung über eine Änderung in Ihrer Newsletter-Anmeldung');
INSERT INTO `contrexx_core_text` (`id`, `lang_id`, `section`, `key`, `text`) VALUES (26,1,'Newsletter','core_mail_template_reply','');
INSERT INTO `contrexx_core_text` (`id`, `lang_id`, `section`, `key`, `text`) VALUES (26,1,'Newsletter','core_mail_template_sender','');
INSERT INTO `contrexx_core_text` (`id`, `lang_id`, `section`, `key`, `text`) VALUES (26,1,'Newsletter','core_mail_template_subject','[NEWSLETTER_DOMAIN_URL] - Newsletter Empfänger [NEWSLETTER_NOTIFICATION_ACTION]');
INSERT INTO `contrexx_core_text` (`id`, `lang_id`, `section`, `key`, `text`) VALUES (26,1,'Newsletter','core_mail_template_to','');
INSERT INTO `contrexx_core_text` (`id`, `lang_id`, `section`, `key`, `text`) VALUES (26,2,'Newsletter','core_mail_template_name','Newsletter Notification Email');
INSERT INTO `contrexx_core_text` (`id`, `lang_id`, `section`, `key`, `text`) VALUES (26,2,'Newsletter','core_mail_template_from','');
INSERT INTO `contrexx_core_text` (`id`, `lang_id`, `section`, `key`, `text`) VALUES (26,2,'Newsletter','core_mail_template_sender','');
INSERT INTO `contrexx_core_text` (`id`, `lang_id`, `section`, `key`, `text`) VALUES (26,2,'Newsletter','core_mail_template_reply','');
INSERT INTO `contrexx_core_text` (`id`, `lang_id`, `section`, `key`, `text`) VALUES (26,2,'Newsletter','core_mail_template_to','');
INSERT INTO `contrexx_core_text` (`id`, `lang_id`, `section`, `key`, `text`) VALUES (26,2,'Newsletter','core_mail_template_cc','');
INSERT INTO `contrexx_core_text` (`id`, `lang_id`, `section`, `key`, `text`) VALUES (26,2,'Newsletter','core_mail_template_bcc','');
INSERT INTO `contrexx_core_text` (`id`, `lang_id`, `section`, `key`, `text`) VALUES (26,2,'Newsletter','core_mail_template_subject','[NEWSLETTER_DOMAIN_URL] - Newsletter receiver [NEWSLETTER_NOTIFICATION_ACTION]');
INSERT INTO `contrexx_core_text` (`id`, `lang_id`, `section`, `key`, `text`) VALUES (26,2,'Newsletter','core_mail_template_message','The following changes were made to the newsletter system: \r\n\r\nAction:     [NEWSLETTER_NOTIFICATION_ACTION]\r\nGender:     [NEWSLETTER_USER_SEX]\r\nSalutation: [NEWSLETTER_USER_TITLE]\r\nFirstname:  [NEWSLETTER_USER_FIRSTNAME]\r\nLastname:   [NEWSLETTER_USER_LASTNAME]\r\nEmail:      [NEWSLETTER_USER_EMAIL] \r\n\r\n--\r\nThis is an automatically generated message.\r\n[NEWSLETTER_CURRENT_DATE]');
INSERT INTO `contrexx_core_text` (`id`, `lang_id`, `section`, `key`, `text`) VALUES (27,1,'Newsletter','core_mail_template_bcc','');
INSERT INTO `contrexx_core_text` (`id`, `lang_id`, `section`, `key`, `text`) VALUES (27,1,'Newsletter','core_mail_template_cc','');
INSERT INTO `contrexx_core_text` (`id`, `lang_id`, `section`, `key`, `text`) VALUES (27,1,'Newsletter','core_mail_template_from','');
INSERT INTO `contrexx_core_text` (`id`, `lang_id`, `section`, `key`, `text`) VALUES (27,1,'Newsletter','core_mail_template_message','Der Newsletter konnte an folgende E-Mail-Adresse nicht versendet werden:\r\n[NEWSLETTER_USER_EMAIL]\r\n\r\nUm die E-Mail Adresse zu bearbeiten,klicken Sie bitte auf den folgenden Link:\r\n[NEWSLETTER_USER_EDIT_LINK]\r\n\r\n--\r\nDies ist eine automatisch generierte Nachricht.\r\n[NEWSLETTER_CURRENT_DATE]');
INSERT INTO `contrexx_core_text` (`id`, `lang_id`, `section`, `key`, `text`) VALUES (27,1,'Newsletter','core_mail_template_name','Benachrichtung über nicht zustellbaren Newsletter');
INSERT INTO `contrexx_core_text` (`id`, `lang_id`, `section`, `key`, `text`) VALUES (27,1,'Newsletter','core_mail_template_reply','');
INSERT INTO `contrexx_core_text` (`id`, `lang_id`, `section`, `key`, `text`) VALUES (27,1,'Newsletter','core_mail_template_sender','');
INSERT INTO `contrexx_core_text` (`id`, `lang_id`, `section`, `key`, `text`) VALUES (27,1,'Newsletter','core_mail_template_subject','[NEWSLETTER_SUBJECT] - Benachrichtigung über unzustellbare E-Mail');
INSERT INTO `contrexx_core_text` (`id`, `lang_id`, `section`, `key`, `text`) VALUES (27,1,'Newsletter','core_mail_template_to','[NEWSLETTER_LOGGED_USER_EMAIL]');
INSERT INTO `contrexx_core_text` (`id`, `lang_id`, `section`, `key`, `text`) VALUES (27,2,'Newsletter','core_mail_template_name','Undeliverable mail notification');
INSERT INTO `contrexx_core_text` (`id`, `lang_id`, `section`, `key`, `text`) VALUES (27,2,'Newsletter','core_mail_template_from','');
INSERT INTO `contrexx_core_text` (`id`, `lang_id`, `section`, `key`, `text`) VALUES (27,2,'Newsletter','core_mail_template_sender','');
INSERT INTO `contrexx_core_text` (`id`, `lang_id`, `section`, `key`, `text`) VALUES (27,2,'Newsletter','core_mail_template_reply','');
INSERT INTO `contrexx_core_text` (`id`, `lang_id`, `section`, `key`, `text`) VALUES (27,2,'Newsletter','core_mail_template_to','[NEWSLETTER_LOGGED_USER_EMAIL]');
INSERT INTO `contrexx_core_text` (`id`, `lang_id`, `section`, `key`, `text`) VALUES (27,2,'Newsletter','core_mail_template_cc','');
INSERT INTO `contrexx_core_text` (`id`, `lang_id`, `section`, `key`, `text`) VALUES (27,2,'Newsletter','core_mail_template_bcc','');
INSERT INTO `contrexx_core_text` (`id`, `lang_id`, `section`, `key`, `text`) VALUES (27,2,'Newsletter','core_mail_template_subject','[NEWSLETTER_SUBJECT] - Undeliverable email notification');
INSERT INTO `contrexx_core_text` (`id`, `lang_id`, `section`, `key`, `text`) VALUES (27,2,'Newsletter','core_mail_template_message','Sending the newsletter to the following email address has failed:\r\n[NEWSLETTER_USER_EMAIL] \r\n\r\nIn order to edit the email address please click the following link:\r\n[NEWSLETTER_USER_EDIT_LINK]\r\n\r\n--\r\nThis is an automatically generated message.\r\n[NEWSLETTER_CURRENT_DATE]');
INSERT INTO `contrexx_core_text` (`id`, `lang_id`, `section`, `key`, `text`) VALUES (28,1,'Newsletter','core_mail_template_bcc','');
INSERT INTO `contrexx_core_text` (`id`, `lang_id`, `section`, `key`, `text`) VALUES (28,1,'Newsletter','core_mail_template_cc','');
INSERT INTO `contrexx_core_text` (`id`, `lang_id`, `section`, `key`, `text`) VALUES (28,1,'Newsletter','core_mail_template_from','');
INSERT INTO `contrexx_core_text` (`id`, `lang_id`, `section`, `key`, `text`) VALUES (28,1,'Newsletter','core_mail_template_message','[NEWSLETTER_USER_TITLE] [NEWSLETTER_USER_LASTNAME]\r\n\r\nSie sind bereits Abonnent des gewählten Newsletters.\r\n\r\n--\r\nDies ist eine automatisch generierte Nachricht.\r\n[NEWSLETTER_CURRENT_DATE]');
INSERT INTO `contrexx_core_text` (`id`, `lang_id`, `section`, `key`, `text`) VALUES (28,1,'Newsletter','core_mail_template_name','Informiert den Abonnenten über die erneute Anmeldung an den Newsletter');
INSERT INTO `contrexx_core_text` (`id`, `lang_id`, `section`, `key`, `text`) VALUES (28,1,'Newsletter','core_mail_template_reply','');
INSERT INTO `contrexx_core_text` (`id`, `lang_id`, `section`, `key`, `text`) VALUES (28,1,'Newsletter','core_mail_template_sender','');
INSERT INTO `contrexx_core_text` (`id`, `lang_id`, `section`, `key`, `text`) VALUES (28,1,'Newsletter','core_mail_template_subject','[NEWSLETTER_DOMAIN_URL] - Anmeldung zum Newsletter');
INSERT INTO `contrexx_core_text` (`id`, `lang_id`, `section`, `key`, `text`) VALUES (28,1,'Newsletter','core_mail_template_to','');
INSERT INTO `contrexx_core_text` (`id`, `lang_id`, `section`, `key`, `text`) VALUES (28,2,'Newsletter','core_mail_template_bcc','');
INSERT INTO `contrexx_core_text` (`id`, `lang_id`, `section`, `key`, `text`) VALUES (28,2,'Newsletter','core_mail_template_cc','');
INSERT INTO `contrexx_core_text` (`id`, `lang_id`, `section`, `key`, `text`) VALUES (28,2,'Newsletter','core_mail_template_from','');
INSERT INTO `contrexx_core_text` (`id`, `lang_id`, `section`, `key`, `text`) VALUES (28,2,'Newsletter','core_mail_template_message','[NEWSLETTER_USER_TITLE] [NEWSLETTER_USER_LASTNAME]\r\n\r\nYou have already subscribed to this newsletter list.\r\n\r\n--\r\nThis is an automatically generated message.\r\n[NEWSLETTER_CURRENT_DATE]');
INSERT INTO `contrexx_core_text` (`id`, `lang_id`, `section`, `key`, `text`) VALUES (28,2,'Newsletter','core_mail_template_name','Notify user about subscribing to the same newsletter list again');
INSERT INTO `contrexx_core_text` (`id`, `lang_id`, `section`, `key`, `text`) VALUES (28,2,'Newsletter','core_mail_template_reply','');
INSERT INTO `contrexx_core_text` (`id`, `lang_id`, `section`, `key`, `text`) VALUES (28,2,'Newsletter','core_mail_template_sender','');
INSERT INTO `contrexx_core_text` (`id`, `lang_id`, `section`, `key`, `text`) VALUES (28,2,'Newsletter','core_mail_template_subject','[NEWSLETTER_DOMAIN_URL] - Newsletter subscription');
INSERT INTO `contrexx_core_text` (`id`, `lang_id`, `section`, `key`, `text`) VALUES (28,2,'Newsletter','core_mail_template_to','');
INSERT INTO `contrexx_core_text` (`id`, `lang_id`, `section`, `key`, `text`) VALUES (30,1,'Newsletter','core_mail_template_name','Zustimmungsbestätigung');
INSERT INTO `contrexx_core_text` (`id`, `lang_id`, `section`, `key`, `text`) VALUES (30,1,'Newsletter','core_mail_template_from','');
INSERT INTO `contrexx_core_text` (`id`, `lang_id`, `section`, `key`, `text`) VALUES (30,1,'Newsletter','core_mail_template_sender','');
INSERT INTO `contrexx_core_text` (`id`, `lang_id`, `section`, `key`, `text`) VALUES (30,1,'Newsletter','core_mail_template_reply','');
INSERT INTO `contrexx_core_text` (`id`, `lang_id`, `section`, `key`, `text`) VALUES (30,1,'Newsletter','core_mail_template_to','');
INSERT INTO `contrexx_core_text` (`id`, `lang_id`, `section`, `key`, `text`) VALUES (30,1,'Newsletter','core_mail_template_cc','');
INSERT INTO `contrexx_core_text` (`id`, `lang_id`, `section`, `key`, `text`) VALUES (30,1,'Newsletter','core_mail_template_bcc','');
INSERT INTO `contrexx_core_text` (`id`, `lang_id`, `section`, `key`, `text`) VALUES (30,1,'Newsletter','core_mail_template_subject','[NEWSLETTER_DOMAIN_URL] - Newsletter Zustimmungsbestätigung');
INSERT INTO `contrexx_core_text` (`id`, `lang_id`, `section`, `key`, `text`) VALUES (30,1,'Newsletter','core_mail_template_message','[NEWSLETTER_USER_TITLE] [NEWSLETTER_USER_FIRSTNAME]\r\n\r\nBitte bestätigen Sie, dass Sie Mails der folgenden Mailing-Listen erhalten möchten:\r\n[[NEWSLETTER_LISTS]\r\n   [NEWSLETTER_LIST]\r\n[NEWSLETTER_LISTS]]\r\n\r\nUm dies zu bestätigen, klicken Sie bitte auf den folgenden Link oder kopieren Sie ihn in die Adressleiste Ihres Webbrowsers:\r\n\r\n[NEWSLETTER_CONSENT_CONFIRM_CODE]\r\n\r\n--\r\n\r\nDies ist eine automatisch generierte Nachricht.');
INSERT INTO `contrexx_core_text` (`id`, `lang_id`, `section`, `key`, `text`) VALUES (30,1,'Newsletter','core_mail_template_message_html','<html>\r\n<head>\r\n  <title></title>\r\n</head>\r\n<body>[NEWSLETTER_USER_TITLE] [NEWSLETTER_USER_FIRSTNAME]<br />\r\n<br />\r\nBitte best&auml;tigen Sie, dass Sie Mails der folgenden Mailing-Listen erhalten m&ouml;chten:<br />\r\n[[NEWSLETTER_LISTS]<br />\r\n&nbsp; &nbsp;[NEWSLETTER_LIST]<br />\r\n[NEWSLETTER_LISTS]]<br />\r\n<br />\r\nUm dies zu best&auml;tigen, klicken Sie bitte auf den folgenden Link oder kopieren Sie ihn in die Adressleiste Ihres Webbrowsers:<br />\r\n<br />\r\n<a href=\"[NEWSLETTER_CONSENT_CONFIRM_CODE]\">[NEWSLETTER_CONSENT_CONFIRM_CODE]</a><br />\r\n<br />\r\n--<br />\r\n<br />\r\nDies ist eine automatisch generierte Nachricht.</body>\r\n</html>\r\n');
INSERT INTO `contrexx_core_text` (`id`, `lang_id`, `section`, `key`, `text`) VALUES (30,2,'Newsletter','core_mail_template_name','Consent confirmation');
INSERT INTO `contrexx_core_text` (`id`, `lang_id`, `section`, `key`, `text`) VALUES (30,2,'Newsletter','core_mail_template_from','');
INSERT INTO `contrexx_core_text` (`id`, `lang_id`, `section`, `key`, `text`) VALUES (30,2,'Newsletter','core_mail_template_sender','');
INSERT INTO `contrexx_core_text` (`id`, `lang_id`, `section`, `key`, `text`) VALUES (30,2,'Newsletter','core_mail_template_reply','');
INSERT INTO `contrexx_core_text` (`id`, `lang_id`, `section`, `key`, `text`) VALUES (30,2,'Newsletter','core_mail_template_to','');
INSERT INTO `contrexx_core_text` (`id`, `lang_id`, `section`, `key`, `text`) VALUES (30,2,'Newsletter','core_mail_template_cc','');
INSERT INTO `contrexx_core_text` (`id`, `lang_id`, `section`, `key`, `text`) VALUES (30,2,'Newsletter','core_mail_template_bcc','');
INSERT INTO `contrexx_core_text` (`id`, `lang_id`, `section`, `key`, `text`) VALUES (30,2,'Newsletter','core_mail_template_subject','[NEWSLETTER_DOMAIN_URL] - Newsletter consent confirmation');
INSERT INTO `contrexx_core_text` (`id`, `lang_id`, `section`, `key`, `text`) VALUES (30,2,'Newsletter','core_mail_template_message','[NEWSLETTER_USER_TITLE] [NEWSLETTER_USER_FIRSTNAME]\r\n\r\nPlease confirm that you would like to receive mails from the following mailing lists:\r\n[[NEWSLETTER_LISTS]\r\n   [NEWSLETTER_LIST]\r\n[NEWSLETTER_LISTS]]\r\n\r\nIn order to confirm this please click on the following link or copy it to the address bar of your webbrowser:\r\n\r\n[NEWSLETTER_CONSENT_CONFIRM_CODE]\r\n\r\n--\r\n\r\nThis is an automatically generated message.');
INSERT INTO `contrexx_core_text` (`id`, `lang_id`, `section`, `key`, `text`) VALUES (30,2,'Newsletter','core_mail_template_message_html','<html>\r\n<head>\r\n  <title></title>\r\n</head>\r\n<body>[NEWSLETTER_USER_TITLE] [NEWSLETTER_USER_FIRSTNAME]<br />\r\n<br />\r\nPlease confirm that you would like to receive mails from the following mailing lists:<br />\r\n[[NEWSLETTER_LISTS]<br />\r\n&nbsp; &nbsp;[NEWSLETTER_LIST]<br />\r\n[NEWSLETTER_LISTS]]<br />\r\n<br />\r\nIn order to confirm this please click on the following link or copy it to the address bar of your webbrowser:<br />\r\n<br />\r\n<a href=\"[NEWSLETTER_CONSENT_CONFIRM_CODE]\">[NEWSLETTER_CONSENT_CONFIRM_CODE]</a><br />\r\n<br />\r\n--<br />\r\n<br />\r\nThis is an automatically generated message.</body>\r\n</html>\r\n');
INSERT INTO `contrexx_core_text` (`id`, `lang_id`, `section`, `key`, `text`) VALUES (30,1,'Downloads','core_mail_template_bcc','');
INSERT INTO `contrexx_core_text` (`id`, `lang_id`, `section`, `key`, `text`) VALUES (30,1,'Downloads','core_mail_template_cc','');
INSERT INTO `contrexx_core_text` (`id`, `lang_id`, `section`, `key`, `text`) VALUES (30,1,'Downloads','core_mail_template_from','');
INSERT INTO `contrexx_core_text` (`id`, `lang_id`, `section`, `key`, `text`) VALUES (30,1,'Downloads','core_mail_template_message','Eine neue Datei wurde auf [DOMAIN_URL] hochgeladen.\r\n\nBenutzer: [FILE_OWNER]\r\n\nDateiname: [FILE_NAME]\r\n\nKategorie: [CATEGORY_NAME]\r\n\nDownload: [FILE_DOWNLOAD_LINK_SRC]');
INSERT INTO `contrexx_core_text` (`id`, `lang_id`, `section`, `key`, `text`) VALUES (30,1,'Downloads','core_mail_template_name','Benachrichtigung bei neuem Upload');
INSERT INTO `contrexx_core_text` (`id`, `lang_id`, `section`, `key`, `text`) VALUES (30,1,'Downloads','core_mail_template_reply','');
INSERT INTO `contrexx_core_text` (`id`, `lang_id`, `section`, `key`, `text`) VALUES (30,1,'Downloads','core_mail_template_sender','');
INSERT INTO `contrexx_core_text` (`id`, `lang_id`, `section`, `key`, `text`) VALUES (30,1,'Downloads','core_mail_template_subject','Neue Datei auf [DOMAIN_URL] verfügbar');
INSERT INTO `contrexx_core_text` (`id`, `lang_id`, `section`, `key`, `text`) VALUES (30,1,'Downloads','core_mail_template_to','');
INSERT INTO `contrexx_core_text` (`id`, `lang_id`, `section`, `key`, `text`) VALUES (30,2,'Downloads','core_mail_template_bcc','');
INSERT INTO `contrexx_core_text` (`id`, `lang_id`, `section`, `key`, `text`) VALUES (30,2,'Downloads','core_mail_template_cc','');
INSERT INTO `contrexx_core_text` (`id`, `lang_id`, `section`, `key`, `text`) VALUES (30,2,'Downloads','core_mail_template_from','');
INSERT INTO `contrexx_core_text` (`id`, `lang_id`, `section`, `key`, `text`) VALUES (30,2,'Downloads','core_mail_template_message','A new file has been uploaded on [DOMAIN_URL]\r\n\nUser: [FILE_OWNER]\r\n\nFilename: [FILE_NAME]\r\n\nCategory: [CATEGORY_NAME]\r\n\nDownload: [FILE_DOWNLOAD_LINK_SRC]');
INSERT INTO `contrexx_core_text` (`id`, `lang_id`, `section`, `key`, `text`) VALUES (30,2,'Downloads','core_mail_template_name','Notification on new upload');
INSERT INTO `contrexx_core_text` (`id`, `lang_id`, `section`, `key`, `text`) VALUES (30,2,'Downloads','core_mail_template_reply','');
INSERT INTO `contrexx_core_text` (`id`, `lang_id`, `section`, `key`, `text`) VALUES (30,2,'Downloads','core_mail_template_sender','');
INSERT INTO `contrexx_core_text` (`id`, `lang_id`, `section`, `key`, `text`) VALUES (30,2,'Downloads','core_mail_template_subject','New download available on [DOMAIN_URL]');
INSERT INTO `contrexx_core_text` (`id`, `lang_id`, `section`, `key`, `text`) VALUES (30,2,'Downloads','core_mail_template_to','');
INSERT INTO `contrexx_core_view_frontend` (`language`, `theme`, `channel`) VALUES (1, 21, 'default');
INSERT INTO `contrexx_core_view_frontend` (`language`, `theme`, `channel`) VALUES (1, 21, 'mobile');
INSERT INTO `contrexx_core_view_frontend` (`language`, `theme`, `channel`) VALUES (1, 4, 'print');
INSERT INTO `contrexx_core_view_frontend` (`language`, `theme`, `channel`) VALUES (1, 5, 'pdf');
INSERT INTO `contrexx_core_view_frontend` (`language`, `theme`, `channel`) VALUES (1, 6, 'app');
INSERT INTO `contrexx_core_view_frontend` (`language`, `theme`, `channel`) VALUES (2, 21, 'default');
INSERT INTO `contrexx_core_view_frontend` (`language`, `theme`, `channel`) VALUES (2, 21, 'mobile');
INSERT INTO `contrexx_core_view_frontend` (`language`, `theme`, `channel`) VALUES (2, 4, 'print');
INSERT INTO `contrexx_core_view_frontend` (`language`, `theme`, `channel`) VALUES (2, 5, 'pdf');
INSERT INTO `contrexx_core_view_frontend` (`language`, `theme`, `channel`) VALUES (2, 6, 'app');
INSERT INTO `contrexx_core_wysiwyg_template` (`id`, `title`, `description`, `imagePath`, `htmlContent`, `active`, `order`) VALUES (1,'Bild und Titel','Bild mit einem Titel und Text, der das Bild umfliesst.','/images/Wysiwyg/template1.gif','<h3><img src=\" \" alt=\"\" style=\"margin-right: 10px\" height=\"100\" width=\"100\" align=\"left\" />Hier den Titel einfügen</h3><p>Hier den Text einfügen</p>',1,1);
INSERT INTO `contrexx_core_wysiwyg_template` (`id`, `title`, `description`, `imagePath`, `htmlContent`, `active`, `order`) VALUES (2,'Zwei Spalten mit Titel','Zwei Spalten, die beide einen Titel und Text beinhalten.','/images/Wysiwyg/template2.gif','<div class=\"row\"><div class=\"col-md-6\"><h2>Hier den Titel einfügen</h2>Hier den Text einfügen <br/> </div><div class=\"col-md-6\"><h2 >Title</h2>Hier den Text einfügen <br/></div></div>Text goes here',1,2);
INSERT INTO `contrexx_core_wysiwyg_template` (`id`, `title`, `description`, `imagePath`, `htmlContent`, `active`, `order`) VALUES (3,'Text und Tabelle','Ein Titel mit Text und einer Tabelle.','/images/Wysiwyg/template3.gif','<div style=\"width: 80%\"><h3>Hier den Titel einfügen</h3><table style=\"width:150px;float: right\" cellspacing=\"0\" cellpadding=\"0\" border=\"1\"><caption style=\"border:solid 1px black\"><strong> Hier den Tabellentitel einfügen</strong></caption><tr><td>&nbsp;</td><td>&nbsp;</td><td>&nbsp;</td></tr><tr><td>&nbsp;</td><td>&nbsp;</td><td>&nbsp;</td></tr><tr><td>&nbsp;</td><td>&nbsp;</td><td>&nbsp;</td></tr></table><p>Type the text here</p></div>',1,3);
INSERT INTO `contrexx_core_wysiwyg_toolbar` (`id`, `available_functions`, `removed_buttons`, `is_default`) VALUES (1,'[[\"Source\",\"-\",\"NewPage\",\"Templates\"],[\"Cut\",\"Copy\",\"Paste\",\"PasteText\",\"PasteFromWord\",\"-\",\"Scayt\"],[\"Undo\",\"Redo\",\"-\",\"CopyFormatting\",\"-\",\"Find\",\"Replace\",\"-\",\"SelectAll\",\"RemoveFormat\"],[\"Bold\",\"Italic\",\"Underline\",\"Strike\",\"-\",\"Subscript\",\"Superscript\"],[\"NumberedList\",\"BulletedList\",\"-\",\"Outdent\",\"Indent\",\"Blockquote\"],[\"JustifyLeft\",\"JustifyCenter\",\"JustifyRight\",\"JustifyBlock\"],[],[\"Link\",\"Unlink\",\"Anchor\"],[\"Image\",\"Flash\",\"Table\",\"HorizontalRule\",\"SpecialChar\"],[\"Format\"],[\"TextColor\",\"BGColor\"],[\"ShowBlocks\"],[\"Div\",\"CreateDiv\"],[\"Maximize\"]]','autoFormat,CommentSelectedRange,UncommentSelectedRange,AutoComplete,searchCode,Styles,Font,FontSize,BidiLtr,BidiRtl',1);
INSERT INTO `contrexx_log_entry` (`id`, `action`, `logged_at`, `version`, `object_id`, `object_class`, `data`, `username`) VALUES(1, 'create', '2014-09-01 22:00:00', 1, '1', 'Cx\\Core\\ContentManager\\Model\\Entity\\Page', 'a:37:{s:2:\"id\";i:1;s:14:\"nodeIdShadowed\";i:2;s:4:\"lang\";i:1;s:4:\"type\";s:11:\"application\";s:7:\"caching\";b:0;s:9:\"updatedAt\";O:8:\"DateTime\":3:{s:4:\"date\";s:26:\"2014-09-01 22:00:00.000000\";s:13:\"timezone_type\";i:3;s:8:\"timezone\";s:13:\"Europe/Zurich\";}s:9:\"updatedBy\";s:6:\"system\";s:5:\"title\";s:10:\"Willkommen\";s:10:\"linkTarget\";s:0:\"\";s:12:\"contentTitle\";s:9:\"Cloudrexx\";s:4:\"slug\";s:10:\"Willkommen\";s:7:\"content\";s:348:\"<p>Herzlichen Dank, dass Sie f&uuml;r Ihr Webprojekt <a href=\"https://www.cloudrexx.com\" target=\"_blank\">Cloudrexx&reg;</a> einsetzen!<br />\r\n<br />\r\nStarten Sie mit dem Aufbau der Website in wenigen Klicks. Cloudrexx bietet Ihnen eine maximale Flexibilit&auml;t und umfangreiche Funktionen, um ein erfolgreiches Online-Business zu betreiben.</p>\r\n\";s:10:\"sourceMode\";b:0;s:13:\"customContent\";s:0:\"\";s:30:\"useCustomContentForAllChannels\";i:0;s:19:\"applicationTemplate\";s:0:\"\";s:42:\"useCustomApplicationTemplateForAllChannels\";i:0;s:7:\"cssName\";s:0:\"\";s:10:\"cssNavName\";s:0:\"\";s:4:\"skin\";i:0;s:21:\"useSkinForAllChannels\";i:0;s:9:\"metatitle\";s:61:\"Willkommen bei der erfolgreichen Installation von Cloudrexx®\";s:8:\"metadesc\";s:61:\"Willkommen bei der erfolgreichen Installation von Cloudrexx®\";s:8:\"metakeys\";s:61:\"Willkommen bei der erfolgreichen Installation von Cloudrexx®\";s:10:\"metarobots\";i:1;s:9:\"metaimage\";s:0:\"\";s:5:\"start\";N;s:3:\"end\";N;s:13:\"editingStatus\";s:0:\"\";s:10:\"protection\";i:0;s:16:\"frontendAccessId\";i:0;s:15:\"backendAccessId\";i:0;s:7:\"display\";b:1;s:6:\"active\";b:1;s:6:\"target\";s:0:\"\";s:6:\"module\";s:4:\"Home\";s:3:\"cmd\";s:0:\"\";}', '{\"id\":1,\"name\":\"system\"}');
INSERT INTO `contrexx_log_entry` (`id`, `action`, `logged_at`, `version`, `object_id`, `object_class`, `data`, `username`) VALUES(2, 'create', '2014-09-01 22:00:00', 1, '2', 'Cx\\Core\\ContentManager\\Model\\Entity\\Page', 'a:37:{s:2:\"id\";i:2;s:14:\"nodeIdShadowed\";i:2;s:4:\"lang\";i:2;s:4:\"type\";s:11:\"application\";s:7:\"caching\";b:0;s:9:\"updatedAt\";O:8:\"DateTime\":3:{s:4:\"date\";s:26:\"2014-09-01 22:00:00.000000\";s:13:\"timezone_type\";i:3;s:8:\"timezone\";s:13:\"Europe/Zurich\";}s:9:\"updatedBy\";s:6:\"system\";s:5:\"title\";s:7:\"Welcome\";s:10:\"linkTarget\";s:0:\"\";s:12:\"contentTitle\";s:27:\"Welcome and congratulations\";s:4:\"slug\";s:10:\"Willkommen\";s:7:\"content\";s:18:\"{APPLICATION_DATA}\";s:10:\"sourceMode\";b:0;s:13:\"customContent\";s:0:\"\";s:30:\"useCustomContentForAllChannels\";N;s:19:\"applicationTemplate\";N;s:42:\"useCustomApplicationTemplateForAllChannels\";N;s:7:\"cssName\";s:0:\"\";s:10:\"cssNavName\";s:0:\"\";s:4:\"skin\";i:0;s:21:\"useSkinForAllChannels\";N;s:9:\"metatitle\";s:61:\"Willkommen bei der erfolgreichen Installation von Cloudrexx®\";s:8:\"metadesc\";s:61:\"Willkommen bei der erfolgreichen Installation von Cloudrexx®\";s:8:\"metakeys\";s:61:\"Willkommen bei der erfolgreichen Installation von Cloudrexx®\";s:10:\"metarobots\";i:1;s:9:\"metaimage\";N;s:5:\"start\";N;s:3:\"end\";N;s:13:\"editingStatus\";s:0:\"\";s:10:\"protection\";i:0;s:16:\"frontendAccessId\";i:0;s:15:\"backendAccessId\";i:0;s:7:\"display\";b:1;s:6:\"active\";b:1;s:6:\"target\";s:0:\"\";s:6:\"module\";s:4:\"Home\";s:3:\"cmd\";s:0:\"\";}', '{\"id\":1,\"name\":\"system\"}');
INSERT INTO `contrexx_log_entry` (`id`, `action`, `logged_at`, `version`, `object_id`, `object_class`, `data`, `username`) VALUES(3, 'create', '2014-09-01 22:00:00', 1, '3', 'Cx\\Core\\ContentManager\\Model\\Entity\\Page', 'a:37:{s:2:\"id\";i:3;s:14:\"nodeIdShadowed\";i:3;s:4:\"lang\";i:1;s:4:\"type\";s:8:\"redirect\";s:7:\"caching\";b:0;s:9:\"updatedAt\";O:8:\"DateTime\":3:{s:4:\"date\";s:26:\"2014-09-01 22:00:00.000000\";s:13:\"timezone_type\";i:3;s:8:\"timezone\";s:13:\"Europe/Zurich\";}s:9:\"updatedBy\";s:6:\"system\";s:5:\"title\";s:14:\"Erste Schritte\";s:10:\"linkTarget\";s:0:\"\";s:12:\"contentTitle\";s:14:\"Erste Schritte\";s:4:\"slug\";s:14:\"Erste-Schritte\";s:7:\"content\";s:0:\"\";s:10:\"sourceMode\";b:0;s:13:\"customContent\";s:0:\"\";s:30:\"useCustomContentForAllChannels\";N;s:19:\"applicationTemplate\";N;s:42:\"useCustomApplicationTemplateForAllChannels\";N;s:7:\"cssName\";s:0:\"\";s:10:\"cssNavName\";s:0:\"\";s:4:\"skin\";i:0;s:21:\"useSkinForAllChannels\";N;s:9:\"metatitle\";s:13:\"Informationen\";s:8:\"metadesc\";s:13:\"Informationen\";s:8:\"metakeys\";s:13:\"Informationen\";s:10:\"metarobots\";i:1;s:9:\"metaimage\";N;s:5:\"start\";N;s:3:\"end\";N;s:13:\"editingStatus\";s:0:\"\";s:10:\"protection\";i:0;s:16:\"frontendAccessId\";i:0;s:15:\"backendAccessId\";i:0;s:7:\"display\";b:1;s:6:\"active\";b:1;s:6:\"target\";s:10:\"[[NODE_4]]\";s:6:\"module\";s:0:\"\";s:3:\"cmd\";s:0:\"\";}', '{\"id\":1,\"name\":\"system\"}');
INSERT INTO `contrexx_log_entry` (`id`, `action`, `logged_at`, `version`, `object_id`, `object_class`, `data`, `username`) VALUES(4, 'create', '2014-09-01 22:00:00', 1, '4', 'Cx\\Core\\ContentManager\\Model\\Entity\\Page', 'a:37:{s:2:\"id\";i:4;s:14:\"nodeIdShadowed\";i:4;s:4:\"lang\";i:1;s:4:\"type\";s:7:\"content\";s:7:\"caching\";b:1;s:9:\"updatedAt\";O:8:\"DateTime\":3:{s:4:\"date\";s:26:\"2014-09-01 22:00:00.000000\";s:13:\"timezone_type\";i:3;s:8:\"timezone\";s:13:\"Europe/Zurich\";}s:9:\"updatedBy\";s:6:\"system\";s:5:\"title\";s:18:\"Was ist Cloudrexx?\";s:10:\"linkTarget\";s:0:\"\";s:12:\"contentTitle\";s:48:\"Cloudrexx® Web Content Management System (WCMS)\";s:4:\"slug\";s:17:\"Was-ist-Cloudrexx\";s:7:\"content\";s:3739:\"Mit dem modular aufgebauten Web Content Management System Cloudrexx&nbsp;ist das Verwalten von anwendungsreichen Webseiten spielend einfach. Dank der &uuml;bersichtlichen Administrationsoberfl&auml;che haben Sie die Inhalte und Module stets unter Kontrolle.<br />\r\n<br />\r\nDoch Cloudrexx bietet weit mehr, als eine leicht verst&auml;ndliche Verwaltung Ihres Webauftritts. Die Software ist ein Gesamtpaket, das alle wichtigen Anwendungen beinhaltet, die eine moderne Webseite braucht.\r\n<h3>Was k&ouml;nnen Sie mit Cloudrexx erreichen?</h3>\r\n\r\n<ul>\r\n	<li><strong>Web Content Management:</strong>&nbsp;Mit Cloudrexx Erstellen und Verwalten Sie Ihrer Website schnell und einfach. In der WYSIWYG-Umgebung funktioniert das Gestalten von Inhaltsseiten mit Texten, Tabellen und Bildern &auml;hnlich wie bei Word. Alle Inhaltsseiten sind in der &uuml;bersichtlichen Seitenverwaltung abgelegt. Dort besteht ausserdem die M&ouml;glichkeit, Benutzergruppen zu erstellen und Benutzerrechte zu definieren.</li>\r\n	<li><strong>Online Marketing:&nbsp;</strong>Cloudrexx bietet ein umfassendes Set an Funktionen, um ohne zus&auml;tzliche Spezialsoftware Online-Marketing &nbsp;zu betreiben. Optimieren Sie mit Cloudrexx Ihre Website dank ausgefeilter Search Engine Optimization (SEO) oder machen Sie Ihre Kunden mit regelm&auml;ssigen Newslettern gezielt &nbsp;auf neue Produkte oder Aktionen aufmerksam. Die Anbindung an die Social-Media-Kan&auml;le ist ebenfalls gew&auml;hrleistet.</li>\r\n	<li><strong>E-Commerce:</strong>&nbsp;Bauen Sie Ihre Website mit Cloudrexx zum Verkaufskanal aus. Die Software enth&auml;lt ein voll funktionst&uuml;chtiges Shop-Modul, in das Sie Produkteinfos und Fotos einpflegen sowie die Bezahlung abwickeln k&ouml;nnen. Per Knopfdruck k&ouml;nnen Sie die Produkte ver&ouml;ffentlichen und ab sofort zum Verkauf anbieten. Dank der Anbindung verschiedener Zahlungsanbieter k&ouml;nnen Sie praktisch alle verf&uuml;gbaren Zahlungsarten anbieten.</li>\r\n	<li><strong>CRM:</strong>&nbsp;Erh&ouml;hen Sie die Zufriedenheit Ihrer Kunden durch ein professionelles Kundenbeziehungsmanagement. Bearbeiten Sie Kundenanfragen ohne Umweg &uuml;ber ein zus&auml;tzliches Tool direkt in Cloudrexx und profitieren von den Synergien zu den anderen Modulen. Bedienen Sie Ihre Zielgruppen bed&uuml;rfnisgerecht und individuell.</li>\r\n	<li><strong>Analytics:</strong>&nbsp;Wer die besten Informationen rechtzeitig, komplett und am richtigen Ort zur Hand hat, setzt sich durch. Messen Sie zum Beispiel, wer Ihre Website besucht, welches Ihre bestbesuchten Seiten sind und von wo die Besucher herkommen. Nutzen Sie diese Informationen, um Ihren Auftritt und Ihr Angebot zu optimieren. Erkennen Sie dank den &uuml;bersichtlichen Charts in Cloudrexx die neusten Trends.</li>\r\n	<li><strong>Media Asset Management:</strong>&nbsp;Cloudrexx beinhaltet ein System zum Verwalten aller g&auml;ngigen Dateiformate. Medienmanager und Bildmanager erlauben das nachtr&auml;gliche Bearbeiten von Bildern, das Bereitstellen von Downloads sowie ein intelligentes System zum Verschicken von Downloadlinks. Zudem laden Sie mit dem Multi-File-Uploader beliebig viele Dateien gleichzeitig in k&uuml;rzester Zeit hoch.</li>\r\n</ul>\r\nAlle weiteren Anwendungen von Cloudrexx sind <a href=\"{NODE_5}\">hier</a> zu finden.\r\n\r\n<h3>Professioneller und innovativer Vertrieb</h3>\r\nCloudrexx&reg; wird weltweit &uuml;ber ein Partnernetzwerk vertrieben. Die <a href=\"http://www.cloudrexx.com/de/partner/verzeichnis\">Cloudrexx&reg; L&ouml;sungspartner</a> sind autorisierte Partner, die ausgewiesene Kompetenzen im den Bereichen WebDesign, Grafik oder Internetmarketing besitzen. Damit erhalten Sie als Kunde professionelle Unterst&uuml;tzung mit hohen Kompetenzen aus Ihrer N&auml;he.\";s:10:\"sourceMode\";b:0;s:13:\"customContent\";s:0:\"\";s:30:\"useCustomContentForAllChannels\";N;s:19:\"applicationTemplate\";N;s:42:\"useCustomApplicationTemplateForAllChannels\";N;s:7:\"cssName\";s:13:\"informationen\";s:10:\"cssNavName\";s:0:\"\";s:4:\"skin\";i:0;s:21:\"useSkinForAllChannels\";N;s:9:\"metatitle\";s:48:\"Cloudrexx® Web Content Management System (WCMS)\";s:8:\"metadesc\";s:48:\"Cloudrexx® Web Content Management System (WCMS)\";s:8:\"metakeys\";s:48:\"Cloudrexx® Web Content Management System (WCMS)\";s:10:\"metarobots\";i:0;s:9:\"metaimage\";N;s:5:\"start\";N;s:3:\"end\";N;s:13:\"editingStatus\";s:0:\"\";s:10:\"protection\";i:0;s:16:\"frontendAccessId\";i:0;s:15:\"backendAccessId\";i:0;s:7:\"display\";b:1;s:6:\"active\";b:1;s:6:\"target\";s:0:\"\";s:6:\"module\";s:0:\"\";s:3:\"cmd\";s:0:\"\";}', '{\"id\":1,\"name\":\"system\"}');
INSERT INTO `contrexx_log_entry` (`id`, `action`, `logged_at`, `version`, `object_id`, `object_class`, `data`, `username`) VALUES(5, 'create', '2014-09-01 22:00:00', 1, '5', 'Cx\\Core\\ContentManager\\Model\\Entity\\Page', 'a:37:{s:2:\"id\";i:5;s:14:\"nodeIdShadowed\";i:4;s:4:\"lang\";i:2;s:4:\"type\";s:8:\"fallback\";s:7:\"caching\";b:0;s:9:\"updatedAt\";O:8:\"DateTime\":3:{s:4:\"date\";s:26:\"2014-09-01 22:00:00.000000\";s:13:\"timezone_type\";i:3;s:8:\"timezone\";s:13:\"Europe/Zurich\";}s:9:\"updatedBy\";s:6:\"system\";s:5:\"title\";s:18:\"Was ist Cloudrexx?\";s:10:\"linkTarget\";s:0:\"\";s:12:\"contentTitle\";s:48:\"Cloudrexx® Web Content Management System (WCMS)\";s:4:\"slug\";s:17:\"Was-ist-Cloudrexx\";s:7:\"content\";s:1407:\"<p>The <a href=\"http://www.cloudrexx.com\" class=\"out\">Cloudrexx&reg; Web Content Management System (WCMS)</a> provides you a fast, user friendly and safe way in creating intranet, extranet and internet websites. Using <a href=\"http://www.cloudrexx.com/en/index.php?page=1679\" class=\"out\">standardized modules</a> of Cloudrexx&reg; you are able to quickly realize individual requirements, even supported by professionals where needed.<br />\r\nThe web based system has been optimized for the management of flexible internet and intranet solutions.<br />\r\n<br />\r\nThe download version comes with an integrated web based installer as well as several modules like the Link Directory, Podcast Directory, Online Counter, Address Management, Sitemap, Photo Gallery, Newsletter, Guestbook, RSS Feed Directory, News System, Survey System, Online Shop, Block System and the ability to protect selected sections from public access.</p>\r\n<h2>Professional and Innovative Distribution</h2>\r\nCloudrexx&reg; is distributed worldwide through a network of partner companies. <a aiotitle=\"Cloudrexx&reg; Solutions Partner\" href=\"http://www.cloudrexx.com/en/index.php?page=1623\" class=\"out\">Cloudrexx&reg; Solutions Partners</a> are authorized partner who have a comprehensive knowledge in the domains of web design, graphics and e-commerce. This provides you as a customer with professional support out of your surrounding area.\";s:10:\"sourceMode\";b:0;s:13:\"customContent\";s:0:\"\";s:30:\"useCustomContentForAllChannels\";N;s:19:\"applicationTemplate\";N;s:42:\"useCustomApplicationTemplateForAllChannels\";N;s:7:\"cssName\";s:13:\"informationen\";s:10:\"cssNavName\";s:0:\"\";s:4:\"skin\";i:0;s:21:\"useSkinForAllChannels\";N;s:9:\"metatitle\";s:48:\"Cloudrexx® Web Content Management System (WCMS)\";s:8:\"metadesc\";s:48:\"Cloudrexx® Web Content Management System (WCMS)\";s:8:\"metakeys\";s:48:\"Cloudrexx® Web Content Management System (WCMS)\";s:10:\"metarobots\";i:1;s:9:\"metaimage\";N;s:5:\"start\";N;s:3:\"end\";N;s:13:\"editingStatus\";s:0:\"\";s:10:\"protection\";i:0;s:16:\"frontendAccessId\";i:0;s:15:\"backendAccessId\";i:0;s:7:\"display\";b:1;s:6:\"active\";b:1;s:6:\"target\";s:0:\"\";s:6:\"module\";s:0:\"\";s:3:\"cmd\";s:0:\"\";}', '{\"id\":1,\"name\":\"system\"}');
INSERT INTO `contrexx_log_entry` (`id`, `action`, `logged_at`, `version`, `object_id`, `object_class`, `data`, `username`) VALUES(6, 'create', '2014-09-01 22:00:00', 1, '6', 'Cx\\Core\\ContentManager\\Model\\Entity\\Page', 'a:37:{s:2:\"id\";i:6;s:14:\"nodeIdShadowed\";i:5;s:4:\"lang\";i:1;s:4:\"type\";s:7:\"content\";s:7:\"caching\";b:0;s:9:\"updatedAt\";O:8:\"DateTime\":3:{s:4:\"date\";s:26:\"2014-09-01 22:00:00.000000\";s:13:\"timezone_type\";i:3;s:8:\"timezone\";s:13:\"Europe/Zurich\";}s:9:\"updatedBy\";s:6:\"system\";s:5:\"title\";s:22:\"Übersicht Anwendungen\";s:10:\"linkTarget\";s:0:\"\";s:12:\"contentTitle\";s:22:\"Übersicht Anwendungen\";s:4:\"slug\";s:22:\"Uebersicht-Anwendungen\";s:7:\"content\";s:3510:\"Cloudrexx beinhaltet &uuml;ber 20 Anwendungen, unterteilt in Standardanwendungen sowie optional nutzbare Anwendungen.&nbsp;\r\n<h2 style=\"font-size: 21px;\">Standardanwendungen</h2>\r\n\r\n<h3>Access</h3>\r\nRegeln Sie die Administrationsrechte f&uuml;r die Bearbeitung Ihrer Website und erstellen verschiedene Benutzerbereiche transparent und einfach und erh&ouml;hen damit die Sicherheit Ihrer Website. &nbsp;\r\n\r\n<h3>Contact</h3>\r\nBieten Sie den Website-Besuchern eine bequeme Kontaktm&ouml;glichkeit. Neue Eintr&auml;ge werden an eine definierte Email Adresse geschickt sowie im System abgelegt.\r\n\r\n<h3>News</h3>\r\nLancieren Sie ein neues Produkt, organisieren einen Event oder haben neue Leute im Team? Dann halten Sie die Website-Besucher mit News auf dem Laufenden.\r\n\r\n<h3>Search</h3>\r\nJe umfangreicher die Website, desto wichtiger wird die Suche. Damit durchsuchen Website-Besucher ganz einfach die Inhaltsseiten sowie die News auf Ihrer Website.\r\n\r\n<h3>Sitemap</h3>\r\nBieten Sie den Website-Besuchern eine &Uuml;bersicht &uuml;ber die Website-Struktur.\r\n\r\n<h2>Optionale Anwendungen</h2>\r\n\r\n<h3>Directory</h3>\r\nVerwalten Sie Eintr&auml;ge zu Produkten oder Angeboten, weisen diesen Kategorien zu, erg&auml;nzen weitere Informationen und binden zus&auml;tzliche Dateien ein.\r\n\r\n<h3>Downloads</h3>\r\nErstellen Sie auf Ihrer Website einen Downloadbereich an. Diesen k&ouml;nnen Sie nach Kategorien strukturieren und die Dateien mit Informationen wie Beschreibung, Gr&ouml;sse, Screenshot oder Bewertung versehen.\r\n\r\n<h3>Galerie</h3>\r\nBeinhaltet eine Bildergalerie mit Kategorien und Unterkategorien, automatisch generierten Vorschaubildern sowie einem aktivierbaren Bewertungs - und Kommentarsystem.\r\n\r\n<h3>Jobs</h3>\r\nNutzen Sie das Jobs-Modul, um Ihre Stellen auszuschreiben. Sie k&ouml;nnen dort Ihre Inserate bei Bedarf in mehrere Kategorien unterteilen und den potenziellen Kandidaten ein Bewerbungsformular anbieten.\r\n\r\n<h3>Kalender</h3>\r\nMit dem umfangreichen Veranstaltungskalender pr&auml;sentieren Sie nicht nur die n&auml;chsten Anl&auml;sse auf Ihrer Website, sondern verwalten gleichzeitig auch die Anmeldungen.\r\n\r\n<h3>Knowledge</h3>\r\nSie verf&uuml;gen in Ihrem Bereich &uuml;ber Expertenwissen? Dann nutzen Sie dieses und legen eine Wissensdatenbank oder ein Glossar an. Durch eine gezielte Indexierung finden Ihre Website-Besucher jederzeit wieder.\r\n\r\n<h3>Livecam</h3>\r\nSie suchen eine Livecam-L&ouml;sung? Mit Cloudrexx integrieren Sie Livecam-&Uuml;bertragungen problemlos Ihre Website. Das Bild wird jede Minute automatisch aktualisiert. Ihre Kunden bleiben stets auf dem neusten Stand.\r\n\r\n<h3>Media Directory</h3>\r\nDieses umfangreiche Modul baut auf dem Directory auf. Inhalte k&ouml;nnen mit Ebenen und Kategorien versehen werden. Ausserdem ist die Anzahl von Eingabefeldern unbegrenzt.\r\n\r\n<h3>Media Manager</h3>\r\nVerwalten Sie Dokumente wie Produktebrosch&uuml;ren und Jahresberichte komfortabel &uuml;ber den Mediamanager. Es besteht die M&ouml;glichkeit, verschiedene Verzeichnisse zu erstellen.\r\n\r\n<h3>Newsletter</h3>\r\nVersorgen Sie Ihre Zielgruppen bed&uuml;rfnisgerecht und individuell regelm&auml;ssig mit den wichtigsten Informationen zu Ihren Produkten und Dienstleistungen.\r\n\r\n<h3>Online Zahlung</h3>\r\nDank der Anbindung verschiedener Zahlungsanbieter k&ouml;nnen Sie praktisch alle verf&uuml;gbaren Zahlungsarten anbieten.\r\n\r\n<h3>Shop</h3>\r\nDer umfangreiche Webshop von Cloudrexx kann bequem mittels Webinterface administriert und auf die Bed&uuml;rfnisse des Betreibers angepasst werden.\";s:10:\"sourceMode\";b:0;s:13:\"customContent\";s:0:\"\";s:30:\"useCustomContentForAllChannels\";N;s:19:\"applicationTemplate\";N;s:42:\"useCustomApplicationTemplateForAllChannels\";N;s:7:\"cssName\";s:0:\"\";s:10:\"cssNavName\";s:0:\"\";s:4:\"skin\";i:0;s:21:\"useSkinForAllChannels\";N;s:9:\"metatitle\";s:22:\"Übersicht Anwendungen\";s:8:\"metadesc\";s:22:\"Übersicht Anwendungen\";s:8:\"metakeys\";s:22:\"Übersicht Anwendungen\";s:10:\"metarobots\";i:1;s:9:\"metaimage\";N;s:5:\"start\";N;s:3:\"end\";N;s:13:\"editingStatus\";s:0:\"\";s:10:\"protection\";i:0;s:16:\"frontendAccessId\";i:0;s:15:\"backendAccessId\";i:0;s:7:\"display\";b:1;s:6:\"active\";b:1;s:6:\"target\";s:0:\"\";s:6:\"module\";s:0:\"\";s:3:\"cmd\";s:0:\"\";}', '{\"id\":1,\"name\":\"system\"}');
INSERT INTO `contrexx_log_entry` (`id`, `action`, `logged_at`, `version`, `object_id`, `object_class`, `data`, `username`) VALUES(7, 'create', '2014-09-01 22:00:00', 1, '7', 'Cx\\Core\\ContentManager\\Model\\Entity\\Page', 'a:37:{s:2:\"id\";i:7;s:14:\"nodeIdShadowed\";i:5;s:4:\"lang\";i:2;s:4:\"type\";s:8:\"fallback\";s:7:\"caching\";b:0;s:9:\"updatedAt\";O:8:\"DateTime\":3:{s:4:\"date\";s:26:\"2014-09-01 22:00:00.000000\";s:13:\"timezone_type\";i:3;s:8:\"timezone\";s:13:\"Europe/Zurich\";}s:9:\"updatedBy\";s:6:\"system\";s:5:\"title\";s:22:\"Übersicht Anwendungen\";s:10:\"linkTarget\";s:0:\"\";s:12:\"contentTitle\";s:22:\"Übersicht Anwendungen\";s:4:\"slug\";s:22:\"Uebersicht-Anwendungen\";s:7:\"content\";s:0:\"\";s:10:\"sourceMode\";b:0;s:13:\"customContent\";s:0:\"\";s:30:\"useCustomContentForAllChannels\";N;s:19:\"applicationTemplate\";N;s:42:\"useCustomApplicationTemplateForAllChannels\";N;s:7:\"cssName\";s:0:\"\";s:10:\"cssNavName\";s:0:\"\";s:4:\"skin\";i:0;s:21:\"useSkinForAllChannels\";N;s:9:\"metatitle\";s:22:\"Übersicht Anwendungen\";s:8:\"metadesc\";s:22:\"Übersicht Anwendungen\";s:8:\"metakeys\";s:22:\"Übersicht Anwendungen\";s:10:\"metarobots\";i:1;s:9:\"metaimage\";N;s:5:\"start\";N;s:3:\"end\";N;s:13:\"editingStatus\";s:0:\"\";s:10:\"protection\";i:0;s:16:\"frontendAccessId\";i:0;s:15:\"backendAccessId\";i:0;s:7:\"display\";b:1;s:6:\"active\";b:1;s:6:\"target\";s:0:\"\";s:6:\"module\";s:0:\"\";s:3:\"cmd\";s:0:\"\";}', '{\"id\":1,\"name\":\"system\"}');
INSERT INTO `contrexx_log_entry` (`id`, `action`, `logged_at`, `version`, `object_id`, `object_class`, `data`, `username`) VALUES(8, 'create', '2014-09-01 22:00:00', 1, '8', 'Cx\\Core\\ContentManager\\Model\\Entity\\Page', 'a:37:{s:2:\"id\";i:8;s:14:\"nodeIdShadowed\";i:6;s:4:\"lang\";i:1;s:4:\"type\";s:7:\"content\";s:7:\"caching\";b:0;s:9:\"updatedAt\";O:8:\"DateTime\":3:{s:4:\"date\";s:26:\"2014-09-01 22:00:00.000000\";s:13:\"timezone_type\";i:3;s:8:\"timezone\";s:13:\"Europe/Zurich\";}s:9:\"updatedBy\";s:6:\"system\";s:5:\"title\";s:14:\"Erste Schritte\";s:10:\"linkTarget\";s:0:\"\";s:12:\"contentTitle\";s:45:\"Ihre ersten Schritte mit dem Cloudrexx® WCMS\";s:4:\"slug\";s:14:\"Erste-Schritte\";s:7:\"content\";s:4075:\"In diesem Beitrag lernen Sie die ersten Schritte mit Cloudrexx&reg;. Wir w&uuml;nschen Ihnen viel Spass und Erfolg bei der Umsetzung. F&uuml;r allf&auml;llige Fragen stehen Ihnen die folgenden <a href=\"{NODE_7}\">Mittel zur Verf&uuml;gung</a>.\r\n\r\n<h2>Einf&uuml;hrung</h2>\r\nDas Backend-System ist die Administrationskonsole. In diesem Bereich k&ouml;nnen Sie Cloudrexx administrieren, neue Seiten erstellen, Inhalte anpassen und vieles mehr. Das Frontend-System ist der Internetauftritt, welche Ihre Besucher erleben. Ein Theme ist das hinterlegte WebDesign.\r\n\r\n<h2>Im Backend einloggen</h2>\r\n\r\n<p>Bitte folgen Sie dazu diesen Schritten:</p>\r\n\r\n<ul>\r\n	<li>Melden Sie sich im Cloudrexx an. Geben Sie dazu in der Adresszeile im Browser Ihre Domain ein und f&uuml;gen anschliessend &quot;cadmin&quot; hinzu. Beispielsweise &quot;http://www.musterseite.eu/cadmin&quot;</li>\r\n	<li>Danach erscheint die Anmeldemaske.</li>\r\n	<li>Geben Sie bitte die folgenden Daten ein:<br />\r\n	Sicherheitscode: Bitte wiederholen Sie den sichtbaren Code (dieser Code wird als Bild generiert und kann von Hackerwerkzeugen nicht erfasst werden)<br />\r\n	Benutzernamen: gem&auml;ss Angaben im Installer<br />\r\n	Pa&szlig;wort: gem&auml;ss Angaben im Installer</li>\r\n	<li>Empfehlung: vervollst&auml;ndigen Sie in einem ersten Schritt die Angaben in den Grundeinstellungen unter dem Navigationspunkt &quot;Administration&quot; auf der linken Seite.</li>\r\n</ul>\r\n\r\n<h2>Mit dem Content Manager arbeiten</h2>\r\n\r\n<p>Nach dem erfolgreichen Anmelden im Backend-Bereich k&ouml;nnen Sie Seiten erstellen. Um einen neuen Artikel anzulegen, w&auml;hlen Sie die Funktion &quot;Content Management - Neue Seite&quot; auf der linken Seite. Danach definieren Sie die Artikeleigenschaften, insbesondere den Linknamen, Seitentitel und die Meta Angaben des Artikels (diese Angaben sind f&uuml;r Suchamschinen relevant). Mit Hilfe des WYSIWYG-Editors k&ouml;nnen Sie die Inhalte eingeben und speichern. Im Editor stehen Ihnen die aus der Textverarbeitung bekannten Funktionalit&auml;ten zur Verf&uuml;gung. Auch die Integration von Medien und Verlinkungen erfolgt &uuml;ber den Editor. Bitte verwenden Sie in der Formatierung des Textes die Formate aus dem Editor (Beispielsweise &Uuml;berschrift 1 oder Text). Wie die &Uuml;berschrift oder ein Text im Frontend aussieht, wird im Design und Layout definiert. Ein weiterer Zusatznutzen ist, dass Suchmaschinen eine definierte &Uuml;berschrift 1 (im HTML Code entspricht dies einem H1) besser indexieren, weil &Uuml;berschirften aus der Sicht einer Suchmaschine relevanter sind.</p>\r\n\r\n<h2>Module und Themes - flexibel und erweiterbar</h2>\r\n\r\n<p>Der Aufbau von Cloudrexx basiert auf den folgenden Elementen:</p>\r\n\r\n<ul>\r\n	<li>Core System</li>\r\n	<li>Themes</li>\r\n	<li>Module</li>\r\n	<li>Inhalte</li>\r\n</ul>\r\n\r\n<p>Sogenannte Themes sind in XHTML programmiert und definieren das Erscheinungsbild der Webseite. Dabei werden im XHTML-Quelltext Platzhalter hinterlegt. Diese Platzhalter beinhalten weitere Dateien und Funktionalit&auml;ten, die sp&auml;ter auf der Website integriert werden.<br />\r\n<br />\r\nHinweis: Freie Cloudrexx Frontend-Templates k&ouml;nnen <a href=\"http://www.cloudrexx.com/templates\" target=\"_blank\">hier</a> heruntergeladen werden.</p>\r\n\r\n<p>Module sind in PHP programmiert und stellen die Funktionalit&auml;ten einer Webseite dar. Standardmodule sind die Darstellung von Texten und Navigation, Sitemap, Kontaktformulare, Suchen etc. Module bestehen aus einem Backend- und einem Frontend Bereich. Im Backendbereich kann der Administrator Einstellungen vornehmen, bspw. an welche e-Mail Adresse nach Ausf&uuml;llen eines Kontaktformulars eine Benachrichtigung versendet werden soll. Im Frontend Bereich wird die Ausgabe und Verarbeitung von Daten auf dem Onlinedienst gesteuert. Cloudrexx Templates f&uuml;hren Layouts und Module zusammen. Durch Auswahl eines Layouts im Template ist die Anzahl und Position von Platzhaltern vorbestimmt. F&uuml;r jeden dieser Container kann nun der Administrator ein Modul definieren, das dort ausgef&uuml;hrt werden soll.</p>\r\n\";s:10:\"sourceMode\";b:0;s:13:\"customContent\";s:0:\"\";s:30:\"useCustomContentForAllChannels\";N;s:19:\"applicationTemplate\";N;s:42:\"useCustomApplicationTemplateForAllChannels\";N;s:7:\"cssName\";s:0:\"\";s:10:\"cssNavName\";s:0:\"\";s:4:\"skin\";i:0;s:21:\"useSkinForAllChannels\";N;s:9:\"metatitle\";s:45:\"Ihre ersten Schritte mit dem Cloudrexx® WCMS\";s:8:\"metadesc\";s:45:\"Ihre ersten Schritte mit dem Cloudrexx® WCMS\";s:8:\"metakeys\";s:45:\"Ihre ersten Schritte mit dem Cloudrexx® WCMS\";s:10:\"metarobots\";i:1;s:9:\"metaimage\";N;s:5:\"start\";N;s:3:\"end\";N;s:13:\"editingStatus\";s:0:\"\";s:10:\"protection\";i:0;s:16:\"frontendAccessId\";i:0;s:15:\"backendAccessId\";i:0;s:7:\"display\";b:1;s:6:\"active\";b:1;s:6:\"target\";s:0:\"\";s:6:\"module\";s:0:\"\";s:3:\"cmd\";s:0:\"\";}', '{\"id\":1,\"name\":\"system\"}');
INSERT INTO `contrexx_log_entry` (`id`, `action`, `logged_at`, `version`, `object_id`, `object_class`, `data`, `username`) VALUES(9, 'create', '2014-09-01 22:00:00', 1, '9', 'Cx\\Core\\ContentManager\\Model\\Entity\\Page', 'a:37:{s:2:\"id\";i:9;s:14:\"nodeIdShadowed\";i:6;s:4:\"lang\";i:2;s:4:\"type\";s:8:\"fallback\";s:7:\"caching\";b:0;s:9:\"updatedAt\";O:8:\"DateTime\":3:{s:4:\"date\";s:26:\"2014-09-01 22:00:00.000000\";s:13:\"timezone_type\";i:3;s:8:\"timezone\";s:13:\"Europe/Zurich\";}s:9:\"updatedBy\";s:6:\"system\";s:5:\"title\";s:14:\"Erste Schritte\";s:10:\"linkTarget\";s:0:\"\";s:12:\"contentTitle\";s:45:\"Ihre ersten Schritte mit dem Cloudrexx® WCMS\";s:4:\"slug\";s:14:\"Erste-Schritte\";s:7:\"content\";s:3872:\"This section provides you the basic knowledge to start working with Cloudrexx&reg;. We hope you\'ll enjoin it and wish you great success in realizing your first project. If you have any questions, please have a look at the <a href=\"index.php?page=1284\">support section</a> to get an overview of where you can get help or support.<br />\r\n<br />\r\n<h2>Introduction</h2>\r\nThe backend interface aka administration console is where you manage your website like for instance create new web pages. On the other side there is the frontend interface which is the actual website resp. what your visitors see when they\'re visiting your website. The web design of your website is referred as theme.<br />\r\n<h2>Authenticate at the backend interface</h2>\r\n<p>Follow these instructions:</p>\r\n<ul>\r\n    <li>Enter the URL of your Domain in the address bar of your browser and add the suffix &quot;cadmin&quot; at the end of the URL. For instance &quot;http://www.example.com/cadmin&quot;</li>\r\n    <li>After the request has been completed you should see the login form.</li>\r\n    <li>Complete the form as follows:<br />\r\n    Fill out the security code: Retype the security code from above<br />\r\n    Username: according to your setting within the web installer<br />\r\n    Password: according to your setting within the web installer</li>\r\n    <li>Advise: as a first step you should fill out the informations in the Global Configuration section beyond the navigation point Administration on the left side.</li>\r\n</ul>\r\n<h2>Working with the Content Manager</h2>\r\n<p>After you have been successfully authenticated within the backend interface you will be able to create new web pages. To do that, select the function &quot;Content Management - New page&quot; on the left side of the interface. You can now set the desired attributes of your new page. Especially you probably wanna set the link name and page title as well as several meta attributes (those are relevant for search engines). To create the virtually content of the page you have a powerful WYSIWYG-editor on your side. The editor provides all common known features from word processing applications. As an advise, always use the provided formats of the editor when formatting headlines (for instance Heading 1 or Normal). The effective look of the headlines and text should then be defined in the theme (the design and layout of the website). This method is very important on how search engines analyze your website. Headlines which in general are based on keywords that best describe or summarize a certain page will get a higher rated by the search engine due it is marked as such one (setting the format Headline 1 on the headline will put it within a H1 HTML-tag).</p>\r\n<h2>Modules and Themes - flexible and extendable</h2>\r\n<p>The architecture of Cloudrexx is based on those elements:</p>\r\n<ul>\r\n    <li>Core System</li>\r\n    <li>Themes</li>\r\n    <li>Modules</li>\r\n    <li>Content template</li>\r\n</ul>\r\n<p>So called themes are biuld in XHTML and define the layout of the website. The output of the several features of Cloudrexx is then put into the XHTML source code using placeholders.<br />\r\n<br />\r\nHint: Check out the official <a class=\"out\" href=\"http://www.Cloudrexxthemes.com/\">repository of Cloudrexx themes</a></p>\r\n<p>The modules are developed in PHP and provide the base of the function set. The core system provides the basic features like the output of pages, the site navigation, a sitemap etc. A module consists of a backend and a frontend section. The backed is used by an administrator to manage the module and the frontend is what the visitor will see in the end when he visits that part of the website that uses the according module. Finally the content templates act as in interface between the modules and the theme. The template defines how the output of the module should be displayed within theme.</p>\";s:10:\"sourceMode\";b:0;s:13:\"customContent\";s:0:\"\";s:30:\"useCustomContentForAllChannels\";N;s:19:\"applicationTemplate\";N;s:42:\"useCustomApplicationTemplateForAllChannels\";N;s:7:\"cssName\";s:0:\"\";s:10:\"cssNavName\";s:0:\"\";s:4:\"skin\";i:0;s:21:\"useSkinForAllChannels\";N;s:9:\"metatitle\";s:45:\"Ihre ersten Schritte mit dem Cloudrexx® WCMS\";s:8:\"metadesc\";s:45:\"Ihre ersten Schritte mit dem Cloudrexx® WCMS\";s:8:\"metakeys\";s:45:\"Ihre ersten Schritte mit dem Cloudrexx® WCMS\";s:10:\"metarobots\";i:1;s:9:\"metaimage\";N;s:5:\"start\";N;s:3:\"end\";N;s:13:\"editingStatus\";s:0:\"\";s:10:\"protection\";i:0;s:16:\"frontendAccessId\";i:0;s:15:\"backendAccessId\";i:0;s:7:\"display\";b:1;s:6:\"active\";b:1;s:6:\"target\";s:0:\"\";s:6:\"module\";s:0:\"\";s:3:\"cmd\";s:0:\"\";}', '{\"id\":1,\"name\":\"system\"}');
INSERT INTO `contrexx_log_entry` (`id`, `action`, `logged_at`, `version`, `object_id`, `object_class`, `data`, `username`) VALUES(10, 'create', '2014-09-01 22:00:00', 1, '10', 'Cx\\Core\\ContentManager\\Model\\Entity\\Page', 'a:37:{s:2:\"id\";i:10;s:14:\"nodeIdShadowed\";i:7;s:4:\"lang\";i:1;s:4:\"type\";s:7:\"content\";s:7:\"caching\";b:0;s:9:\"updatedAt\";O:8:\"DateTime\":3:{s:4:\"date\";s:26:\"2014-09-01 22:00:00.000000\";s:13:\"timezone_type\";i:3;s:8:\"timezone\";s:13:\"Europe/Zurich\";}s:9:\"updatedBy\";s:6:\"system\";s:5:\"title\";s:17:\"Cloudrexx Support\";s:10:\"linkTarget\";s:0:\"\";s:12:\"contentTitle\";s:17:\"Cloudrexx Support\";s:4:\"slug\";s:17:\"Cloudrexx-Support\";s:7:\"content\";s:1322:\"Die Erfahrung zeigt, dass Cloudrexx zuverl&auml;ssig funktioniert. Sollten Sie trotzdem Unterst&uuml;tzung ben&ouml;tigen, stehen wir Ihnen mit den folgenden Instrumenten sehr gerne zur Verf&uuml;gung.\r\n<ul>\r\n	<li><a class=\"out\" href=\"http://www.cloudrexx.com/wiki/de/\" target=\"_blank\">Dokumentation</a>: Das Dokumentationsportal f&uuml;r Cloudrexx Anwender und Entwickler.</li>\r\n	<li><a class=\"out\" href=\"http://www.cloudrexx.com/forum/forumdisplay.php?f=68\" target=\"_blank\">Cloudrexx - Forum</a>: Weiterf&uuml;hrende Unterst&uuml;tzung erhalten Sie von der Cloudrexx Community im Open Source Forum.</li>\r\n	<li><a class=\"out\" href=\"http://bugs.cloudrexx.com\" target=\"_blank\">Bugtracker</a>: Hier wird eine aktuelle Liste der bekannten Fehler, sowie der geplanten/gew&uuml;nschten Verbesserungen und Erweiterungen der Cloudrexx Software gef&uuml;hrt.</li>\r\n	<li><a class=\"out\" href=\"http://support.cloudrexx.com\" target=\"_blank\">Support - Ticket f&uuml;r Cloudrexx - Kunden</a>: Cloudrexx - Kunden k&ouml;nnen unter diesem Link ein Support-Ticket er&ouml;ffnen. Die Anfrage wird in das Ticketing-System geleitet und damit wird gew&auml;hrleistet, dass Ihre Anfrage rasch und zuverl&auml;ssig beantwortet wird. Nutzer der kostenlosen Opensource Version stehen die obigen M&ouml;glichkeiten zur Verf&uuml;gung.</li>\r\n</ul>\r\n\";s:10:\"sourceMode\";b:0;s:13:\"customContent\";s:0:\"\";s:30:\"useCustomContentForAllChannels\";N;s:19:\"applicationTemplate\";N;s:42:\"useCustomApplicationTemplateForAllChannels\";N;s:7:\"cssName\";s:0:\"\";s:10:\"cssNavName\";s:0:\"\";s:4:\"skin\";i:0;s:21:\"useSkinForAllChannels\";N;s:9:\"metatitle\";s:17:\"Cloudrexx Support\";s:8:\"metadesc\";s:17:\"Cloudrexx Support\";s:8:\"metakeys\";s:17:\"Cloudrexx Support\";s:10:\"metarobots\";i:1;s:9:\"metaimage\";N;s:5:\"start\";N;s:3:\"end\";N;s:13:\"editingStatus\";s:0:\"\";s:10:\"protection\";i:0;s:16:\"frontendAccessId\";i:0;s:15:\"backendAccessId\";i:0;s:7:\"display\";b:1;s:6:\"active\";b:1;s:6:\"target\";s:0:\"\";s:6:\"module\";s:0:\"\";s:3:\"cmd\";s:0:\"\";}', '{\"id\":1,\"name\":\"system\"}');
INSERT INTO `contrexx_log_entry` (`id`, `action`, `logged_at`, `version`, `object_id`, `object_class`, `data`, `username`) VALUES(11, 'create', '2014-09-01 22:00:00', 1, '11', 'Cx\\Core\\ContentManager\\Model\\Entity\\Page', 'a:37:{s:2:\"id\";i:11;s:14:\"nodeIdShadowed\";i:7;s:4:\"lang\";i:2;s:4:\"type\";s:8:\"fallback\";s:7:\"caching\";b:0;s:9:\"updatedAt\";O:8:\"DateTime\":3:{s:4:\"date\";s:26:\"2014-09-01 22:00:00.000000\";s:13:\"timezone_type\";i:3;s:8:\"timezone\";s:13:\"Europe/Zurich\";}s:9:\"updatedBy\";s:6:\"system\";s:5:\"title\";s:17:\"Cloudrexx Support\";s:10:\"linkTarget\";s:0:\"\";s:12:\"contentTitle\";s:17:\"Cloudrexx Support\";s:4:\"slug\";s:17:\"Cloudrexx-Support\";s:7:\"content\";s:1027:\"If you need assistance in the usage of Cloudrexx or if you have any questions please don\'t hesitate to look up one of the following sections:<br />\r\n<ul>\r\n    <li><a class=\"out\" href=\"http://www.cloudrexx.com/wiki/en/\">Documentation</a>: The wiki based documentation portal for Cloudrexx users and developers.</li>\r\n    <li><a class=\"out\" href=\"http://www.cloudrexx.com/forum/forumdisplay.php?f=69\">Cloudrexx - Forum</a>: Further support is provided by the Cloudrexx community in the open source forum.</li>\r\n    <li><a class=\"out\" href=\"http://bugs.cloudrexx.com\">Bugtracker</a>: Maintained list of current known bugs as well as planned features and improvements for Cloudrexx.</li>\r\n    <li><a class=\"out\" href=\"http://support.cloudrexx.com/index.php\">Support - Ticket for Cloudrexx - Customers</a>: Cloudrexx - Customers have to possibility to open a support-ticket. Tickets will be answered quickly and it\'s support is reliable. Users of the free opensource version can use one of the three other methods above.</li>\r\n</ul>\";s:10:\"sourceMode\";b:0;s:13:\"customContent\";s:0:\"\";s:30:\"useCustomContentForAllChannels\";N;s:19:\"applicationTemplate\";N;s:42:\"useCustomApplicationTemplateForAllChannels\";N;s:7:\"cssName\";s:0:\"\";s:10:\"cssNavName\";s:0:\"\";s:4:\"skin\";i:0;s:21:\"useSkinForAllChannels\";N;s:9:\"metatitle\";s:17:\"Cloudrexx Support\";s:8:\"metadesc\";s:17:\"Cloudrexx Support\";s:8:\"metakeys\";s:17:\"Cloudrexx Support\";s:10:\"metarobots\";i:1;s:9:\"metaimage\";N;s:5:\"start\";N;s:3:\"end\";N;s:13:\"editingStatus\";s:0:\"\";s:10:\"protection\";i:0;s:16:\"frontendAccessId\";i:0;s:15:\"backendAccessId\";i:0;s:7:\"display\";b:1;s:6:\"active\";b:1;s:6:\"target\";s:0:\"\";s:6:\"module\";s:0:\"\";s:3:\"cmd\";s:0:\"\";}', '{\"id\":1,\"name\":\"system\"}');
INSERT INTO `contrexx_log_entry` (`id`, `action`, `logged_at`, `version`, `object_id`, `object_class`, `data`, `username`) VALUES(12, 'create', '2014-09-01 22:00:00', 1, '12', 'Cx\\Core\\ContentManager\\Model\\Entity\\Page', 'a:37:{s:2:\"id\";i:12;s:14:\"nodeIdShadowed\";i:8;s:4:\"lang\";i:1;s:4:\"type\";s:7:\"content\";s:7:\"caching\";b:0;s:9:\"updatedAt\";O:8:\"DateTime\":3:{s:4:\"date\";s:26:\"2014-09-01 22:00:00.000000\";s:13:\"timezone_type\";i:3;s:8:\"timezone\";s:13:\"Europe/Zurich\";}s:9:\"updatedBy\";s:6:\"system\";s:5:\"title\";s:13:\"HTML Elemente\";s:10:\"linkTarget\";s:0:\"\";s:12:\"contentTitle\";s:13:\"HTML Elemente\";s:4:\"slug\";s:9:\"Beispiele\";s:7:\"content\";s:1738:\"<h1>&Uuml;berschrift 1</h1>\r\n\r\n<h2>&Uuml;berschrift 2</h2>\r\n\r\n<h3>&Uuml;berschrift 3</h3>\r\n\r\n<h4>&Uuml;berschrift 4</h4>\r\n\r\n<h5>&Uuml;berschrift 5</h5>\r\n\r\n<h6>&Uuml;berschrift 6</h6>\r\n\r\n<hr />\r\n<p>Lorem ipsum dolor sit amet, <a href=\"#\" title=\"test link\">test link</a> adipiscing elit. <strong>This is strong.</strong>.</p>\r\n\r\n<p><del>Wir essen um 5:00 Uhr.</del> <ins>Lass uns um 7:00 Uhr essen.</ins></p>\r\n\r\n<p>Dieser <span style=\"text-decoration:line-through;\">Text</span> wurde durchgestrichen.</p>\r\n\r\n<hr />\r\n<h2>Listentypen</h2>\r\n\r\n<h3>Definitionsliste</h3>\r\n\r\n<dl>\r\n	<dt>Definitionstitel</dt>\r\n	<dd>Dies ist eine Definition</dd>\r\n	<dt>Definitionstitel</dt>\r\n	<dd>Dies ist eine Definition</dd>\r\n</dl>\r\n\r\n<h3>Sortierte Liste</h3>\r\n\r\n<ol>\r\n	<li>Listenelement 1</li>\r\n	<li>Listenelement 2\r\n	<ol>\r\n		<li>Verschachteltes Listenelement A</li>\r\n		<li>Verschachteltes Listenelement B</li>\r\n	</ol>\r\n	</li>\r\n	<li>Listenelement 3</li>\r\n</ol>\r\n\r\n<h3>Unsortierte Liste</h3>\r\n\r\n<ul>\r\n	<li>Listenelement 1</li>\r\n	<li>Listenelement 2\r\n	<ul>\r\n		<li>Verschachteltes Listenelement A</li>\r\n		<li>Verschachteltes Listenelement B</li>\r\n	</ul>\r\n	</li>\r\n	<li>Listenelement 3</li>\r\n</ul>\r\n\r\n<hr />\r\n<h2>Tabelle</h2>\r\n<div class=\"table-responsive\">\r\n<table>\r\n	<tbody>\r\n		<tr>\r\n			<th>Tabellen&uuml;berschrift 1</th>\r\n			<th>Tabellen&uuml;berschrift 2</th>\r\n			<th>Tabellen&uuml;berschrift 3</th>\r\n		</tr>\r\n		<tr>\r\n			<td>Tabellendaten 1</td>\r\n			<td>Tabellendaten 2</td>\r\n			<td>Tabellendaten 3</td>\r\n		</tr>\r\n		<tr class=\"row2\">\r\n			<td>Tabellendaten 1</td>\r\n			<td>Tabellendaten 2</td>\r\n			<td>Tabellendaten 3</td>\r\n		</tr>\r\n		<tr>\r\n			<td>Tabellendaten 1</td>\r\n			<td>Tabellendaten 2</td>\r\n			<td>Tabellendaten 3</td>\r\n		</tr>\r\n	</tbody>\r\n</table>\r\n</div>\";s:10:\"sourceMode\";b:0;s:13:\"customContent\";s:0:\"\";s:30:\"useCustomContentForAllChannels\";N;s:19:\"applicationTemplate\";N;s:42:\"useCustomApplicationTemplateForAllChannels\";N;s:7:\"cssName\";s:0:\"\";s:10:\"cssNavName\";s:0:\"\";s:4:\"skin\";i:0;s:21:\"useSkinForAllChannels\";N;s:9:\"metatitle\";s:13:\"HTML Elemente\";s:8:\"metadesc\";s:13:\"HTML Elemente\";s:8:\"metakeys\";s:13:\"HTML Elemente\";s:10:\"metarobots\";i:1;s:9:\"metaimage\";N;s:5:\"start\";N;s:3:\"end\";N;s:13:\"editingStatus\";s:0:\"\";s:10:\"protection\";i:0;s:16:\"frontendAccessId\";i:0;s:15:\"backendAccessId\";i:0;s:7:\"display\";b:1;s:6:\"active\";b:1;s:6:\"target\";s:0:\"\";s:6:\"module\";s:0:\"\";s:3:\"cmd\";s:0:\"\";}', '{\"id\":1,\"name\":\"system\"}');
INSERT INTO `contrexx_log_entry` (`id`, `action`, `logged_at`, `version`, `object_id`, `object_class`, `data`, `username`) VALUES(13, 'create', '2014-09-01 22:00:00', 1, '13', 'Cx\\Core\\ContentManager\\Model\\Entity\\Page', 'a:37:{s:2:\"id\";i:13;s:14:\"nodeIdShadowed\";i:8;s:4:\"lang\";i:2;s:4:\"type\";s:8:\"fallback\";s:7:\"caching\";b:0;s:9:\"updatedAt\";O:8:\"DateTime\":3:{s:4:\"date\";s:26:\"2014-09-01 22:00:00.000000\";s:13:\"timezone_type\";i:3;s:8:\"timezone\";s:13:\"Europe/Zurich\";}s:9:\"updatedBy\";s:6:\"system\";s:5:\"title\";s:13:\"HTML Elements\";s:10:\"linkTarget\";s:0:\"\";s:12:\"contentTitle\";s:13:\"HTML Elements\";s:4:\"slug\";s:9:\"Beispiele\";s:7:\"content\";s:0:\"\";s:10:\"sourceMode\";b:0;s:13:\"customContent\";s:0:\"\";s:30:\"useCustomContentForAllChannels\";N;s:19:\"applicationTemplate\";N;s:42:\"useCustomApplicationTemplateForAllChannels\";N;s:7:\"cssName\";s:0:\"\";s:10:\"cssNavName\";s:0:\"\";s:4:\"skin\";i:0;s:21:\"useSkinForAllChannels\";N;s:9:\"metatitle\";s:13:\"HTML Elements\";s:8:\"metadesc\";s:13:\"HTML Elements\";s:8:\"metakeys\";s:13:\"HTML Elements\";s:10:\"metarobots\";i:1;s:9:\"metaimage\";N;s:5:\"start\";N;s:3:\"end\";N;s:13:\"editingStatus\";s:0:\"\";s:10:\"protection\";i:0;s:16:\"frontendAccessId\";i:0;s:15:\"backendAccessId\";i:0;s:7:\"display\";b:0;s:6:\"active\";b:1;s:6:\"target\";s:0:\"\";s:6:\"module\";s:0:\"\";s:3:\"cmd\";s:0:\"\";}', '{\"id\":1,\"name\":\"system\"}');
INSERT INTO `contrexx_log_entry` (`id`, `action`, `logged_at`, `version`, `object_id`, `object_class`, `data`, `username`) VALUES(14, 'create', '2014-09-01 22:00:00', 1, '14', 'Cx\\Core\\ContentManager\\Model\\Entity\\Page', 'a:37:{s:2:\"id\";i:14;s:14:\"nodeIdShadowed\";i:9;s:4:\"lang\";i:1;s:4:\"type\";s:7:\"content\";s:7:\"caching\";b:0;s:9:\"updatedAt\";O:8:\"DateTime\":3:{s:4:\"date\";s:26:\"2014-09-01 22:00:00.000000\";s:13:\"timezone_type\";i:3;s:8:\"timezone\";s:13:\"Europe/Zurich\";}s:9:\"updatedBy\";s:6:\"system\";s:5:\"title\";s:27:\"Inhaltscontainer bearbeiten\";s:10:\"linkTarget\";s:0:\"\";s:12:\"contentTitle\";s:27:\"Inhaltscontainer bearbeiten\";s:4:\"slug\";s:27:\"Inhaltscontainer-bearbeiten\";s:7:\"content\";s:603:\"Sofern Inhaltscontainer blau umrahmt wurden, k&ouml;nnen Sie mit der Maus in einen dieser Bereiche klicken. Alle anderen Bereiche werden dann f&uuml;r die Bearbeitung gesperrt, solange die &Auml;nderungen nicht gespeichert oder verworfen wurden.<br />\r\n<br />\r\n<img alt=\"\" src=\"/images/content/screenshots/700px-Frontend_editing_block_border.png\" class=\"img-responsive\" /><br />\r\n<br />\r\nWeitere Informationen zum Frontend-Editing finden Sie im Cloudrexx-Wiki:&nbsp;<a href=\"http://wiki.cloudrexx.com/de/index.php?title=Frontend_Editing\">http://wiki.cloudrexx.com/de/index.php?title=Frontend_Editing</a>\";s:10:\"sourceMode\";b:0;s:13:\"customContent\";s:0:\"\";s:30:\"useCustomContentForAllChannels\";N;s:19:\"applicationTemplate\";N;s:42:\"useCustomApplicationTemplateForAllChannels\";N;s:7:\"cssName\";s:0:\"\";s:10:\"cssNavName\";s:0:\"\";s:4:\"skin\";i:0;s:21:\"useSkinForAllChannels\";N;s:9:\"metatitle\";s:27:\"Inhaltscontainer bearbeiten\";s:8:\"metadesc\";s:27:\"Inhaltscontainer bearbeiten\";s:8:\"metakeys\";s:27:\"Inhaltscontainer bearbeiten\";s:10:\"metarobots\";i:1;s:9:\"metaimage\";N;s:5:\"start\";N;s:3:\"end\";N;s:13:\"editingStatus\";s:0:\"\";s:10:\"protection\";i:0;s:16:\"frontendAccessId\";i:0;s:15:\"backendAccessId\";i:0;s:7:\"display\";b:1;s:6:\"active\";b:1;s:6:\"target\";s:0:\"\";s:6:\"module\";s:0:\"\";s:3:\"cmd\";s:0:\"\";}', '{\"id\":1,\"name\":\"system\"}');
INSERT INTO `contrexx_log_entry` (`id`, `action`, `logged_at`, `version`, `object_id`, `object_class`, `data`, `username`) VALUES(15, 'create', '2014-09-01 22:00:00', 1, '15', 'Cx\\Core\\ContentManager\\Model\\Entity\\Page', 'a:37:{s:2:\"id\";i:15;s:14:\"nodeIdShadowed\";i:9;s:4:\"lang\";i:2;s:4:\"type\";s:8:\"fallback\";s:7:\"caching\";b:0;s:9:\"updatedAt\";O:8:\"DateTime\":3:{s:4:\"date\";s:26:\"2014-09-01 22:00:00.000000\";s:13:\"timezone_type\";i:3;s:8:\"timezone\";s:13:\"Europe/Zurich\";}s:9:\"updatedBy\";s:6:\"system\";s:5:\"title\";s:27:\"Inhaltscontainer bearbeiten\";s:10:\"linkTarget\";s:0:\"\";s:12:\"contentTitle\";s:27:\"Inhaltscontainer bearbeiten\";s:4:\"slug\";s:27:\"Inhaltscontainer-bearbeiten\";s:7:\"content\";s:0:\"\";s:10:\"sourceMode\";b:0;s:13:\"customContent\";s:0:\"\";s:30:\"useCustomContentForAllChannels\";N;s:19:\"applicationTemplate\";N;s:42:\"useCustomApplicationTemplateForAllChannels\";N;s:7:\"cssName\";s:0:\"\";s:10:\"cssNavName\";s:0:\"\";s:4:\"skin\";i:0;s:21:\"useSkinForAllChannels\";N;s:9:\"metatitle\";s:27:\"Inhaltscontainer bearbeiten\";s:8:\"metadesc\";s:27:\"Inhaltscontainer bearbeiten\";s:8:\"metakeys\";s:27:\"Inhaltscontainer bearbeiten\";s:10:\"metarobots\";i:1;s:9:\"metaimage\";N;s:5:\"start\";N;s:3:\"end\";N;s:13:\"editingStatus\";s:0:\"\";s:10:\"protection\";i:0;s:16:\"frontendAccessId\";i:0;s:15:\"backendAccessId\";i:0;s:7:\"display\";b:1;s:6:\"active\";b:1;s:6:\"target\";s:0:\"\";s:6:\"module\";s:0:\"\";s:3:\"cmd\";s:0:\"\";}', '{\"id\":1,\"name\":\"system\"}');
INSERT INTO `contrexx_log_entry` (`id`, `action`, `logged_at`, `version`, `object_id`, `object_class`, `data`, `username`) VALUES(16, 'create', '2014-09-01 22:00:00', 1, '16', 'Cx\\Core\\ContentManager\\Model\\Entity\\Page', 'a:37:{s:2:\"id\";i:16;s:14:\"nodeIdShadowed\";i:3;s:4:\"lang\";i:2;s:4:\"type\";s:8:\"fallback\";s:7:\"caching\";b:0;s:9:\"updatedAt\";O:8:\"DateTime\":3:{s:4:\"date\";s:26:\"2014-09-01 22:00:00.000000\";s:13:\"timezone_type\";i:3;s:8:\"timezone\";s:13:\"Europe/Zurich\";}s:9:\"updatedBy\";s:6:\"system\";s:5:\"title\";s:13:\"Informationen\";s:10:\"linkTarget\";s:0:\"\";s:12:\"contentTitle\";s:13:\"Informationen\";s:4:\"slug\";s:13:\"Informationen\";s:7:\"content\";s:6:\"<br />\";s:10:\"sourceMode\";b:0;s:13:\"customContent\";s:0:\"\";s:30:\"useCustomContentForAllChannels\";N;s:19:\"applicationTemplate\";N;s:42:\"useCustomApplicationTemplateForAllChannels\";N;s:7:\"cssName\";s:0:\"\";s:10:\"cssNavName\";s:0:\"\";s:4:\"skin\";i:0;s:21:\"useSkinForAllChannels\";N;s:9:\"metatitle\";s:13:\"Informationen\";s:8:\"metadesc\";s:13:\"Informationen\";s:8:\"metakeys\";s:13:\"Informationen\";s:10:\"metarobots\";i:1;s:9:\"metaimage\";N;s:5:\"start\";N;s:3:\"end\";N;s:13:\"editingStatus\";s:0:\"\";s:10:\"protection\";i:0;s:16:\"frontendAccessId\";i:0;s:15:\"backendAccessId\";i:0;s:7:\"display\";b:1;s:6:\"active\";b:1;s:6:\"target\";s:10:\"[[NODE_4]]\";s:6:\"module\";s:0:\"\";s:3:\"cmd\";s:0:\"\";}', '{\"id\":1,\"name\":\"system\"}');
INSERT INTO `contrexx_log_entry` (`id`, `action`, `logged_at`, `version`, `object_id`, `object_class`, `data`, `username`) VALUES(27, 'create', '2014-09-01 22:00:00', 1, '27', 'Cx\\Core\\ContentManager\\Model\\Entity\\Page', 'a:37:{s:2:\"id\";i:27;s:14:\"nodeIdShadowed\";i:15;s:4:\"lang\";i:1;s:4:\"type\";s:11:\"application\";s:7:\"caching\";b:0;s:9:\"updatedAt\";O:8:\"DateTime\":3:{s:4:\"date\";s:26:\"2014-09-01 22:00:00.000000\";s:13:\"timezone_type\";i:3;s:8:\"timezone\";s:13:\"Europe/Zurich\";}s:9:\"updatedBy\";s:6:\"system\";s:5:\"title\";s:7:\"Kontakt\";s:10:\"linkTarget\";s:0:\"\";s:12:\"contentTitle\";s:7:\"Kontakt\";s:4:\"slug\";s:7:\"Kontakt\";s:7:\"content\";s:18:\"{APPLICATION_DATA}\";s:10:\"sourceMode\";b:0;s:13:\"customContent\";s:0:\"\";s:30:\"useCustomContentForAllChannels\";N;s:19:\"applicationTemplate\";N;s:42:\"useCustomApplicationTemplateForAllChannels\";N;s:7:\"cssName\";s:0:\"\";s:10:\"cssNavName\";s:0:\"\";s:4:\"skin\";i:0;s:21:\"useSkinForAllChannels\";N;s:9:\"metatitle\";s:7:\"Kontakt\";s:8:\"metadesc\";s:7:\"Kontakt\";s:8:\"metakeys\";s:7:\"Kontakt\";s:10:\"metarobots\";i:0;s:9:\"metaimage\";N;s:5:\"start\";N;s:3:\"end\";N;s:13:\"editingStatus\";s:0:\"\";s:10:\"protection\";i:0;s:16:\"frontendAccessId\";i:0;s:15:\"backendAccessId\";i:0;s:7:\"display\";b:1;s:6:\"active\";b:1;s:6:\"target\";s:0:\"\";s:6:\"module\";s:7:\"Contact\";s:3:\"cmd\";s:1:\"1\";}', '{\"id\":1,\"name\":\"system\"}');
INSERT INTO `contrexx_log_entry` (`id`, `action`, `logged_at`, `version`, `object_id`, `object_class`, `data`, `username`) VALUES(28, 'create', '2014-09-01 22:00:00', 1, '28', 'Cx\\Core\\ContentManager\\Model\\Entity\\Page', 'a:37:{s:2:\"id\";i:28;s:14:\"nodeIdShadowed\";i:15;s:4:\"lang\";i:2;s:4:\"type\";s:11:\"application\";s:7:\"caching\";b:0;s:9:\"updatedAt\";O:8:\"DateTime\":3:{s:4:\"date\";s:26:\"2014-09-01 22:00:00.000000\";s:13:\"timezone_type\";i:3;s:8:\"timezone\";s:13:\"Europe/Zurich\";}s:9:\"updatedBy\";s:6:\"system\";s:5:\"title\";s:7:\"Kontakt\";s:10:\"linkTarget\";s:0:\"\";s:12:\"contentTitle\";s:7:\"Kontakt\";s:4:\"slug\";s:7:\"Kontakt\";s:7:\"content\";s:18:\"{APPLICATION_DATA}\";s:10:\"sourceMode\";b:0;s:13:\"customContent\";s:0:\"\";s:30:\"useCustomContentForAllChannels\";N;s:19:\"applicationTemplate\";N;s:42:\"useCustomApplicationTemplateForAllChannels\";N;s:7:\"cssName\";s:0:\"\";s:10:\"cssNavName\";s:0:\"\";s:4:\"skin\";i:0;s:21:\"useSkinForAllChannels\";N;s:9:\"metatitle\";s:7:\"Kontakt\";s:8:\"metadesc\";s:7:\"Kontakt\";s:8:\"metakeys\";s:7:\"Kontakt\";s:10:\"metarobots\";i:0;s:9:\"metaimage\";N;s:5:\"start\";N;s:3:\"end\";N;s:13:\"editingStatus\";s:0:\"\";s:10:\"protection\";i:0;s:16:\"frontendAccessId\";i:0;s:15:\"backendAccessId\";i:0;s:7:\"display\";b:1;s:6:\"active\";b:1;s:6:\"target\";s:0:\"\";s:6:\"module\";s:7:\"Contact\";s:3:\"cmd\";s:1:\"1\";}', '{\"id\":1,\"name\":\"system\"}');
INSERT INTO `contrexx_log_entry` (`id`, `action`, `logged_at`, `version`, `object_id`, `object_class`, `data`, `username`) VALUES(29, 'create', '2014-09-01 22:00:00', 1, '29', 'Cx\\Core\\ContentManager\\Model\\Entity\\Page', 'a:37:{s:2:\"id\";i:29;s:14:\"nodeIdShadowed\";i:16;s:4:\"lang\";i:1;s:4:\"type\";s:7:\"content\";s:7:\"caching\";b:0;s:9:\"updatedAt\";O:8:\"DateTime\":3:{s:4:\"date\";s:26:\"2014-09-01 22:00:00.000000\";s:13:\"timezone_type\";i:3;s:8:\"timezone\";s:13:\"Europe/Zurich\";}s:9:\"updatedBy\";s:6:\"system\";s:5:\"title\";s:6:\"System\";s:10:\"linkTarget\";s:0:\"\";s:12:\"contentTitle\";s:6:\"System\";s:4:\"slug\";s:6:\"System\";s:7:\"content\";s:8:\"<br />\r\n\";s:10:\"sourceMode\";b:0;s:13:\"customContent\";s:0:\"\";s:30:\"useCustomContentForAllChannels\";N;s:19:\"applicationTemplate\";N;s:42:\"useCustomApplicationTemplateForAllChannels\";N;s:7:\"cssName\";s:0:\"\";s:10:\"cssNavName\";s:0:\"\";s:4:\"skin\";i:0;s:21:\"useSkinForAllChannels\";N;s:9:\"metatitle\";s:6:\"System\";s:8:\"metadesc\";s:6:\"System\";s:8:\"metakeys\";s:6:\"System\";s:10:\"metarobots\";i:0;s:9:\"metaimage\";N;s:5:\"start\";N;s:3:\"end\";N;s:13:\"editingStatus\";s:0:\"\";s:10:\"protection\";i:0;s:16:\"frontendAccessId\";i:0;s:15:\"backendAccessId\";i:0;s:7:\"display\";b:0;s:6:\"active\";b:1;s:6:\"target\";s:0:\"\";s:6:\"module\";s:0:\"\";s:3:\"cmd\";s:0:\"\";}', '{\"id\":1,\"name\":\"system\"}');
INSERT INTO `contrexx_log_entry` (`id`, `action`, `logged_at`, `version`, `object_id`, `object_class`, `data`, `username`) VALUES(30, 'create', '2014-09-01 22:00:00', 1, '30', 'Cx\\Core\\ContentManager\\Model\\Entity\\Page', 'a:37:{s:2:\"id\";i:30;s:14:\"nodeIdShadowed\";i:17;s:4:\"lang\";i:1;s:4:\"type\";s:11:\"application\";s:7:\"caching\";b:0;s:9:\"updatedAt\";O:8:\"DateTime\":3:{s:4:\"date\";s:26:\"2014-09-01 22:00:00.000000\";s:13:\"timezone_type\";i:3;s:8:\"timezone\";s:13:\"Europe/Zurich\";}s:9:\"updatedBy\";s:6:\"system\";s:5:\"title\";s:12:\"Alert System\";s:10:\"linkTarget\";s:0:\"\";s:12:\"contentTitle\";s:12:\"Alert System\";s:4:\"slug\";s:12:\"Alert-System\";s:7:\"content\";s:599:\"<p>Ihre Eingabe wurde vom <strong>Cloudrexx&reg; Angriffserkennungs System</strong> als unzul&auml;ssig erkannt. <br />\r\n<br />\r\nEinige besondere Zeichenfolgen werden vom Intrusion Detection System gefiltert und vom Intrusion Response System blockiert. Wenn Sie finden, dass diese Meldung unrechterweise erscheint, nehmen Sie doch bitte mit uns <a href=\"mailto:support%20AT%20cloudrexx%20DOT%20com\">Kontakt</a> auf.<br />\r\n<br />\r\n<em><strong>Aktive Arbitrary Input Module:</strong></em></p>\r\n<ul>\r\n    <li>SQL Injection</li>\r\n    <li>Cross-Site Scripting</li>\r\n    <li>Session Hijacking</li>\r\n</ul>\";s:10:\"sourceMode\";b:0;s:13:\"customContent\";s:0:\"\";s:30:\"useCustomContentForAllChannels\";N;s:19:\"applicationTemplate\";N;s:42:\"useCustomApplicationTemplateForAllChannels\";N;s:7:\"cssName\";s:0:\"\";s:10:\"cssNavName\";s:0:\"\";s:4:\"skin\";i:0;s:21:\"useSkinForAllChannels\";N;s:9:\"metatitle\";s:12:\"Alert System\";s:8:\"metadesc\";s:12:\"Alert System\";s:8:\"metakeys\";s:12:\"Alert System\";s:10:\"metarobots\";i:0;s:9:\"metaimage\";N;s:5:\"start\";N;s:3:\"end\";N;s:13:\"editingStatus\";s:0:\"\";s:10:\"protection\";i:0;s:16:\"frontendAccessId\";i:0;s:15:\"backendAccessId\";i:0;s:7:\"display\";b:0;s:6:\"active\";b:1;s:6:\"target\";s:0:\"\";s:6:\"module\";s:3:\"Ids\";s:3:\"cmd\";s:0:\"\";}', '{\"id\":1,\"name\":\"system\"}');
INSERT INTO `contrexx_log_entry` (`id`, `action`, `logged_at`, `version`, `object_id`, `object_class`, `data`, `username`) VALUES(31, 'create', '2014-09-01 22:00:00', 1, '31', 'Cx\\Core\\ContentManager\\Model\\Entity\\Page', 'a:37:{s:2:\"id\";i:31;s:14:\"nodeIdShadowed\";i:17;s:4:\"lang\";i:2;s:4:\"type\";s:8:\"fallback\";s:7:\"caching\";b:0;s:9:\"updatedAt\";O:8:\"DateTime\":3:{s:4:\"date\";s:26:\"2014-09-01 22:00:00.000000\";s:13:\"timezone_type\";i:3;s:8:\"timezone\";s:13:\"Europe/Zurich\";}s:9:\"updatedBy\";s:6:\"system\";s:5:\"title\";s:12:\"Alert System\";s:10:\"linkTarget\";s:0:\"\";s:12:\"contentTitle\";s:12:\"Alert System\";s:4:\"slug\";s:12:\"Alert-System\";s:7:\"content\";s:604:\"<p>Your data has been detected as possibly malicious by the&nbsp; <strong>Cloudrexx&reg; Intrusion Detection System</strong>.<br />\r\nSome special character strings are being filtered by our Intrusion Detection System. If you think this message is shown in error, please <a href=\"mailto:support%20AT%20cloudrexx%20DOT%20com\">contact us</a>.<br />\r\n<br />\r\n<span style=\"font-style: italic;\"><span style=\"font-weight: bold;\">Active </span></span><em><strong>Arbitrary Input Module:</strong></em></p>\r\n<ul>\r\n    <li>SQL Injection</li>\r\n    <li>Cross-Site Scripting</li>\r\n    <li>Session Hijacking</li>\r\n</ul>\";s:10:\"sourceMode\";b:0;s:13:\"customContent\";s:0:\"\";s:30:\"useCustomContentForAllChannels\";N;s:19:\"applicationTemplate\";N;s:42:\"useCustomApplicationTemplateForAllChannels\";N;s:7:\"cssName\";s:0:\"\";s:10:\"cssNavName\";s:0:\"\";s:4:\"skin\";i:0;s:21:\"useSkinForAllChannels\";N;s:9:\"metatitle\";s:12:\"Alert System\";s:8:\"metadesc\";s:12:\"Alert System\";s:8:\"metakeys\";s:12:\"Alert System\";s:10:\"metarobots\";i:0;s:9:\"metaimage\";N;s:5:\"start\";N;s:3:\"end\";N;s:13:\"editingStatus\";s:0:\"\";s:10:\"protection\";i:0;s:16:\"frontendAccessId\";i:0;s:15:\"backendAccessId\";i:0;s:7:\"display\";b:0;s:6:\"active\";b:1;s:6:\"target\";s:0:\"\";s:6:\"module\";s:3:\"Ids\";s:3:\"cmd\";s:0:\"\";}', '{\"id\":1,\"name\":\"system\"}');
INSERT INTO `contrexx_log_entry` (`id`, `action`, `logged_at`, `version`, `object_id`, `object_class`, `data`, `username`) VALUES(32, 'create', '2014-09-01 22:00:00', 1, '32', 'Cx\\Core\\ContentManager\\Model\\Entity\\Page', 'a:37:{s:2:\"id\";i:32;s:14:\"nodeIdShadowed\";i:18;s:4:\"lang\";i:1;s:4:\"type\";s:11:\"application\";s:7:\"caching\";b:0;s:9:\"updatedAt\";O:8:\"DateTime\":3:{s:4:\"date\";s:26:\"2014-09-01 22:00:00.000000\";s:13:\"timezone_type\";i:3;s:8:\"timezone\";s:13:\"Europe/Zurich\";}s:9:\"updatedBy\";s:6:\"system\";s:5:\"title\";s:20:\"Seite nicht gefunden\";s:10:\"linkTarget\";s:0:\"\";s:12:\"contentTitle\";s:20:\"Seite nicht gefunden\";s:4:\"slug\";s:20:\"Seite-nicht-gefunden\";s:7:\"content\";s:18:\"{APPLICATION_DATA}\";s:10:\"sourceMode\";b:0;s:13:\"customContent\";s:0:\"\";s:30:\"useCustomContentForAllChannels\";N;s:19:\"applicationTemplate\";N;s:42:\"useCustomApplicationTemplateForAllChannels\";N;s:7:\"cssName\";s:0:\"\";s:10:\"cssNavName\";s:0:\"\";s:4:\"skin\";i:0;s:21:\"useSkinForAllChannels\";N;s:9:\"metatitle\";s:20:\"Seite nicht gefunden\";s:8:\"metadesc\";s:20:\"Seite nicht gefunden\";s:8:\"metakeys\";s:20:\"Seite nicht gefunden\";s:10:\"metarobots\";i:0;s:9:\"metaimage\";N;s:5:\"start\";N;s:3:\"end\";N;s:13:\"editingStatus\";s:0:\"\";s:10:\"protection\";i:0;s:16:\"frontendAccessId\";i:0;s:15:\"backendAccessId\";i:0;s:7:\"display\";b:0;s:6:\"active\";b:1;s:6:\"target\";s:0:\"\";s:6:\"module\";s:5:\"Error\";s:3:\"cmd\";s:0:\"\";}', '{\"id\":1,\"name\":\"system\"}');
INSERT INTO `contrexx_log_entry` (`id`, `action`, `logged_at`, `version`, `object_id`, `object_class`, `data`, `username`) VALUES(33, 'create', '2014-09-01 22:00:00', 1, '33', 'Cx\\Core\\ContentManager\\Model\\Entity\\Page', 'a:37:{s:2:\"id\";i:33;s:14:\"nodeIdShadowed\";i:18;s:4:\"lang\";i:2;s:4:\"type\";s:8:\"fallback\";s:7:\"caching\";b:0;s:9:\"updatedAt\";O:8:\"DateTime\":3:{s:4:\"date\";s:26:\"2014-09-01 22:00:00.000000\";s:13:\"timezone_type\";i:3;s:8:\"timezone\";s:13:\"Europe/Zurich\";}s:9:\"updatedBy\";s:6:\"system\";s:5:\"title\";s:20:\"Seite nicht gefunden\";s:10:\"linkTarget\";s:0:\"\";s:12:\"contentTitle\";s:20:\"Seite nicht gefunden\";s:4:\"slug\";s:20:\"Seite-nicht-gefunden\";s:7:\"content\";s:511:\"<section class=\"error-page\">\r\n	<h2>\r\n		The requested document does not exist, or it was deactivated.</h2>\r\n	<h1>\r\n		{ERROR_NUMBER}.</h1>\r\n	<p>\r\n		{ERROR_MESSAGE}</p>\r\n	<p>\r\n		The document you are looking for may have been renamed, moved or deleted. There are several ways to locate a document. You can return to the Homepage, search for the document using keywords or consult our Help Site. To continue on from the last page you visited, please press the &#39;Back&#39; button of your browser.</p>\r\n</section>\r\n\";s:10:\"sourceMode\";b:0;s:13:\"customContent\";s:0:\"\";s:30:\"useCustomContentForAllChannels\";N;s:19:\"applicationTemplate\";N;s:42:\"useCustomApplicationTemplateForAllChannels\";N;s:7:\"cssName\";s:0:\"\";s:10:\"cssNavName\";s:0:\"\";s:4:\"skin\";i:0;s:21:\"useSkinForAllChannels\";N;s:9:\"metatitle\";s:20:\"Seite nicht gefunden\";s:8:\"metadesc\";s:20:\"Seite nicht gefunden\";s:8:\"metakeys\";s:20:\"Seite nicht gefunden\";s:10:\"metarobots\";i:0;s:9:\"metaimage\";N;s:5:\"start\";N;s:3:\"end\";N;s:13:\"editingStatus\";s:0:\"\";s:10:\"protection\";i:0;s:16:\"frontendAccessId\";i:0;s:15:\"backendAccessId\";i:0;s:7:\"display\";b:0;s:6:\"active\";b:1;s:6:\"target\";s:0:\"\";s:6:\"module\";s:5:\"Error\";s:3:\"cmd\";s:0:\"\";}', '{\"id\":1,\"name\":\"system\"}');
INSERT INTO `contrexx_log_entry` (`id`, `action`, `logged_at`, `version`, `object_id`, `object_class`, `data`, `username`) VALUES(34, 'create', '2014-09-01 22:00:00', 1, '34', 'Cx\\Core\\ContentManager\\Model\\Entity\\Page', 'a:37:{s:2:\"id\";i:34;s:14:\"nodeIdShadowed\";i:19;s:4:\"lang\";i:1;s:4:\"type\";s:11:\"application\";s:7:\"caching\";b:0;s:9:\"updatedAt\";O:8:\"DateTime\":3:{s:4:\"date\";s:26:\"2014-09-01 22:00:00.000000\";s:13:\"timezone_type\";i:3;s:8:\"timezone\";s:13:\"Europe/Zurich\";}s:9:\"updatedBy\";s:6:\"system\";s:5:\"title\";s:5:\"Login\";s:10:\"linkTarget\";s:0:\"\";s:12:\"contentTitle\";s:5:\"Login\";s:4:\"slug\";s:5:\"Login\";s:7:\"content\";s:18:\"{APPLICATION_DATA}\";s:10:\"sourceMode\";b:0;s:13:\"customContent\";s:0:\"\";s:30:\"useCustomContentForAllChannels\";N;s:19:\"applicationTemplate\";N;s:42:\"useCustomApplicationTemplateForAllChannels\";N;s:7:\"cssName\";s:5:\"login\";s:10:\"cssNavName\";s:0:\"\";s:4:\"skin\";i:0;s:21:\"useSkinForAllChannels\";N;s:9:\"metatitle\";s:5:\"Login\";s:8:\"metadesc\";s:5:\"Login\";s:8:\"metakeys\";s:5:\"Login\";s:10:\"metarobots\";i:0;s:9:\"metaimage\";N;s:5:\"start\";N;s:3:\"end\";N;s:13:\"editingStatus\";s:0:\"\";s:10:\"protection\";i:0;s:16:\"frontendAccessId\";i:0;s:15:\"backendAccessId\";i:0;s:7:\"display\";b:0;s:6:\"active\";b:1;s:6:\"target\";s:0:\"\";s:6:\"module\";s:5:\"Login\";s:3:\"cmd\";s:0:\"\";}', '{\"id\":1,\"name\":\"system\"}');
INSERT INTO `contrexx_log_entry` (`id`, `action`, `logged_at`, `version`, `object_id`, `object_class`, `data`, `username`) VALUES(35, 'create', '2014-09-01 22:00:00', 1, '35', 'Cx\\Core\\ContentManager\\Model\\Entity\\Page', 'a:37:{s:2:\"id\";i:35;s:14:\"nodeIdShadowed\";i:20;s:4:\"lang\";i:1;s:4:\"type\";s:11:\"application\";s:7:\"caching\";b:0;s:9:\"updatedAt\";O:8:\"DateTime\":3:{s:4:\"date\";s:26:\"2014-09-01 22:00:00.000000\";s:13:\"timezone_type\";i:3;s:8:\"timezone\";s:13:\"Europe/Zurich\";}s:9:\"updatedBy\";s:6:\"system\";s:5:\"title\";s:19:\"Passwort vergessen?\";s:10:\"linkTarget\";s:0:\"\";s:12:\"contentTitle\";s:19:\"Passwort vergessen?\";s:4:\"slug\";s:18:\"Passwort-vergessen\";s:7:\"content\";s:18:\"{APPLICATION_DATA}\";s:10:\"sourceMode\";b:0;s:13:\"customContent\";s:0:\"\";s:30:\"useCustomContentForAllChannels\";N;s:19:\"applicationTemplate\";N;s:42:\"useCustomApplicationTemplateForAllChannels\";N;s:7:\"cssName\";s:0:\"\";s:10:\"cssNavName\";s:0:\"\";s:4:\"skin\";i:0;s:21:\"useSkinForAllChannels\";N;s:9:\"metatitle\";s:19:\"Passwort vergessen?\";s:8:\"metadesc\";s:19:\"Passwort vergessen?\";s:8:\"metakeys\";s:19:\"Passwort vergessen?\";s:10:\"metarobots\";i:0;s:9:\"metaimage\";N;s:5:\"start\";N;s:3:\"end\";N;s:13:\"editingStatus\";s:0:\"\";s:10:\"protection\";i:0;s:16:\"frontendAccessId\";i:0;s:15:\"backendAccessId\";i:0;s:7:\"display\";b:0;s:6:\"active\";b:1;s:6:\"target\";s:0:\"\";s:6:\"module\";s:5:\"Login\";s:3:\"cmd\";s:6:\"lostpw\";}', '{\"id\":1,\"name\":\"system\"}');
INSERT INTO `contrexx_log_entry` (`id`, `action`, `logged_at`, `version`, `object_id`, `object_class`, `data`, `username`) VALUES(36, 'create', '2014-09-01 22:00:00', 1, '36', 'Cx\\Core\\ContentManager\\Model\\Entity\\Page', 'a:37:{s:2:\"id\";i:36;s:14:\"nodeIdShadowed\";i:21;s:4:\"lang\";i:1;s:4:\"type\";s:11:\"application\";s:7:\"caching\";b:0;s:9:\"updatedAt\";O:8:\"DateTime\":3:{s:4:\"date\";s:26:\"2014-09-01 22:00:00.000000\";s:13:\"timezone_type\";i:3;s:8:\"timezone\";s:13:\"Europe/Zurich\";}s:9:\"updatedBy\";s:6:\"system\";s:5:\"title\";s:21:\"Neues Passwort setzen\";s:10:\"linkTarget\";s:0:\"\";s:12:\"contentTitle\";s:21:\"Neues Passwort setzen\";s:4:\"slug\";s:21:\"Neues-Passwort-setzen\";s:7:\"content\";s:18:\"{APPLICATION_DATA}\";s:10:\"sourceMode\";b:0;s:13:\"customContent\";s:0:\"\";s:30:\"useCustomContentForAllChannels\";N;s:19:\"applicationTemplate\";N;s:42:\"useCustomApplicationTemplateForAllChannels\";N;s:7:\"cssName\";s:0:\"\";s:10:\"cssNavName\";s:0:\"\";s:4:\"skin\";i:0;s:21:\"useSkinForAllChannels\";N;s:9:\"metatitle\";s:21:\"Neues Passwort setzen\";s:8:\"metadesc\";s:21:\"Neues Passwort setzen\";s:8:\"metakeys\";s:21:\"Neues Passwort setzen\";s:10:\"metarobots\";i:0;s:9:\"metaimage\";N;s:5:\"start\";N;s:3:\"end\";N;s:13:\"editingStatus\";s:0:\"\";s:10:\"protection\";i:0;s:16:\"frontendAccessId\";i:0;s:15:\"backendAccessId\";i:0;s:7:\"display\";b:0;s:6:\"active\";b:1;s:6:\"target\";s:0:\"\";s:6:\"module\";s:5:\"Login\";s:3:\"cmd\";s:7:\"resetpw\";}', '{\"id\":1,\"name\":\"system\"}');
INSERT INTO `contrexx_log_entry` (`id`, `action`, `logged_at`, `version`, `object_id`, `object_class`, `data`, `username`) VALUES(37, 'create', '2014-09-01 22:00:00', 1, '37', 'Cx\\Core\\ContentManager\\Model\\Entity\\Page', 'a:37:{s:2:\"id\";i:37;s:14:\"nodeIdShadowed\";i:22;s:4:\"lang\";i:1;s:4:\"type\";s:11:\"application\";s:7:\"caching\";b:0;s:9:\"updatedAt\";O:8:\"DateTime\":3:{s:4:\"date\";s:26:\"2014-09-01 22:00:00.000000\";s:13:\"timezone_type\";i:3;s:8:\"timezone\";s:13:\"Europe/Zurich\";}s:9:\"updatedBy\";s:6:\"system\";s:5:\"title\";s:18:\"Zugriff verweigert\";s:10:\"linkTarget\";s:0:\"\";s:12:\"contentTitle\";s:18:\"Zugriff verweigert\";s:4:\"slug\";s:18:\"Zugriff-verweigert\";s:7:\"content\";s:18:\"{APPLICATION_DATA}\";s:10:\"sourceMode\";b:0;s:13:\"customContent\";s:0:\"\";s:30:\"useCustomContentForAllChannels\";N;s:19:\"applicationTemplate\";N;s:42:\"useCustomApplicationTemplateForAllChannels\";N;s:7:\"cssName\";s:0:\"\";s:10:\"cssNavName\";s:0:\"\";s:4:\"skin\";i:0;s:21:\"useSkinForAllChannels\";N;s:9:\"metatitle\";s:18:\"Zugriff verweigert\";s:8:\"metadesc\";s:18:\"Zugriff verweigert\";s:8:\"metakeys\";s:18:\"Zugriff verweigert\";s:10:\"metarobots\";i:0;s:9:\"metaimage\";N;s:5:\"start\";N;s:3:\"end\";N;s:13:\"editingStatus\";s:0:\"\";s:10:\"protection\";i:0;s:16:\"frontendAccessId\";i:0;s:15:\"backendAccessId\";i:0;s:7:\"display\";b:0;s:6:\"active\";b:1;s:6:\"target\";s:0:\"\";s:6:\"module\";s:5:\"Login\";s:3:\"cmd\";s:8:\"noaccess\";}', '{\"id\":1,\"name\":\"system\"}');
INSERT INTO `contrexx_log_entry` (`id`, `action`, `logged_at`, `version`, `object_id`, `object_class`, `data`, `username`) VALUES(38, 'create', '2014-09-01 22:00:00', 1, '38', 'Cx\\Core\\ContentManager\\Model\\Entity\\Page', 'a:37:{s:2:\"id\";i:38;s:14:\"nodeIdShadowed\";i:23;s:4:\"lang\";i:1;s:4:\"type\";s:11:\"application\";s:7:\"caching\";b:0;s:9:\"updatedAt\";O:8:\"DateTime\":3:{s:4:\"date\";s:26:\"2014-09-01 22:00:00.000000\";s:13:\"timezone_type\";i:3;s:8:\"timezone\";s:13:\"Europe/Zurich\";}s:9:\"updatedBy\";s:6:\"system\";s:5:\"title\";s:7:\"Sitemap\";s:10:\"linkTarget\";s:0:\"\";s:12:\"contentTitle\";s:7:\"Sitemap\";s:4:\"slug\";s:7:\"Sitemap\";s:7:\"content\";s:18:\"{APPLICATION_DATA}\";s:10:\"sourceMode\";b:0;s:13:\"customContent\";s:0:\"\";s:30:\"useCustomContentForAllChannels\";N;s:19:\"applicationTemplate\";N;s:42:\"useCustomApplicationTemplateForAllChannels\";N;s:7:\"cssName\";s:0:\"\";s:10:\"cssNavName\";s:0:\"\";s:4:\"skin\";i:0;s:21:\"useSkinForAllChannels\";N;s:9:\"metatitle\";s:7:\"Sitemap\";s:8:\"metadesc\";s:7:\"Sitemap\";s:8:\"metakeys\";s:7:\"Sitemap\";s:10:\"metarobots\";i:1;s:9:\"metaimage\";N;s:5:\"start\";N;s:3:\"end\";N;s:13:\"editingStatus\";s:0:\"\";s:10:\"protection\";i:0;s:16:\"frontendAccessId\";i:0;s:15:\"backendAccessId\";i:0;s:7:\"display\";b:0;s:6:\"active\";b:1;s:6:\"target\";s:0:\"\";s:6:\"module\";s:7:\"Sitemap\";s:3:\"cmd\";s:0:\"\";}', '{\"id\":1,\"name\":\"system\"}');
INSERT INTO `contrexx_log_entry` (`id`, `action`, `logged_at`, `version`, `object_id`, `object_class`, `data`, `username`) VALUES(39, 'create', '2014-09-01 22:00:00', 1, '39', 'Cx\\Core\\ContentManager\\Model\\Entity\\Page', 'a:37:{s:2:\"id\";i:39;s:14:\"nodeIdShadowed\";i:23;s:4:\"lang\";i:2;s:4:\"type\";s:8:\"fallback\";s:7:\"caching\";b:0;s:9:\"updatedAt\";O:8:\"DateTime\":3:{s:4:\"date\";s:26:\"2014-09-01 22:00:00.000000\";s:13:\"timezone_type\";i:3;s:8:\"timezone\";s:13:\"Europe/Zurich\";}s:9:\"updatedBy\";s:6:\"system\";s:5:\"title\";s:7:\"Sitemap\";s:10:\"linkTarget\";s:0:\"\";s:12:\"contentTitle\";s:7:\"Sitemap\";s:4:\"slug\";s:7:\"Sitemap\";s:7:\"content\";s:156:\"<div id=\"sitemap\">\r\n<ul>\r\n	<!-- BEGIN sitemap -->\r\n	<li class=\"{STYLE}\"><a title=\"{NAME}\" href=\"{URL}\">{NAME}</a></li>\r\n	<!-- END sitemap -->\r\n</ul>\r\n</div>\";s:10:\"sourceMode\";b:1;s:13:\"customContent\";s:0:\"\";s:30:\"useCustomContentForAllChannels\";N;s:19:\"applicationTemplate\";N;s:42:\"useCustomApplicationTemplateForAllChannels\";N;s:7:\"cssName\";s:0:\"\";s:10:\"cssNavName\";s:0:\"\";s:4:\"skin\";i:0;s:21:\"useSkinForAllChannels\";N;s:9:\"metatitle\";s:7:\"Sitemap\";s:8:\"metadesc\";s:7:\"Sitemap\";s:8:\"metakeys\";s:7:\"Sitemap\";s:10:\"metarobots\";i:1;s:9:\"metaimage\";N;s:5:\"start\";N;s:3:\"end\";N;s:13:\"editingStatus\";s:0:\"\";s:10:\"protection\";i:0;s:16:\"frontendAccessId\";i:0;s:15:\"backendAccessId\";i:0;s:7:\"display\";b:0;s:6:\"active\";b:1;s:6:\"target\";s:0:\"\";s:6:\"module\";s:7:\"Sitemap\";s:3:\"cmd\";s:0:\"\";}', '{\"id\":1,\"name\":\"system\"}');
INSERT INTO `contrexx_log_entry` (`id`, `action`, `logged_at`, `version`, `object_id`, `object_class`, `data`, `username`) VALUES(40, 'create', '2014-09-01 22:00:00', 1, '40', 'Cx\\Core\\ContentManager\\Model\\Entity\\Page', 'a:37:{s:2:\"id\";i:40;s:14:\"nodeIdShadowed\";i:24;s:4:\"lang\";i:1;s:4:\"type\";s:11:\"application\";s:7:\"caching\";b:0;s:9:\"updatedAt\";O:8:\"DateTime\":3:{s:4:\"date\";s:26:\"2014-09-01 22:00:00.000000\";s:13:\"timezone_type\";i:3;s:8:\"timezone\";s:13:\"Europe/Zurich\";}s:9:\"updatedBy\";s:6:\"system\";s:5:\"title\";s:19:\"Rechtliche Hinweise\";s:10:\"linkTarget\";s:0:\"\";s:12:\"contentTitle\";s:19:\"Rechtliche Hinweise\";s:4:\"slug\";s:19:\"Rechtliche-Hinweise\";s:7:\"content\";s:4464:\"<h2>\r\n	Zugriffs- und Anwendungsbedingungen f&uuml;r diese Website</h2>\r\nMit dem Zugriff auf diese Website und ihre Links erkl&auml;ren Sie, dass Sie die nachfolgenden&nbsp;Anwendungsbedingungen und rechtlichen Informationen im Zusammenhang mit dieser Website&nbsp;(und den darin enthaltenen Elementen) verstanden haben und diese anerkennen. Sollten Sie mit&nbsp;diesen Bedingungen nicht einverstanden sein, unterlassen Sie den Zugriff auf diese Website.<br />\r\n<br />\r\n<h2>\r\n	Zweck dieser Website / Keine Gew&auml;hrleistung</h2>\r\nDer Zweck dieser Website ist die Informationsvermittlung &uuml;ber unsere Gesellschaft und&nbsp;Dienstleistungen. Durch das Aufrufen dieser Website durch den Benutzer geht {CONTACT_COMPANY} mit&nbsp;dem Benutzer keinerlei vertragliche Beziehung ein. Die publizierten Tools begr&uuml;nden weder eine&nbsp;Aufforderung zur Offertenstellung noch ein Angebot. {CONTACT_COMPANY} bem&uuml;ht sich, die Inhalte auf&nbsp;dieser Website aktuell, vollst&auml;ndig und richtig zu halten. Da diese Informationen jedoch raschen&nbsp;&Auml;nderungen unterliegen k&ouml;nnen, kann die Aktualit&auml;t, Richtigkeit und Vollst&auml;ndigkeit nicht&nbsp;vollst&auml;ndig gew&auml;hrleistet werden.&nbsp;Die Angaben auf dieser Website stellen keine verbindlichen Entscheidungshilfen und Antworten auf&nbsp;Beratungsfragen dar, noch sollten aufgrund dieser Angaben arbeitsrechtliche oder andere&nbsp;Entscheide gef&auml;llt werden. Jegliches Handeln, welches aufgrund der Angaben auf dieser Website&nbsp;getroffen wird, erfolgt auf das alleinige Risiko des Benutzers.<br />\r\n<br />\r\n<h2>\r\n	Funktionen dieser Website</h2>\r\n{CONTACT_COMPANY} &uuml;bernimmt keine Verantwortung und gibt keine Garantie daf&uuml;r ab, dass die&nbsp;Funktionen auf ihrer Website dauernd und ununterbrochen zur Verf&uuml;gung stehen, fehlerfrei sind&nbsp;oder Fehler behoben werden oder dass die Website oder die jeweiligen Server frei von Viren oder&nbsp;sonstigen sch&auml;dlichen Bestandteilen sind.<br />\r\n<br />\r\n<h2>\r\n	Links</h2>\r\nDiese Website enth&auml;lt Links zu Websites von Dritten. Deren Inhalte sind dem Einfluss von {CONTACT_COMPANY} entzogen, weshalb weder f&uuml;r deren Richtigkeit, Vollst&auml;ndigkeit und Rechtm&auml;ssigkeit&nbsp;irgendeine Gew&auml;hrleistung &uuml;bernommen werden kann. {CONTACT_COMPANY} &uuml;bernimmt daher keinerlei&nbsp;Haftung f&uuml;r die Inhalte auf den Seiten dieser Dritten.<br />\r\n<br />\r\n<h2>\r\n	Keine Sicherheit der Daten&uuml;bertragung</h2>\r\nDie E-Mail-Kommunikation findet &uuml;ber ein offenes, jedermann zug&auml;ngliches und grenz&uuml;berschreitendes&nbsp;Netz statt. Sie ist unverschl&uuml;sselt. Es kann somit nicht ausgeschlossen werden,&nbsp;dass so gesendete Daten durch Dritte eingesehen und damit auch die Kontaktaufnahme zu {CONTACT_COMPANY} nachvollzogen werden kann.<br />\r\n<br />\r\n<h2>\r\n	Datenschutz</h2>\r\n{CONTACT_COMPANY} beh&auml;lt sich vor, personenbezogene Daten, welche ihr elektronisch &uuml;bermittelt&nbsp;werden, f&uuml;r eigene Marketingzwecke zu erfassen und auszuwerten. Sie beachtet dabei die&nbsp;Bestimmungen des Eidgen&ouml;ssischen Datenschutzgesetzes und gibt die Daten nicht an Dritte weiter.<br />\r\n<br />\r\n<h2>\r\n	Haftungsausschluss</h2>\r\nDie Inhalte dieser Website beinhalten keinerlei Zusicherungen oder Garantien. {CONTACT_COMPANY}&nbsp;haftet in keinem Fall, inklusive Fahrl&auml;ssigkeit und Haftung gegen&uuml;ber Drittpersonen, f&uuml;r allf&auml;llige&nbsp;direkte, indirekte oder Folgesch&auml;den, welche als Folge des Gebrauchs von Informationen und&nbsp;Material aus dieser Website oder durch den Zugriff &uuml;ber Links auf andere Websites entstehen.<br />\r\n<br />\r\n<h2>\r\n	Copyright und andere Schutzrechte</h2>\r\nDer gesamte Inhalt der Website von {CONTACT_COMPANY} ist urheberrechtlich gesch&uuml;tzt. Alle Rechte&nbsp;sind vorbehalten. (Das Logo von {CONTACT_COMPANY} ist ein eingetragenes Markenzeichen). Durch den&nbsp;Zugriff auf die Website von {CONTACT_COMPANY} das Herunterladen oder Kopieren von Daten dieser&nbsp;Website oder Teilen davon, werden dem Benutzer keinerlei Rechte am Inhalt, an der Software,&nbsp;einer eingetragenen Marke oder an sonst einem Element der Website einger&auml;umt. Jegliche&nbsp;Modifikation, Reproduktion oder Benutzung der Website, des Logos von {CONTACT_COMPANY} oder Teile&nbsp;davon f&uuml;r einen &ouml;ffentlichen oder kommerziellen Zweck ist ohne vorherige schriftliche Zustimmung&nbsp;von {CONTACT_COMPANY} strikt untersagt.\";s:10:\"sourceMode\";b:0;s:13:\"customContent\";s:23:\"content_full_width.html\";s:30:\"useCustomContentForAllChannels\";N;s:19:\"applicationTemplate\";N;s:42:\"useCustomApplicationTemplateForAllChannels\";N;s:7:\"cssName\";s:0:\"\";s:10:\"cssNavName\";s:0:\"\";s:4:\"skin\";i:0;s:21:\"useSkinForAllChannels\";N;s:9:\"metatitle\";s:19:\"Rechtliche Hinweise\";s:8:\"metadesc\";s:19:\"Rechtliche Hinweise\";s:8:\"metakeys\";s:19:\"Rechtliche Hinweise\";s:10:\"metarobots\";i:1;s:9:\"metaimage\";N;s:5:\"start\";N;s:3:\"end\";N;s:13:\"editingStatus\";s:0:\"\";s:10:\"protection\";i:0;s:16:\"frontendAccessId\";i:0;s:15:\"backendAccessId\";i:0;s:7:\"display\";b:0;s:6:\"active\";b:1;s:6:\"target\";s:0:\"\";s:6:\"module\";s:7:\"Privacy\";s:3:\"cmd\";s:0:\"\";}', '{\"id\":1,\"name\":\"system\"}');
INSERT INTO `contrexx_log_entry` (`id`, `action`, `logged_at`, `version`, `object_id`, `object_class`, `data`, `username`) VALUES(41, 'create', '2014-09-01 22:00:00', 1, '41', 'Cx\\Core\\ContentManager\\Model\\Entity\\Page', 'a:37:{s:2:\"id\";i:41;s:14:\"nodeIdShadowed\";i:24;s:4:\"lang\";i:2;s:4:\"type\";s:8:\"fallback\";s:7:\"caching\";b:0;s:9:\"updatedAt\";O:8:\"DateTime\":3:{s:4:\"date\";s:26:\"2014-09-01 22:00:00.000000\";s:13:\"timezone_type\";i:3;s:8:\"timezone\";s:13:\"Europe/Zurich\";}s:9:\"updatedBy\";s:6:\"system\";s:5:\"title\";s:19:\"Rechtliche Hinweise\";s:10:\"linkTarget\";s:0:\"\";s:12:\"contentTitle\";s:19:\"Rechtliche Hinweise\";s:4:\"slug\";s:19:\"Rechtliche-Hinweise\";s:7:\"content\";s:151:\"<span style=\"font-weight: bold;\">Describe here, what you do (and especially what you DO&nbsp;NOT&nbsp;DO) with your customer&#39;s data.</span><br />\r\n\";s:10:\"sourceMode\";b:0;s:13:\"customContent\";s:23:\"content_full_width.html\";s:30:\"useCustomContentForAllChannels\";N;s:19:\"applicationTemplate\";N;s:42:\"useCustomApplicationTemplateForAllChannels\";N;s:7:\"cssName\";s:0:\"\";s:10:\"cssNavName\";s:0:\"\";s:4:\"skin\";i:0;s:21:\"useSkinForAllChannels\";N;s:9:\"metatitle\";s:19:\"Rechtliche Hinweise\";s:8:\"metadesc\";s:19:\"Rechtliche Hinweise\";s:8:\"metakeys\";s:19:\"Rechtliche Hinweise\";s:10:\"metarobots\";i:1;s:9:\"metaimage\";N;s:5:\"start\";N;s:3:\"end\";N;s:13:\"editingStatus\";s:0:\"\";s:10:\"protection\";i:0;s:16:\"frontendAccessId\";i:0;s:15:\"backendAccessId\";i:0;s:7:\"display\";b:0;s:6:\"active\";b:1;s:6:\"target\";s:0:\"\";s:6:\"module\";s:7:\"Privacy\";s:3:\"cmd\";s:0:\"\";}', '{\"id\":1,\"name\":\"system\"}');
INSERT INTO `contrexx_log_entry` (`id`, `action`, `logged_at`, `version`, `object_id`, `object_class`, `data`, `username`) VALUES(42, 'create', '2014-09-01 22:00:00', 1, '42', 'Cx\\Core\\ContentManager\\Model\\Entity\\Page', 'a:37:{s:2:\"id\";i:42;s:14:\"nodeIdShadowed\";i:25;s:4:\"lang\";i:1;s:4:\"type\";s:11:\"application\";s:7:\"caching\";b:1;s:9:\"updatedAt\";O:8:\"DateTime\":3:{s:4:\"date\";s:26:\"2014-09-01 22:00:00.000000\";s:13:\"timezone_type\";i:3;s:8:\"timezone\";s:13:\"Europe/Zurich\";}s:9:\"updatedBy\";s:6:\"system\";s:5:\"title\";s:9:\"Impressum\";s:10:\"linkTarget\";s:0:\"\";s:12:\"contentTitle\";s:9:\"Impressum\";s:4:\"slug\";s:9:\"Impressum\";s:7:\"content\";s:1076:\"Verantwortlich f&uuml;r Inhalt, Konzeption &amp; Realisierung des Onlineportals:<br />\r\n<br />\r\n<strong>{CONTACT_COMPANY}</strong><br />\r\n{CONTACT_ADDRESS}<br />\r\n{CONTACT_ZIP} {CONTACT_PLACE}<br />\r\n{CONTACT_COUNTRY}<br />\r\n&nbsp;\r\n<h2>Gew&auml;hrleistung</h2>\r\nWir bem&uuml;hen uns um m&ouml;glichst korrekte und aktuelle Information. Die Inhalte wurden sorgf&auml;ltig erarbeitet.&nbsp;Trotzdem k&ouml;nnen Fehler auftreten. Autoren und Herausgeber &uuml;bernehmen&nbsp;keine Gew&auml;hr und Haftung f&uuml;r die Richtigkeit, Zuverl&auml;ssigkeit, Vollst&auml;ndigkeit und Aktualit&auml;t der Information. Die Verwendung der Website und der darin enthaltenen Informationen erfolgt auf eigene Gefahr. &Auml;nderungen k&ouml;nnen jederzeit vorgenommen werden.<br />\r\n&nbsp;\r\n<h2>Web Content Management System (CMS)</h2>\r\nDieser Internetauftritt basiert auf dem Web Content Management System&nbsp;<a href=\"http://www.cloudrexx.com/\" target=\"_blank\">Cloudrexx&reg;</a>, welches von der <a href=\"http://www.cloudrexx.com/\">CLOUDREXX AG</a>&nbsp;aus der Schweiz entwickelt wurde.\";s:10:\"sourceMode\";b:0;s:13:\"customContent\";s:0:\"\";s:30:\"useCustomContentForAllChannels\";N;s:19:\"applicationTemplate\";N;s:42:\"useCustomApplicationTemplateForAllChannels\";N;s:7:\"cssName\";s:0:\"\";s:10:\"cssNavName\";s:0:\"\";s:4:\"skin\";i:0;s:21:\"useSkinForAllChannels\";N;s:9:\"metatitle\";s:9:\"Impressum\";s:8:\"metadesc\";s:9:\"Impressum\";s:8:\"metakeys\";s:9:\"Impressum\";s:10:\"metarobots\";i:1;s:9:\"metaimage\";N;s:5:\"start\";N;s:3:\"end\";N;s:13:\"editingStatus\";s:0:\"\";s:10:\"protection\";i:0;s:16:\"frontendAccessId\";i:0;s:15:\"backendAccessId\";i:0;s:7:\"display\";b:0;s:6:\"active\";b:1;s:6:\"target\";s:0:\"\";s:6:\"module\";s:7:\"Imprint\";s:3:\"cmd\";s:0:\"\";}', '{\"id\":1,\"name\":\"system\"}');
INSERT INTO `contrexx_log_entry` (`id`, `action`, `logged_at`, `version`, `object_id`, `object_class`, `data`, `username`) VALUES(43, 'create', '2014-09-01 22:00:00', 1, '43', 'Cx\\Core\\ContentManager\\Model\\Entity\\Page', 'a:37:{s:2:\"id\";i:43;s:14:\"nodeIdShadowed\";i:25;s:4:\"lang\";i:2;s:4:\"type\";s:8:\"fallback\";s:7:\"caching\";b:0;s:9:\"updatedAt\";O:8:\"DateTime\":3:{s:4:\"date\";s:26:\"2014-09-01 22:00:00.000000\";s:13:\"timezone_type\";i:3;s:8:\"timezone\";s:13:\"Europe/Zurich\";}s:9:\"updatedBy\";s:6:\"system\";s:5:\"title\";s:9:\"Impressum\";s:10:\"linkTarget\";s:0:\"\";s:12:\"contentTitle\";s:9:\"Impressum\";s:4:\"slug\";s:9:\"Impressum\";s:7:\"content\";s:405:\"<p>Responsible for content and realization of this website:</p>\r\n<p><strong>Your company name</strong><br />\r\nStreet<br />\r\nZIP - City<br />\r\nCountry</p>\r\n<h2>Web Content Management System (CMS)</h2>\r\nThis website was created using the <a target=\"_blank\" href=\"http://www.cloudrexx.com/\">Cloudrexx&reg; WCMS</a>, developed by <a href=\"http://www.cloudrexx.com/\">CLOUDREXX AG</a> in Thun, Switzerland<br />\";s:10:\"sourceMode\";b:0;s:13:\"customContent\";s:0:\"\";s:30:\"useCustomContentForAllChannels\";N;s:19:\"applicationTemplate\";N;s:42:\"useCustomApplicationTemplateForAllChannels\";N;s:7:\"cssName\";s:0:\"\";s:10:\"cssNavName\";s:0:\"\";s:4:\"skin\";i:0;s:21:\"useSkinForAllChannels\";N;s:9:\"metatitle\";s:9:\"Impressum\";s:8:\"metadesc\";s:9:\"Impressum\";s:8:\"metakeys\";s:9:\"Impressum\";s:10:\"metarobots\";i:1;s:9:\"metaimage\";N;s:5:\"start\";N;s:3:\"end\";N;s:13:\"editingStatus\";s:0:\"\";s:10:\"protection\";i:0;s:16:\"frontendAccessId\";i:0;s:15:\"backendAccessId\";i:0;s:7:\"display\";b:0;s:6:\"active\";b:1;s:6:\"target\";s:0:\"\";s:6:\"module\";s:7:\"Imprint\";s:3:\"cmd\";s:0:\"\";}', '{\"id\":1,\"name\":\"system\"}');
INSERT INTO `contrexx_log_entry` (`id`, `action`, `logged_at`, `version`, `object_id`, `object_class`, `data`, `username`) VALUES(44, 'create', '2014-09-01 22:00:00', 1, '44', 'Cx\\Core\\ContentManager\\Model\\Entity\\Page', 'a:37:{s:2:\"id\";i:44;s:14:\"nodeIdShadowed\";i:26;s:4:\"lang\";i:1;s:4:\"type\";s:11:\"application\";s:7:\"caching\";b:0;s:9:\"updatedAt\";O:8:\"DateTime\":3:{s:4:\"date\";s:26:\"2014-09-01 22:00:00.000000\";s:13:\"timezone_type\";i:3;s:8:\"timezone\";s:13:\"Europe/Zurich\";}s:9:\"updatedBy\";s:6:\"system\";s:5:\"title\";s:4:\"AGBs\";s:10:\"linkTarget\";s:0:\"\";s:12:\"contentTitle\";s:33:\"Allgemeinen Geschäftsbedingungen\";s:4:\"slug\";s:4:\"AGBs\";s:7:\"content\";s:704:\"<p><a href=\"http://de.wikipedia.org/wiki/Allgemeine_Gesch%C3%A4ftsbedingungen\">Allgemeine Gesch&auml;ftsbedingungen</a> (abgek&uuml;rzt &bdquo;AGB&ldquo;, nicht-standardsprachlich auch oft &bdquo;AGBs&ldquo;,&bdquo;AGB&#39;s&ldquo; oder &bdquo;AGBen&ldquo;) sind alle f&uuml;r eine Vielzahl von Vertr&auml;gen vorformulierten Vertragsbedingungen, die eine Vertragspartei (der Verwender) der anderen Vertragspartei bei Abschluss eines Vertrages stellt.</p>\r\n\r\n<p>Dabei ist es gleichg&uuml;ltig, ob die Bestimmung einen &auml;u&szlig;erlich gesonderten Bestandteil des Vertrags (umgangssprachlich &bdquo;das Kleingedruckte&ldquo; genannt) bilden oder in die Vertragsurkunde selbst aufgenommen werden.</p>\r\n\";s:10:\"sourceMode\";b:0;s:13:\"customContent\";s:0:\"\";s:30:\"useCustomContentForAllChannels\";N;s:19:\"applicationTemplate\";N;s:42:\"useCustomApplicationTemplateForAllChannels\";N;s:7:\"cssName\";s:0:\"\";s:10:\"cssNavName\";s:0:\"\";s:4:\"skin\";i:0;s:21:\"useSkinForAllChannels\";N;s:9:\"metatitle\";s:33:\"Allgemeinen Geschäftsbedingungen\";s:8:\"metadesc\";s:33:\"Allgemeinen Geschäftsbedingungen\";s:8:\"metakeys\";s:33:\"Allgemeinen Geschäftsbedingungen\";s:10:\"metarobots\";i:1;s:9:\"metaimage\";N;s:5:\"start\";N;s:3:\"end\";N;s:13:\"editingStatus\";s:0:\"\";s:10:\"protection\";i:0;s:16:\"frontendAccessId\";i:0;s:15:\"backendAccessId\";i:0;s:7:\"display\";b:0;s:6:\"active\";b:1;s:6:\"target\";s:0:\"\";s:6:\"module\";s:3:\"Agb\";s:3:\"cmd\";s:0:\"\";}', '{\"id\":1,\"name\":\"system\"}');
INSERT INTO `contrexx_log_entry` (`id`, `action`, `logged_at`, `version`, `object_id`, `object_class`, `data`, `username`) VALUES(45, 'create', '2014-09-01 22:00:00', 1, '45', 'Cx\\Core\\ContentManager\\Model\\Entity\\Page', 'a:37:{s:2:\"id\";i:45;s:14:\"nodeIdShadowed\";i:26;s:4:\"lang\";i:2;s:4:\"type\";s:8:\"fallback\";s:7:\"caching\";b:0;s:9:\"updatedAt\";O:8:\"DateTime\":3:{s:4:\"date\";s:26:\"2014-09-01 22:00:00.000000\";s:13:\"timezone_type\";i:3;s:8:\"timezone\";s:13:\"Europe/Zurich\";}s:9:\"updatedBy\";s:6:\"system\";s:5:\"title\";s:4:\"AGBs\";s:10:\"linkTarget\";s:0:\"\";s:12:\"contentTitle\";s:33:\"Allgemeinen Geschäftsbedingungen\";s:4:\"slug\";s:4:\"AGBs\";s:7:\"content\";s:356:\"<p><a href=\"http://de.wikipedia.org/wiki/Allgemeine_Gesch%C3%A4ftsbedingungen\">Terms &amp;&nbsp;Conditions</a> (abbreviated&bdquo;T&amp;C&ldquo;) are a &quot;default set&quot; of rules that make certain things clear before the customer buys something off this website or enters personal data.</p>\r\n<p>&nbsp;</p>\r\n<p>&nbsp;</p>\r\n<p>&nbsp;</p>\r\n<p>&nbsp;</p>\";s:10:\"sourceMode\";b:0;s:13:\"customContent\";s:0:\"\";s:30:\"useCustomContentForAllChannels\";N;s:19:\"applicationTemplate\";N;s:42:\"useCustomApplicationTemplateForAllChannels\";N;s:7:\"cssName\";s:0:\"\";s:10:\"cssNavName\";s:0:\"\";s:4:\"skin\";i:0;s:21:\"useSkinForAllChannels\";N;s:9:\"metatitle\";s:33:\"Allgemeinen Geschäftsbedingungen\";s:8:\"metadesc\";s:33:\"Allgemeinen Geschäftsbedingungen\";s:8:\"metakeys\";s:33:\"Allgemeinen Geschäftsbedingungen\";s:10:\"metarobots\";i:1;s:9:\"metaimage\";N;s:5:\"start\";N;s:3:\"end\";N;s:13:\"editingStatus\";s:0:\"\";s:10:\"protection\";i:0;s:16:\"frontendAccessId\";i:0;s:15:\"backendAccessId\";i:0;s:7:\"display\";b:0;s:6:\"active\";b:1;s:6:\"target\";s:0:\"\";s:6:\"module\";s:3:\"Agb\";s:3:\"cmd\";s:0:\"\";}', '{\"id\":1,\"name\":\"system\"}');
INSERT INTO `contrexx_log_entry` (`id`, `action`, `logged_at`, `version`, `object_id`, `object_class`, `data`, `username`) VALUES(46, 'create', '2014-09-01 22:00:00', 1, '46', 'Cx\\Core\\ContentManager\\Model\\Entity\\Page', 'a:37:{s:2:\"id\";i:46;s:14:\"nodeIdShadowed\";i:27;s:4:\"lang\";i:1;s:4:\"type\";s:11:\"application\";s:7:\"caching\";b:0;s:9:\"updatedAt\";O:8:\"DateTime\":3:{s:4:\"date\";s:26:\"2014-09-01 22:00:00.000000\";s:13:\"timezone_type\";i:3;s:8:\"timezone\";s:13:\"Europe/Zurich\";}s:9:\"updatedBy\";s:6:\"system\";s:5:\"title\";s:12:\"Registrieren\";s:10:\"linkTarget\";s:0:\"\";s:12:\"contentTitle\";s:12:\"Registrieren\";s:4:\"slug\";s:12:\"Registrieren\";s:7:\"content\";s:18:\"{APPLICATION_DATA}\";s:10:\"sourceMode\";b:0;s:13:\"customContent\";s:0:\"\";s:30:\"useCustomContentForAllChannels\";N;s:19:\"applicationTemplate\";N;s:42:\"useCustomApplicationTemplateForAllChannels\";N;s:7:\"cssName\";s:8:\"register\";s:10:\"cssNavName\";s:0:\"\";s:4:\"skin\";i:0;s:21:\"useSkinForAllChannels\";N;s:9:\"metatitle\";s:12:\"Registrieren\";s:8:\"metadesc\";s:12:\"Registrieren\";s:8:\"metakeys\";s:12:\"Registrieren\";s:10:\"metarobots\";i:1;s:9:\"metaimage\";N;s:5:\"start\";N;s:3:\"end\";N;s:13:\"editingStatus\";s:0:\"\";s:10:\"protection\";i:0;s:16:\"frontendAccessId\";i:0;s:15:\"backendAccessId\";i:0;s:7:\"display\";b:0;s:6:\"active\";b:1;s:6:\"target\";s:0:\"\";s:6:\"module\";s:6:\"Access\";s:3:\"cmd\";s:6:\"signup\";}', '{\"id\":1,\"name\":\"system\"}');
INSERT INTO `contrexx_log_entry` (`id`, `action`, `logged_at`, `version`, `object_id`, `object_class`, `data`, `username`) VALUES(47, 'create', '2014-09-01 22:00:00', 1, '47', 'Cx\\Core\\ContentManager\\Model\\Entity\\Page', 'a:37:{s:2:\"id\";i:47;s:14:\"nodeIdShadowed\";i:27;s:4:\"lang\";i:2;s:4:\"type\";s:8:\"fallback\";s:7:\"caching\";b:0;s:9:\"updatedAt\";O:8:\"DateTime\":3:{s:4:\"date\";s:26:\"2014-09-01 22:00:00.000000\";s:13:\"timezone_type\";i:3;s:8:\"timezone\";s:13:\"Europe/Zurich\";}s:9:\"updatedBy\";s:6:\"system\";s:5:\"title\";s:12:\"Registrieren\";s:10:\"linkTarget\";s:0:\"\";s:12:\"contentTitle\";s:12:\"Registrieren\";s:4:\"slug\";s:12:\"Registrieren\";s:7:\"content\";s:3837:\"Here, you have the possibility to join our online community.\r\n<div id=\"access\">\r\n    <!-- BEGIN access_signup_form -->\r\n    <div class=\"message_error\">{ACCESS_SIGNUP_MESSAGE}</div><br />&nbsp;<br />\r\n    <form action=\"index.php?section=access&amp;cmd=signup\" method=\"post\" enctype=\"multipart/form-data\">\r\n        <fieldset><legend>Personal data</legend>\r\n            <!-- BEGIN access_profile_attribute_gender -->\r\n    		<p><label>{ACCESS_PROFILE_ATTRIBUTE_GENDER_DESC}</label>{ACCESS_PROFILE_ATTRIBUTE_GENDER}</p>\r\n    		<!-- END access_profile_attribute_gender --> 				\r\n    		<!-- BEGIN access_profile_attribute_firstname -->\r\n    		<p><label>{ACCESS_PROFILE_ATTRIBUTE_FIRSTNAME_DESC}</label>{ACCESS_PROFILE_ATTRIBUTE_FIRSTNAME}</p>\r\n    		<!-- END access_profile_attribute_firstname --> 			\r\n    		<!-- BEGIN access_profile_attribute_lastname -->\r\n    		<p><label>{ACCESS_PROFILE_ATTRIBUTE_LASTNAME_DESC}</label>{ACCESS_PROFILE_ATTRIBUTE_LASTNAME}</p>\r\n    		<!-- END access_profile_attribute_lastname --> 	\r\n        </fieldset>\r\n        <fieldset><legend>Account data</legend>\r\n            <!-- BEGIN access_user_username -->\r\n            <p><label>{ACCESS_USER_USERNAME_DESC}</label>{ACCESS_USER_USERNAME}<br />Please choose a username</p>\r\n            <!-- END access_user_username --><!-- BEGIN access_user_password -->\r\n            <p><label>{ACCESS_USER_PASSWORD_DESC}</label>{ACCESS_USER_PASSWORD}<br />Please enter your password (at least 6 characters)</p>\r\n            <!-- END access_user_password --><!-- BEGIN access_user_password_confirmed -->\r\n            <p><label>{ACCESS_USER_PASSWORD_CONFIRMED_DESC}</label>{ACCESS_USER_PASSWORD_CONFIRMED}<br />Please repeat your password</p>\r\n            <!-- END access_user_password_confirmed --> \r\n        </fieldset>\r\n        <fieldset><legend>Additional data</legend>	\r\n            <!-- BEGIN access_user_email -->\r\n            <p><label>{ACCESS_USER_EMAIL_DESC}</label>{ACCESS_USER_EMAIL}<br />\r\n            You have to enter a valid e-mail address, so we can send you an activation code.</p>\r\n            <!-- END access_user_email -->\r\n            <p><label>{ACCESS_USER_FRONTEND_LANGUAGE_DESC}</label>{ACCESS_USER_FRONTEND_LANGUAGE}<br /><br /></p>\r\n            <p><b>Note:</b><br />You can complete your profile after the registration process is finished.</p>\r\n        </fieldset>\r\n        <!-- BEGIN access_captcha -->\r\n        <fieldset><legend>{TXT_ACCESS_CAPTCHA}</legend>	\r\n            <p>{TXT_ACCESS_CAPTCHA_DESCRIPTION}<br /></p>\r\n            <p><label>CAPTCHA</label><img class=\"captcha\" src=\"{ACCESS_CAPTCHA_URL}\" alt=\"{ACCESS_CAPTCHA_ALT}\" />\r\n            <input id=\"accessSignUpCaptcha\" type=\"text\" name=\"accessSignUpCaptcha\" />\r\n            <input type=\"hidden\" name=\"accessSignUpCaptchaOffset\" value=\"{ACCESS_CAPTCHA_OFFSET}\" />\r\n            </p>\r\n        </fieldset> \r\n        <!-- END access_captcha -->\r\n        <!-- BEGIN access_tos -->\r\n            <fieldset><legend>{TXT_ACCESS_TOS}</legend>	\r\n                {ACCESS_TOS}\r\n            </fieldset> \r\n        <!-- END access_tos -->\r\n        <p>{ACCESS_SIGNUP_BUTTON}</p> \r\n    </form>\r\n    <!-- END access_signup_form --> 	\r\n    <!-- BEGIN access_signup_store_success -->\r\n    <div class=\"message_ok\">{ACCESS_SIGNUP_MESSAGE}</div>\r\n    <!-- END access_signup_store_success -->   	\r\n    <!-- BEGIN access_signup_store_error -->\r\n    <div class=\"message_error\">{ACCESS_SIGNUP_MESSAGE}</div>\r\n    <!-- END access_signup_store_error -->   	\r\n    <!-- BEGIN access_signup_confirm_success -->\r\n    <div class=\"message_ok\">{ACCESS_SIGNUP_MESSAGE}</div>\r\n    <!-- END access_signup_confirm_success -->   	\r\n    <!-- BEGIN access_signup_confirm_error -->\r\n    <div class=\"message_error\">{ACCESS_SIGNUP_MESSAGE}</div>\r\n    <!-- END access_signup_confirm_error -->    	\r\n    {ACCESS_JAVASCRIPT_FUNCTIONS}\r\n</div>\";s:10:\"sourceMode\";b:1;s:13:\"customContent\";s:0:\"\";s:30:\"useCustomContentForAllChannels\";N;s:19:\"applicationTemplate\";N;s:42:\"useCustomApplicationTemplateForAllChannels\";N;s:7:\"cssName\";s:8:\"register\";s:10:\"cssNavName\";s:0:\"\";s:4:\"skin\";i:0;s:21:\"useSkinForAllChannels\";N;s:9:\"metatitle\";s:12:\"Registrieren\";s:8:\"metadesc\";s:12:\"Registrieren\";s:8:\"metakeys\";s:12:\"Registrieren\";s:10:\"metarobots\";i:1;s:9:\"metaimage\";N;s:5:\"start\";N;s:3:\"end\";N;s:13:\"editingStatus\";s:0:\"\";s:10:\"protection\";i:0;s:16:\"frontendAccessId\";i:0;s:15:\"backendAccessId\";i:0;s:7:\"display\";b:0;s:6:\"active\";b:1;s:6:\"target\";s:0:\"\";s:6:\"module\";s:6:\"Access\";s:3:\"cmd\";s:6:\"signup\";}', '{\"id\":1,\"name\":\"system\"}');
INSERT INTO `contrexx_log_entry` (`id`, `action`, `logged_at`, `version`, `object_id`, `object_class`, `data`, `username`) VALUES(48, 'create', '2014-09-01 22:00:00', 1, '48', 'Cx\\Core\\ContentManager\\Model\\Entity\\Page', 'a:37:{s:2:\"id\";i:48;s:14:\"nodeIdShadowed\";i:28;s:4:\"lang\";i:1;s:4:\"type\";s:11:\"application\";s:7:\"caching\";b:0;s:9:\"updatedAt\";O:8:\"DateTime\":3:{s:4:\"date\";s:26:\"2014-09-01 22:00:00.000000\";s:13:\"timezone_type\";i:3;s:8:\"timezone\";s:13:\"Europe/Zurich\";}s:9:\"updatedBy\";s:6:\"system\";s:5:\"title\";s:6:\"Suchen\";s:10:\"linkTarget\";s:0:\"\";s:12:\"contentTitle\";s:6:\"Suchen\";s:4:\"slug\";s:6:\"Suchen\";s:7:\"content\";s:18:\"{APPLICATION_DATA}\";s:10:\"sourceMode\";b:0;s:13:\"customContent\";s:0:\"\";s:30:\"useCustomContentForAllChannels\";N;s:19:\"applicationTemplate\";N;s:42:\"useCustomApplicationTemplateForAllChannels\";N;s:7:\"cssName\";s:0:\"\";s:10:\"cssNavName\";s:0:\"\";s:4:\"skin\";i:0;s:21:\"useSkinForAllChannels\";N;s:9:\"metatitle\";s:6:\"Suchen\";s:8:\"metadesc\";s:6:\"Suchen\";s:8:\"metakeys\";s:6:\"Suchen\";s:10:\"metarobots\";i:1;s:9:\"metaimage\";N;s:5:\"start\";N;s:3:\"end\";N;s:13:\"editingStatus\";s:0:\"\";s:10:\"protection\";i:0;s:16:\"frontendAccessId\";i:0;s:15:\"backendAccessId\";i:0;s:7:\"display\";b:0;s:6:\"active\";b:1;s:6:\"target\";s:0:\"\";s:6:\"module\";s:6:\"Search\";s:3:\"cmd\";s:0:\"\";}', '{\"id\":1,\"name\":\"system\"}');
INSERT INTO `contrexx_log_entry` (`id`, `action`, `logged_at`, `version`, `object_id`, `object_class`, `data`, `username`) VALUES(49, 'create', '2014-09-01 22:00:00', 1, '49', 'Cx\\Core\\ContentManager\\Model\\Entity\\Page', 'a:37:{s:2:\"id\";i:49;s:14:\"nodeIdShadowed\";i:28;s:4:\"lang\";i:2;s:4:\"type\";s:8:\"fallback\";s:7:\"caching\";b:0;s:9:\"updatedAt\";O:8:\"DateTime\":3:{s:4:\"date\";s:26:\"2014-09-01 22:00:00.000000\";s:13:\"timezone_type\";i:3;s:8:\"timezone\";s:13:\"Europe/Zurich\";}s:9:\"updatedBy\";s:6:\"system\";s:5:\"title\";s:6:\"Suchen\";s:10:\"linkTarget\";s:0:\"\";s:12:\"contentTitle\";s:6:\"Suchen\";s:4:\"slug\";s:6:\"Suchen\";s:7:\"content\";s:451:\"<form action=\"index.php\" method=\"get\">\r\n	<input name=\"term\" value=\"{SEARCH_TERM}\" size=\"30\" maxlength=\"100\" class=\"searchinput\" />\r\n	<input value=\"search\" name=\"section\" type=\"hidden\" />\r\n	<input value=\"{TXT_SEARCH}\" name=\"Submit\" type=\"submit\" class=\"searchbutton\" />\r\n</form>\r\n<br />\r\n{SEARCH_TITLE}<br />\r\n<!-- BEGIN searchrow -->\r\n	{LINK} {COUNT_MATCH}<br />\r\n	{SHORT_CONTENT}<br />\r\n<!-- END searchrow -->\r\n<br />\r\n{SEARCH_PAGING}\r\n<br />\r\n<br />\";s:10:\"sourceMode\";b:1;s:13:\"customContent\";s:0:\"\";s:30:\"useCustomContentForAllChannels\";N;s:19:\"applicationTemplate\";N;s:42:\"useCustomApplicationTemplateForAllChannels\";N;s:7:\"cssName\";s:0:\"\";s:10:\"cssNavName\";s:0:\"\";s:4:\"skin\";i:0;s:21:\"useSkinForAllChannels\";N;s:9:\"metatitle\";s:6:\"Suchen\";s:8:\"metadesc\";s:6:\"Suchen\";s:8:\"metakeys\";s:6:\"Suchen\";s:10:\"metarobots\";i:1;s:9:\"metaimage\";N;s:5:\"start\";N;s:3:\"end\";N;s:13:\"editingStatus\";s:0:\"\";s:10:\"protection\";i:0;s:16:\"frontendAccessId\";i:0;s:15:\"backendAccessId\";i:0;s:7:\"display\";b:0;s:6:\"active\";b:1;s:6:\"target\";s:0:\"\";s:6:\"module\";s:6:\"Search\";s:3:\"cmd\";s:0:\"\";}', '{\"id\":1,\"name\":\"system\"}');
INSERT INTO `contrexx_log_entry` (`id`, `action`, `logged_at`, `version`, `object_id`, `object_class`, `data`, `username`) VALUES(50, 'create', '2014-09-01 22:00:00', 1, '50', 'Cx\\Core\\ContentManager\\Model\\Entity\\Page', 'a:37:{s:2:\"id\";i:50;s:14:\"nodeIdShadowed\";i:16;s:4:\"lang\";i:2;s:4:\"type\";s:8:\"fallback\";s:7:\"caching\";b:0;s:9:\"updatedAt\";O:8:\"DateTime\":3:{s:4:\"date\";s:26:\"2014-09-01 22:00:00.000000\";s:13:\"timezone_type\";i:3;s:8:\"timezone\";s:13:\"Europe/Zurich\";}s:9:\"updatedBy\";s:6:\"system\";s:5:\"title\";s:6:\"System\";s:10:\"linkTarget\";s:0:\"\";s:12:\"contentTitle\";s:6:\"System\";s:4:\"slug\";s:6:\"System\";s:7:\"content\";s:105:\"These pages are not shown directly but are only here to support various functions of the website.<br />\r\n\";s:10:\"sourceMode\";b:0;s:13:\"customContent\";s:0:\"\";s:30:\"useCustomContentForAllChannels\";N;s:19:\"applicationTemplate\";N;s:42:\"useCustomApplicationTemplateForAllChannels\";N;s:7:\"cssName\";s:0:\"\";s:10:\"cssNavName\";s:0:\"\";s:4:\"skin\";i:0;s:21:\"useSkinForAllChannels\";N;s:9:\"metatitle\";s:6:\"System\";s:8:\"metadesc\";s:6:\"System\";s:8:\"metakeys\";s:6:\"System\";s:10:\"metarobots\";i:0;s:9:\"metaimage\";N;s:5:\"start\";N;s:3:\"end\";N;s:13:\"editingStatus\";s:0:\"\";s:10:\"protection\";i:0;s:16:\"frontendAccessId\";i:0;s:15:\"backendAccessId\";i:0;s:7:\"display\";b:0;s:6:\"active\";b:1;s:6:\"target\";s:0:\"\";s:6:\"module\";s:0:\"\";s:3:\"cmd\";s:0:\"\";}', '{\"id\":1,\"name\":\"system\"}');
INSERT INTO `contrexx_log_entry` (`id`, `action`, `logged_at`, `version`, `object_id`, `object_class`, `data`, `username`) VALUES(51, 'create', '2014-09-01 22:00:00', 1, '51', 'Cx\\Core\\ContentManager\\Model\\Entity\\Page', 'a:36:{s:14:\"nodeIdShadowed\";i:19;s:4:\"lang\";i:2;s:4:\"type\";s:8:\"fallback\";s:7:\"caching\";s:5:\"Login\";s:9:\"updatedAt\";O:8:\"DateTime\":3:{s:4:\"date\";s:26:\"2014-09-01 22:00:00.000000\";s:13:\"timezone_type\";i:3;s:8:\"timezone\";s:13:\"Europe/Zurich\";}s:9:\"updatedBy\";s:6:\"system\";s:5:\"title\";s:5:\"Login\";s:10:\"linkTarget\";s:0:\"\";s:12:\"contentTitle\";s:5:\"Login\";s:4:\"slug\";s:5:\"Login\";s:7:\"content\";s:0:\"\";s:10:\"sourceMode\";b:0;s:13:\"customContent\";s:0:\"\";s:30:\"useCustomContentForAllChannels\";i:0;s:19:\"applicationTemplate\";s:0:\"\";s:42:\"useCustomApplicationTemplateForAllChannels\";i:0;s:7:\"cssName\";s:0:\"\";s:10:\"cssNavName\";s:0:\"\";s:4:\"skin\";i:0;s:21:\"useSkinForAllChannels\";i:0;s:9:\"metatitle\";s:5:\"Login\";s:8:\"metadesc\";s:5:\"Login\";s:8:\"metakeys\";s:5:\"Login\";s:10:\"metarobots\";b:0;s:9:\"metaimage\";s:0:\"\";s:5:\"start\";N;s:3:\"end\";N;s:13:\"editingStatus\";s:0:\"\";s:10:\"protection\";i:0;s:16:\"frontendAccessId\";i:0;s:15:\"backendAccessId\";i:0;s:7:\"display\";b:0;s:6:\"active\";b:1;s:6:\"target\";s:0:\"\";s:6:\"module\";s:0:\"\";s:3:\"cmd\";s:0:\"\";}', '{\"id\":1,\"name\":\"system\"}');
INSERT INTO `contrexx_log_entry` (`id`, `action`, `logged_at`, `version`, `object_id`, `object_class`, `data`, `username`) VALUES(52, 'create', '2014-09-01 22:00:00', 1, '52', 'Cx\\Core\\ContentManager\\Model\\Entity\\Page', 'a:36:{s:14:\"nodeIdShadowed\";i:20;s:4:\"lang\";i:2;s:4:\"type\";s:8:\"fallback\";s:7:\"caching\";s:18:\"Passwort-vergessen\";s:9:\"updatedAt\";O:8:\"DateTime\":3:{s:4:\"date\";s:26:\"2014-09-01 22:00:00.000000\";s:13:\"timezone_type\";i:3;s:8:\"timezone\";s:13:\"Europe/Zurich\";}s:9:\"updatedBy\";s:6:\"system\";s:5:\"title\";s:19:\"Passwort vergessen?\";s:10:\"linkTarget\";s:0:\"\";s:12:\"contentTitle\";s:19:\"Passwort vergessen?\";s:4:\"slug\";s:18:\"Passwort-vergessen\";s:7:\"content\";s:0:\"\";s:10:\"sourceMode\";b:0;s:13:\"customContent\";s:0:\"\";s:30:\"useCustomContentForAllChannels\";i:0;s:19:\"applicationTemplate\";s:0:\"\";s:42:\"useCustomApplicationTemplateForAllChannels\";i:0;s:7:\"cssName\";s:0:\"\";s:10:\"cssNavName\";s:0:\"\";s:4:\"skin\";i:0;s:21:\"useSkinForAllChannels\";i:0;s:9:\"metatitle\";s:19:\"Passwort vergessen?\";s:8:\"metadesc\";s:19:\"Passwort vergessen?\";s:8:\"metakeys\";s:19:\"Passwort vergessen?\";s:10:\"metarobots\";b:0;s:9:\"metaimage\";s:0:\"\";s:5:\"start\";N;s:3:\"end\";N;s:13:\"editingStatus\";s:0:\"\";s:10:\"protection\";i:0;s:16:\"frontendAccessId\";i:0;s:15:\"backendAccessId\";i:0;s:7:\"display\";b:0;s:6:\"active\";b:1;s:6:\"target\";s:0:\"\";s:6:\"module\";s:0:\"\";s:3:\"cmd\";s:0:\"\";}', '{\"id\":1,\"name\":\"system\"}');
INSERT INTO `contrexx_log_entry` (`id`, `action`, `logged_at`, `version`, `object_id`, `object_class`, `data`, `username`) VALUES(53, 'create', '2014-09-01 22:00:00', 1, '53', 'Cx\\Core\\ContentManager\\Model\\Entity\\Page', 'a:36:{s:14:\"nodeIdShadowed\";i:21;s:4:\"lang\";i:2;s:4:\"type\";s:8:\"fallback\";s:7:\"caching\";s:21:\"Neues-Passwort-setzen\";s:9:\"updatedAt\";O:8:\"DateTime\":3:{s:4:\"date\";s:26:\"2014-09-01 22:00:00.000000\";s:13:\"timezone_type\";i:3;s:8:\"timezone\";s:13:\"Europe/Zurich\";}s:9:\"updatedBy\";s:6:\"system\";s:5:\"title\";s:21:\"Neues Passwort setzen\";s:10:\"linkTarget\";s:0:\"\";s:12:\"contentTitle\";s:21:\"Neues Passwort setzen\";s:4:\"slug\";s:21:\"Neues-Passwort-setzen\";s:7:\"content\";s:0:\"\";s:10:\"sourceMode\";b:0;s:13:\"customContent\";s:0:\"\";s:30:\"useCustomContentForAllChannels\";i:0;s:19:\"applicationTemplate\";s:0:\"\";s:42:\"useCustomApplicationTemplateForAllChannels\";i:0;s:7:\"cssName\";s:0:\"\";s:10:\"cssNavName\";s:0:\"\";s:4:\"skin\";i:0;s:21:\"useSkinForAllChannels\";i:0;s:9:\"metatitle\";s:21:\"Neues Passwort setzen\";s:8:\"metadesc\";s:21:\"Neues Passwort setzen\";s:8:\"metakeys\";s:21:\"Neues Passwort setzen\";s:10:\"metarobots\";b:0;s:9:\"metaimage\";s:0:\"\";s:5:\"start\";N;s:3:\"end\";N;s:13:\"editingStatus\";s:0:\"\";s:10:\"protection\";i:0;s:16:\"frontendAccessId\";i:0;s:15:\"backendAccessId\";i:0;s:7:\"display\";b:0;s:6:\"active\";b:1;s:6:\"target\";s:0:\"\";s:6:\"module\";s:0:\"\";s:3:\"cmd\";s:0:\"\";}', '{\"id\":1,\"name\":\"system\"}');
INSERT INTO `contrexx_log_entry` (`id`, `action`, `logged_at`, `version`, `object_id`, `object_class`, `data`, `username`) VALUES(54, 'create', '2014-09-01 22:00:00', 1, '54', 'Cx\\Core\\ContentManager\\Model\\Entity\\Page', 'a:36:{s:14:\"nodeIdShadowed\";i:22;s:4:\"lang\";i:2;s:4:\"type\";s:8:\"fallback\";s:7:\"caching\";s:18:\"Zugriff-verweigert\";s:9:\"updatedAt\";O:8:\"DateTime\":3:{s:4:\"date\";s:26:\"2014-09-01 22:00:00.000000\";s:13:\"timezone_type\";i:3;s:8:\"timezone\";s:13:\"Europe/Zurich\";}s:9:\"updatedBy\";s:6:\"system\";s:5:\"title\";s:18:\"Zugriff verweigert\";s:10:\"linkTarget\";s:0:\"\";s:12:\"contentTitle\";s:18:\"Zugriff verweigert\";s:4:\"slug\";s:18:\"Zugriff-verweigert\";s:7:\"content\";s:0:\"\";s:10:\"sourceMode\";b:0;s:13:\"customContent\";s:0:\"\";s:30:\"useCustomContentForAllChannels\";i:0;s:19:\"applicationTemplate\";s:0:\"\";s:42:\"useCustomApplicationTemplateForAllChannels\";i:0;s:7:\"cssName\";s:0:\"\";s:10:\"cssNavName\";s:0:\"\";s:4:\"skin\";i:0;s:21:\"useSkinForAllChannels\";i:0;s:9:\"metatitle\";s:18:\"Zugriff verweigert\";s:8:\"metadesc\";s:18:\"Zugriff verweigert\";s:8:\"metakeys\";s:18:\"Zugriff verweigert\";s:10:\"metarobots\";b:0;s:9:\"metaimage\";s:0:\"\";s:5:\"start\";N;s:3:\"end\";N;s:13:\"editingStatus\";s:0:\"\";s:10:\"protection\";i:0;s:16:\"frontendAccessId\";i:0;s:15:\"backendAccessId\";i:0;s:7:\"display\";b:0;s:6:\"active\";b:1;s:6:\"target\";s:0:\"\";s:6:\"module\";s:0:\"\";s:3:\"cmd\";s:0:\"\";}', '{\"id\":1,\"name\":\"system\"}');
INSERT INTO `contrexx_module_block_blocks` (`id`, `start`, `end`, `name`, `random`, `random_2`, `random_3`, `random_4`, `global`, `category`, `direct`, `active`, `order`, `cat`, `wysiwyg_editor`) VALUES (30,0,0,'Slide 2',0,0,0,0,0,0,0,1,2,2,1);
INSERT INTO `contrexx_module_block_blocks` (`id`, `start`, `end`, `name`, `random`, `random_2`, `random_3`, `random_4`, `global`, `category`, `direct`, `active`, `order`, `cat`, `wysiwyg_editor`) VALUES (29,0,0,'Slide 1',0,0,0,0,0,0,0,1,1,2,1);
INSERT INTO `contrexx_module_block_categories` (`id`, `parent`, `name`, `seperator`, `order`, `status`) VALUES (3,0,'Sidebar','',1,1);
INSERT INTO `contrexx_module_block_categories` (`id`, `parent`, `name`, `seperator`, `order`, `status`) VALUES (2,0,'Startseite','',1,1);
INSERT INTO `contrexx_module_block_rel_lang_content` (`block_id`, `lang_id`, `content`, `active`) VALUES (29,1,'<img alt=\"Slider 1\" height=\"500\" src=\"images/content/slideshow/slide_1.jpg\" width=\"1200\" />\r\n<h1>Be<span style=\"color: #0A85C8;\">Successful.</span></h1>\r\n',1);
INSERT INTO `contrexx_module_block_rel_lang_content` (`block_id`, `lang_id`, `content`, `active`) VALUES (30,1,'<img alt=\"Slider 2\" height=\"500\" src=\"images/content/slideshow/slide_2.jpg\" width=\"1200\" />\r\n<h1>Make<span style=\"color: #0A85C8;\">Solutions.</span></h1>\r\n',1);
INSERT INTO `contrexx_module_block_rel_lang_content` (`block_id`, `lang_id`, `content`, `active`) VALUES (29,2,'<img alt=\"Slider 1\" height=\"500\" src=\"images/content/slideshow/slide_1.jpg\" width=\"1200\" />\r\n<h1>Be<font color=\"#0A85C8\">Smart.</font></h1>',1);
INSERT INTO `contrexx_module_block_rel_lang_content` (`block_id`, `lang_id`, `content`, `active`) VALUES (30,2,'<img alt=\"Slider 2\" height=\"500\" src=\"images/content/slideshow/slide_2.jpg\" width=\"1200\" />\r\n<h1>Be<font color=\"#0A85C8\">Sucessful.</font></h1>',1);
INSERT INTO `contrexx_module_block_settings` (`id`, `name`, `value`) VALUES (1,'blockGlobalSeperator','<br /><br />');
INSERT INTO `contrexx_module_block_settings` (`id`, `name`, `value`) VALUES (2, 'markParsedBlock', '0');
INSERT INTO `contrexx_module_calendar_category` (`id`, `pos`, `status`) VALUES (46,0,1);
INSERT INTO `contrexx_module_calendar_category_name` (`cat_id`, `lang_id`, `name`) VALUES (46,1,'Veranstaltungen');
INSERT INTO `contrexx_module_calendar_category_name` (`cat_id`, `lang_id`, `name`) VALUES (46,2,'Events');
INSERT INTO `contrexx_module_calendar_event` (`id`, `type`, `startdate`, `enddate`, `use_custom_date_display`, `showStartDateList`, `showEndDateList`, `showStartTimeList`, `showEndTimeList`, `showTimeTypeList`, `showStartDateDetail`, `showEndDateDetail`, `showStartTimeDetail`, `showEndTimeDetail`, `showTimeTypeDetail`, `google`, `access`, `priority`, `link`, `pic`, `attach`, `place_mediadir_id`, `show_in`, `invited_groups`, `invited_crm_groups`, `excluded_crm_groups`, `invited_mails`, `invitation_sent`, `invitation_email_template`, `registration`, `registration_form`, `registration_num`, `registration_notification`, `email_template`, `registration_external_link`, `registration_external_fully_booked`, `series_status`, `independent_series`, `series_type`, `series_pattern_count`, `series_pattern_weekday`, `series_pattern_day`, `series_pattern_week`, `series_pattern_month`, `series_pattern_type`, `series_pattern_dourance_type`, `series_pattern_end`, `series_pattern_end_date`, `series_pattern_begin`, `series_pattern_exceptions`, `series_additional_recurrences`, `status`, `confirmed`, `show_detail_view`, `author`, `all_day`, `location_type`, `place_id`, `place_street`, `place_zip`, `place_website`, `place_link`, `place_phone`, `place_map`, `host_type`, `org_street`, `org_zip`, `org_website`, `org_link`, `org_phone`, `org_email`, `host_mediadir_id`) VALUES (88, 0, '2018-04-04 00:00:00', '2018-04-04 23:59:00', 0, 1, 1, 0, 0, 2, 1, 1, 1, 1, 2, 0, 0, 3, '', '', '', 0, '1,2', '', NULL, NULL, '', 0, '{\"1\":\"1\",\"2\":\"1\"}', 1, 1, '250', 'info@example.org', '{\"1\":\"14\",\"2\":\"14\"}', '', 0, 1, 1, 3, 0, '0', 4, 0, 12, 1, 1, 0, '0000-00-00 00:00:00', 0, '', '', 1, 1, 1, '1', 1, 1, 0, '', '', '', '', '', '', 1, '', '', '', '', '', '', 0);
INSERT INTO `contrexx_module_calendar_event_field` (`event_id`, `lang_id`, `title`, `teaser`, `description`, `redirect`, `place`, `place_city`, `place_country`, `org_name`, `org_city`, `org_country`) VALUES (88,'2','Cloudrexx Birthday',NULL,'Cloudrexx celebrates its birthday. The first release was published on the 4th of April 2005.','','','','','','','');
INSERT INTO `contrexx_module_calendar_event_field` (`event_id`, `lang_id`, `title`, `teaser`, `description`, `redirect`, `place`, `place_city`, `place_country`, `org_name`, `org_city`, `org_country`) VALUES (88,'1','Cloudrexx Geburtstag',NULL,'Cloudrexx feiert Geburtstag. Die erste Version wurde am 4. April 2005 veröffentlicht.','','','','','','','');
INSERT INTO `contrexx_module_calendar_events_categories` (`event_id`, `category_id`) VALUES (88, 46);
INSERT INTO `contrexx_module_calendar_mail` (`id`, `title`, `content_text`, `content_html`, `recipients`, `lang_id`, `action_id`, `is_default`, `status`) VALUES (1,'[[URL]] - Einladung zu [[TITLE]]','Hallo [[FIRSTNAME]] [[LASTNAME]] \r\n\r\nSie wurden auf [[URL]] zum Event \\\"[[TITLE]]\\\" eingeladen.\r\nDetails: [[LINK_EVENT]]\r\n\r\nFolgen Sie dem unten stehenden Link um sich f&uuml;r diesen Event an- oder abzumelden.\r\nHinweis: Sollte der Link nicht funktionieren, kopieren Sie die komplette Adresse ohne Zeilenumbr&uuml;che in die Adresszeile Ihres Browsers und dr&uuml;cken Sie anschliessend \\\"Enter\\\".\r\n\r\n[[LINK_REGISTRATION]]\r\n\r\n\r\n--\r\nDiese Nachricht wurde automatisch generiert\r\n[[DATE]]','Hallo [[FIRSTNAME]] [[LASTNAME]]<br />\r\n<br />\r\nSie wurden auf <a href=\"http://[[URL]]\" title=\"[[URL]]\">[[URL]]</a> zum Event <a href=\"[[LINK_EVENT]]\" title=\"Event Details\">&quot;[[TITLE]]&quot;</a> eingeladen. <br />\r\nKlicken Sie <a href=\"[[LINK_REGISTRATION]]\" title=\"Anmeldung\">hier</a>, um sich an diesem Event an- oder abzumelden.<br />\r\n<br />\r\n<br />\r\n--<br />\r\n<em>Diese Nachricht wurde automatisch generiert</em><br />\r\n<em>[[DATE]]</em>','',1,1,1,1);
INSERT INTO `contrexx_module_calendar_mail` (`id`, `title`, `content_text`, `content_html`, `recipients`, `lang_id`, `action_id`, `is_default`, `status`) VALUES (15,'[[URL]] - Neue [[REGISTRATION_TYPE]] f&uuml;r [[TITLE]]','Hallo\r\n\r\nAuf [[URL]] wurde eine neue [[REGISTRATION_TYPE]] f&uuml;r den Termin \\\"[[TITLE]]\\\" eingetragen.\r\n\r\nInformationen zur [[REGISTRATION_TYPE]]\r\n[[REGISTRATION_DATA]]\r\n\r\n-- \r\nDiese Nachricht wurde automatisch generiert [[DATE]]','Hallo<br />\r\n<br />\r\nAuf [[URL]] wurde eine neue [[REGISTRATION_TYPE]] f&uuml;r den Termin &quot;[[TITLE]]&quot; eingetragen.<br />\r\n<br />\r\n<h2>Informationen zur [[REGISTRATION_TYPE]]</h2>\r\n[[REGISTRATION_DATA]] <br />\r\n<br />\r\n-- <br />\r\nDiese Nachricht wurde automatisch generiert [[DATE]]','',1,3,1,1);
INSERT INTO `contrexx_module_calendar_mail` (`id`, `title`, `content_text`, `content_html`, `recipients`, `lang_id`, `action_id`, `is_default`, `status`) VALUES (14,'[[URL]] - Erfolgreiche [[REGISTRATION_TYPE]]','Hallo [[FIRSTNAME]] [[LASTNAME]]\r\n\r\nIhre [[REGISTRATION_TYPE]] zum Event \\\"[[TITLE]]\\\" vom [[START_DATE]] wurde erfolgreich in unserem System eingetragen.\r\n\r\n\r\n--\r\nDiese Nachricht wurde automatisch generiert\r\n[[DATE]]','Hallo [[FIRSTNAME]] [[LASTNAME]]<br />\r\n<br />\r\nIhre [[REGISTRATION_TYPE]] zum Event <a title=\"[[TITLE]]\" href=\"[[LINK_EVENT]]\">[[TITLE]]</a> vom [[START_DATE]] wurde erfolgreich in unserem System eingetragen.<br />\r\n<br />\r\n--<br />\r\n<em>Diese Nachricht wurde automatisch generiert<br />\r\n[[DATE]]</em>','',1,2,1,1);
INSERT INTO `contrexx_module_calendar_mail` (`id`, `title`, `content_text`, `content_html`, `recipients`, `lang_id`, `action_id`, `is_default`, `status`) VALUES (16,'[[URL]] - Neuer Termin: [[TITLE]]','Hallo [[FIRSTNAME]] [[LASTNAME]] \r\n\r\nUnter [[URL]] finden Sie den neuen Event \\\"[[TITLE]]\\\".\r\nDetails: [[LINK_EVENT]]\r\n\r\n\r\n--\r\nDiese Nachricht wurde automatisch generiert\r\n[[DATE]]','Hallo [[FIRSTNAME]] [[LASTNAME]]<br />\r\n<br />\r\nUnter <a title=\"[[URL]]\" href=\"http://[[URL]]\">[[URL]]</a> finden Sie den neuen Event <a title=\"Event Details\" href=\"[[LINK_EVENT]]\">&quot;[[TITLE]]&quot;</a>. <br />\r\n<br />\r\n<br />\r\n--<br />\r\n<em>Diese Nachricht wurde automatisch generiert</em><br />\r\n<em>[[DATE]]</em>','',1,4,1,1);
INSERT INTO `contrexx_module_calendar_registration_form` (`id`, `status`, `order`, `title`) VALUES (1,1,99,'Standardformular');
INSERT INTO `contrexx_module_calendar_registration_form_field` (`id`, `form`, `type`, `required`, `order`, `affiliation`) VALUES (4,1,'lastname',1,3,'form');
INSERT INTO `contrexx_module_calendar_registration_form_field` (`id`, `form`, `type`, `required`, `order`, `affiliation`) VALUES (3,1,'firstname',1,2,'form');
INSERT INTO `contrexx_module_calendar_registration_form_field` (`id`, `form`, `type`, `required`, `order`, `affiliation`) VALUES (2,1,'inputtext',0,1,'form');
INSERT INTO `contrexx_module_calendar_registration_form_field` (`id`, `form`, `type`, `required`, `order`, `affiliation`) VALUES (1,1,'salutation',1,0,'form');
INSERT INTO `contrexx_module_calendar_registration_form_field` (`id`, `form`, `type`, `required`, `order`, `affiliation`) VALUES (5,1,'mail',1,4,'form');
INSERT INTO `contrexx_module_calendar_registration_form_field` (`id`, `form`, `type`, `required`, `order`, `affiliation`) VALUES (6,1,'textarea',0,5,'form');
INSERT INTO `contrexx_module_calendar_registration_form_field_name` (`field_id`, `form_id`, `lang_id`, `name`, `default`) VALUES (6,1,2,'Message','');
INSERT INTO `contrexx_module_calendar_registration_form_field_name` (`field_id`, `form_id`, `lang_id`, `name`, `default`) VALUES (6,1,1,'Bemerkung','');
INSERT INTO `contrexx_module_calendar_registration_form_field_name` (`field_id`, `form_id`, `lang_id`, `name`, `default`) VALUES (5,1,2,'E-Mail','');
INSERT INTO `contrexx_module_calendar_registration_form_field_name` (`field_id`, `form_id`, `lang_id`, `name`, `default`) VALUES (5,1,1,'E-Mail','');
INSERT INTO `contrexx_module_calendar_registration_form_field_name` (`field_id`, `form_id`, `lang_id`, `name`, `default`) VALUES (4,1,2,'Lastname','');
INSERT INTO `contrexx_module_calendar_registration_form_field_name` (`field_id`, `form_id`, `lang_id`, `name`, `default`) VALUES (4,1,1,'Nachname','');
INSERT INTO `contrexx_module_calendar_registration_form_field_name` (`field_id`, `form_id`, `lang_id`, `name`, `default`) VALUES (3,1,2,'Firstname','');
INSERT INTO `contrexx_module_calendar_registration_form_field_name` (`field_id`, `form_id`, `lang_id`, `name`, `default`) VALUES (3,1,1,'Vorname','');
INSERT INTO `contrexx_module_calendar_registration_form_field_name` (`field_id`, `form_id`, `lang_id`, `name`, `default`) VALUES (2,1,2,'Company','');
INSERT INTO `contrexx_module_calendar_registration_form_field_name` (`field_id`, `form_id`, `lang_id`, `name`, `default`) VALUES (2,1,1,'Firma','');
INSERT INTO `contrexx_module_calendar_registration_form_field_name` (`field_id`, `form_id`, `lang_id`, `name`, `default`) VALUES (1,1,2,'Salutation','Dear Ms.,Dear Mr.');
INSERT INTO `contrexx_module_calendar_registration_form_field_name` (`field_id`, `form_id`, `lang_id`, `name`, `default`) VALUES (1,1,1,'Anrede','Sehr geehrte Frau,Sehr geehrter Herr');
INSERT INTO `contrexx_module_calendar_settings` (`id`, `section_id`, `name`, `title`, `value`, `info`, `type`, `options`, `special`, `order`) VALUES (8,5,'numPaging','TXT_CALENDAR_NUM_PAGING','15','',1,'','',1);
INSERT INTO `contrexx_module_calendar_settings` (`id`, `section_id`, `name`, `title`, `value`, `info`, `type`, `options`, `special`, `order`) VALUES (9,5,'numEntrance','TXT_CALENDAR_NUM_EVENTS_ENTRANCE','5','TXT_CALENDAR_NUM_EVENTS_ENTRANCE_INFO',1,'','',2);
INSERT INTO `contrexx_module_calendar_settings` (`id`, `section_id`, `name`, `title`, `value`, `info`, `type`, `options`, `special`, `order`) VALUES (10,6,'headlinesStatus','TXT_CALENDAR_HEADLINES_STATUS','2','',3,'TXT_CALENDAR_ACTIVATE,TXT_CALENDAR_DEACTIVATE','',1);
INSERT INTO `contrexx_module_calendar_settings` (`id`, `section_id`, `name`, `title`, `value`, `info`, `type`, `options`, `special`, `order`) VALUES (11,6,'headlinesCategory','TXT_CALENDAR_HEADLINES_CATEGORY','','',5,'','getCategoryDorpdown',3);
INSERT INTO `contrexx_module_calendar_settings` (`id`, `section_id`, `name`, `title`, `value`, `info`, `type`, `options`, `special`, `order`) VALUES (12,6,'headlinesNum','TXT_CALENDAR_HEADLINES_NUM','3','',1,'','',2);
INSERT INTO `contrexx_module_calendar_settings` (`id`, `section_id`, `name`, `title`, `value`, `info`, `type`, `options`, `special`, `order`) VALUES (14,7,'publicationStatus','TXT_CALENDAR_PUBLICATION_STATUS','2','TXT_CALENDAR_PUBLICATION_STATUS_INFO',3,'TXT_CALENDAR_ACTIVATE,TXT_CALENDAR_DEACTIVATE','',0);
INSERT INTO `contrexx_module_calendar_settings` (`id`, `section_id`, `name`, `title`, `value`, `info`, `type`, `options`, `special`, `order`) VALUES (15,15,'dateFormat','TXT_CALENDAR_DATE_FORMAT','0','TXT_CALENDAR_DATE_FORMAT_INFO',5,'TXT_CALENDAR_DATE_FORMAT_DD.MM.YYYY,TXT_CALENDAR_DATE_FORMAT_DD/MM/YYYY,TXT_CALENDAR_DATE_FORMAT_YYYY.MM.DD,TXT_CALENDAR_DATE_FORMAT_MM/DD/YYYY,TXT_CALENDAR_DATE_FORMAT_YYYY-MM-DD','',3);
INSERT INTO `contrexx_module_calendar_settings` (`id`, `section_id`, `name`, `title`, `value`, `info`, `type`, `options`, `special`, `order`) VALUES (16,8,'countCategoryEntries','TXT_CALENDAR_CATEGORY_COUNT_ENTRIES','2','',3,'TXT_CALENDAR_ACTIVATE,TXT_CALENDAR_DEACTIVATE','',0);
INSERT INTO `contrexx_module_calendar_settings` (`id`, `section_id`, `name`, `title`, `value`, `info`, `type`, `options`, `special`, `order`) VALUES (18,18,'addEventsFrontend','TXT_CALENDAR_ADD_EVENTS_FRONTEND','0','',5,'TXT_CALENDAR_DEACTIVATE,TXT_CALENDAR_ACTIVATE_ALL,TXT_CALENDAR_ACTIVATE_ONLY_COMMUNITY','',5);
INSERT INTO `contrexx_module_calendar_settings` (`id`, `section_id`, `name`, `title`, `value`, `info`, `type`, `options`, `special`, `order`) VALUES (19,18,'confirmFrontendEvents','TXT_CALENDAR_CONFIRM_FRONTEND_EVENTS','2','',3,'TXT_CALENDAR_ACTIVATE,TXT_CALENDAR_DEACTIVATE','',6);
INSERT INTO `contrexx_module_calendar_settings` (`id`, `section_id`, `name`, `title`, `value`, `info`, `type`, `options`, `special`, `order`) VALUES (62,19,'placeDataForm','','0','',5,'','getPlaceDataDorpdown',8);
INSERT INTO `contrexx_module_calendar_settings` (`id`, `section_id`, `name`, `title`, `value`, `info`, `type`, `options`, `special`, `order`) VALUES (40,17,'separatorDateDetail','TXT_CALENDAR_SEPARATOR_DATE','1','TXT_CALENDAR_SEPARATOR_DATE_INFO',5,'TXT_CALENDAR_SEPARATOR_SPACE,TXT_CALENDAR_SEPARATOR_HYPHEN,TXT_CALENDAR_SEPARATOR_COLON,TXT_CALENDAR_SEPARATOR_TO','',1);
INSERT INTO `contrexx_module_calendar_settings` (`id`, `section_id`, `name`, `title`, `value`, `info`, `type`, `options`, `special`, `order`) VALUES (41,17,'separatorTimeDetail','TXT_CALENDAR_SEPARATOR_TIME','3','TXT_CALENDAR_SEPARATOR_TIME_INFO',5,'TXT_CALENDAR_SEPARATOR_SPACE,TXT_CALENDAR_SEPARATOR_HYPHEN,TXT_CALENDAR_SEPARATOR_COLON,TXT_CALENDAR_SEPARATOR_TO','',2);
INSERT INTO `contrexx_module_calendar_settings` (`id`, `section_id`, `name`, `title`, `value`, `info`, `type`, `options`, `special`, `order`) VALUES (42,17,'separatorDateTimeDetail','TXT_CALENDAR_SEPARATOR_DATE_TIME','3','TXT_CALENDAR_SEPARATOR_DATE_TIME_INFO',5,'TXT_CALENDAR_SEPARATOR_NOTHING,TXT_CALENDAR_SEPARATOR_SPACE,TXT_CALENDAR_SEPARATOR_BREAK,TXT_CALENDAR_SEPARATOR_HYPHEN,TXT_CALENDAR_SEPARATOR_COLON','',3);
INSERT INTO `contrexx_module_calendar_settings` (`id`, `section_id`, `name`, `title`, `value`, `info`, `type`, `options`, `special`, `order`) VALUES (43,17,'separatorSeveralDaysDetail','TXT_CALENDAR_SEPARATOR_SEVERAL_DAYS','2','TXT_CALENDAR_SEPARATOR_SEVERAL_DAYS_INFO',5,'TXT_CALENDAR_SEPARATOR_SPACE,TXT_CALENDAR_SEPARATOR_HYPHEN,TXT_CALENDAR_SEPARATOR_TO,TXT_CALENDAR_SEPARATOR_BREAK','',4);
INSERT INTO `contrexx_module_calendar_settings` (`id`, `section_id`, `name`, `title`, `value`, `info`, `type`, `options`, `special`, `order`) VALUES (44,17,'showClockDetail','TXT_CALENDAR_SHOW_CLOCK','1','TXT_CALENDAR_SEPARATOR_SHOW_CLOCK_INFO',3,'TXT_CALENDAR_ACTIVATE,TXT_CALENDAR_DEACTIVATE','',5);
INSERT INTO `contrexx_module_calendar_settings` (`id`, `section_id`, `name`, `title`, `value`, `info`, `type`, `options`, `special`, `order`) VALUES (45,17,'showStartDateDetail','TXT_CALENDAR_SHOW_START_DATE','1','TXT_CALENDAR_SHOW_START_DATE_INFO',3,'TXT_CALENDAR_ACTIVATE,TXT_CALENDAR_DEACTIVATE','',6);
INSERT INTO `contrexx_module_calendar_settings` (`id`, `section_id`, `name`, `title`, `value`, `info`, `type`, `options`, `special`, `order`) VALUES (46,17,'showEndDateDetail','TXT_CALENDAR_SHOW_END_DATE','1','TXT_CALENDAR_SHOW_END_DATE_INFO',3,'TXT_CALENDAR_ACTIVATE,TXT_CALENDAR_DEACTIVATE','',7);
INSERT INTO `contrexx_module_calendar_settings` (`id`, `section_id`, `name`, `title`, `value`, `info`, `type`, `options`, `special`, `order`) VALUES (47,17,'showStartTimeDetail','TXT_CALENDAR_SHOW_START_TIME','1','TXT_CALENDAR_SHOW_START_TIME_INFO',3,'TXT_CALENDAR_ACTIVATE,TXT_CALENDAR_DEACTIVATE','',8);
INSERT INTO `contrexx_module_calendar_settings` (`id`, `section_id`, `name`, `title`, `value`, `info`, `type`, `options`, `special`, `order`) VALUES (48,17,'showEndTimeDetail','TXT_CALENDAR_SHOW_END_TIME','1','TXT_CALENDAR_SHOW_END_TIME_INFO',3,'TXT_CALENDAR_ACTIVATE,TXT_CALENDAR_DEACTIVATE','',9);
INSERT INTO `contrexx_module_calendar_settings` (`id`, `section_id`, `name`, `title`, `value`, `info`, `type`, `options`, `special`, `order`) VALUES (49,16,'separatorDateList','TXT_CALENDAR_SEPARATOR_DATE','1','TXT_CALENDAR_SEPARATOR_DATE_INFO',5,'TXT_CALENDAR_SEPARATOR_SPACE,TXT_CALENDAR_SEPARATOR_HYPHEN,TXT_CALENDAR_SEPARATOR_COLON,TXT_CALENDAR_SEPARATOR_TO','',1);
INSERT INTO `contrexx_module_calendar_settings` (`id`, `section_id`, `name`, `title`, `value`, `info`, `type`, `options`, `special`, `order`) VALUES (50,16,'separatorTimeList','TXT_CALENDAR_SEPARATOR_TIME','1','TXT_CALENDAR_SEPARATOR_TIME_INFO',5,'TXT_CALENDAR_SEPARATOR_SPACE,TXT_CALENDAR_SEPARATOR_HYPHEN,TXT_CALENDAR_SEPARATOR_COLON,TXT_CALENDAR_SEPARATOR_TO','',2);
INSERT INTO `contrexx_module_calendar_settings` (`id`, `section_id`, `name`, `title`, `value`, `info`, `type`, `options`, `special`, `order`) VALUES (51,16,'separatorDateTimeList','TXT_CALENDAR_SEPARATOR_DATE_TIME','1','TXT_CALENDAR_SEPARATOR_DATE_TIME_INFO',5,'TXT_CALENDAR_SEPARATOR_NOTHING,TXT_CALENDAR_SEPARATOR_SPACE,TXT_CALENDAR_SEPARATOR_BREAK,TXT_CALENDAR_SEPARATOR_HYPHEN,TXT_CALENDAR_SEPARATOR_COLON','',3);
INSERT INTO `contrexx_module_calendar_settings` (`id`, `section_id`, `name`, `title`, `value`, `info`, `type`, `options`, `special`, `order`) VALUES (52,16,'separatorSeveralDaysList','TXT_CALENDAR_SEPARATOR_SEVERAL_DAYS','2','TXT_CALENDAR_SEPARATOR_SEVERAL_DAYS_INFO',5,'TXT_CALENDAR_SEPARATOR_SPACE,TXT_CALENDAR_SEPARATOR_HYPHEN,TXT_CALENDAR_SEPARATOR_TO,TXT_CALENDAR_SEPARATOR_BREAK','',4);
INSERT INTO `contrexx_module_calendar_settings` (`id`, `section_id`, `name`, `title`, `value`, `info`, `type`, `options`, `special`, `order`) VALUES (53,16,'showClockList','TXT_CALENDAR_SHOW_CLOCK','1','TXT_CALENDAR_SEPARATOR_SHOW_CLOCK_INFO',3,'TXT_CALENDAR_ACTIVATE,TXT_CALENDAR_DEACTIVATE','',5);
INSERT INTO `contrexx_module_calendar_settings` (`id`, `section_id`, `name`, `title`, `value`, `info`, `type`, `options`, `special`, `order`) VALUES (54,16,'showStartDateList','TXT_CALENDAR_SHOW_START_DATE','1','TXT_CALENDAR_SHOW_START_DATE_INFO',3,'TXT_CALENDAR_ACTIVATE,TXT_CALENDAR_DEACTIVATE','',6);
INSERT INTO `contrexx_module_calendar_settings` (`id`, `section_id`, `name`, `title`, `value`, `info`, `type`, `options`, `special`, `order`) VALUES (55,16,'showEndDateList','TXT_CALENDAR_SHOW_END_DATE','2','TXT_CALENDAR_SHOW_END_DATE_INFO',3,'TXT_CALENDAR_ACTIVATE,TXT_CALENDAR_DEACTIVATE','',7);
INSERT INTO `contrexx_module_calendar_settings` (`id`, `section_id`, `name`, `title`, `value`, `info`, `type`, `options`, `special`, `order`) VALUES (56,16,'showStartTimeList','TXT_CALENDAR_SHOW_START_TIME','2','TXT_CALENDAR_SHOW_START_TIME_INFO',3,'TXT_CALENDAR_ACTIVATE,TXT_CALENDAR_DEACTIVATE','',8);
INSERT INTO `contrexx_module_calendar_settings` (`id`, `section_id`, `name`, `title`, `value`, `info`, `type`, `options`, `special`, `order`) VALUES (57,16,'showEndTimeList','TXT_CALENDAR_SHOW_END_TIME','2','TXT_CALENDAR_SHOW_END_TIME_INFO',3,'TXT_CALENDAR_ACTIVATE,TXT_CALENDAR_DEACTIVATE','',9);
INSERT INTO `contrexx_module_calendar_settings` (`id`, `section_id`, `name`, `title`, `value`, `info`, `type`, `options`, `special`, `order`) VALUES (58,5,'maxSeriesEndsYear','TXT_CALENDAR_MAX_SERIES_ENDS_YEAR','0','TXT_CALENDAR_MAX_SERIES_ENDS_YEAR_INFO',5,'TXT_CALENDAR_MAX_SERIES_ENDS_YEAR_1_YEARS,TXT_CALENDAR_MAX_SERIES_ENDS_YEAR_2_YEARS,TXT_CALENDAR_MAX_SERIES_ENDS_YEAR_3_YEARS,TXT_CALENDAR_MAX_SERIES_ENDS_YEAR_4_YEARS,TXT_CALENDAR_MAX_SERIES_ENDS_YEAR_5_YEARS','',9);
INSERT INTO `contrexx_module_calendar_settings` (`id`, `section_id`, `name`, `title`, `value`, `info`, `type`, `options`, `special`, `order`) VALUES (59,5,'showEventsOnlyInActiveLanguage','TXT_CALENDAR_SHOW_EVENTS_ONLY_IN_ACTIVE_LANGUAGE','1','',3,'TXT_CALENDAR_ACTIVATE,TXT_CALENDAR_DEACTIVATE','',10);
INSERT INTO `contrexx_module_calendar_settings` (`id`, `section_id`, `name`, `title`, `value`, `info`, `type`, `options`, `special`, `order`) VALUES (60,16,'listViewPreview','TXT_CALENDAR_SHOW_PREVIEW','0','',7,'','listPreview',10);
INSERT INTO `contrexx_module_calendar_settings` (`id`, `section_id`, `name`, `title`, `value`, `info`, `type`, `options`, `special`, `order`) VALUES (61,17,'detailViewPreview','TXT_CALENDAR_SHOW_PREVIEW','0','',7,'','detailPreview',10);
INSERT INTO `contrexx_module_calendar_settings` (`id`, `section_id`, `name`, `title`, `value`, `info`, `type`, `options`, `special`, `order`) VALUES (20,19,'placeData','TXT_CALENDAR_PLACE_DATA','1','TXT_CALENDAR_PLACE_DATA_STATUS_INFO',3,'TXT_CALENDAR_PLACE_DATA_DEFAULT,TXT_CALENDAR_PLACE_DATA_FROM_MEDIADIR,TXT_CALENDAR_PLACE_DATA_FROM_BOTH','',7);
INSERT INTO `contrexx_module_calendar_settings` (`id`, `section_id`, `name`, `title`, `value`, `info`, `type`, `options`, `special`, `order`) VALUES (63,19,'placeDataHost','TXT_CALENDAR_PLACE_DATA_HOST','1','TXT_CALENDAR_PLACE_DATA_STATUS_INFO',3,'TXT_CALENDAR_PLACE_DATA_DEFAULT,TXT_CALENDAR_PLACE_DATA_FROM_MEDIADIR,TXT_CALENDAR_PLACE_DATA_FROM_BOTH','',9);
INSERT INTO `contrexx_module_calendar_settings` (`id`, `section_id`, `name`, `title`, `value`, `info`, `type`, `options`, `special`, `order`) VALUES (64,19,'placeDataHostForm','','0','',5,'','getPlaceDataDorpdown',10);
INSERT INTO `contrexx_module_calendar_settings` (`id`, `section_id`, `name`, `title`, `value`, `info`, `type`, `options`, `special`, `order`) VALUES (65,5,'frontendPastEvents','TXT_CALENDAR_FRONTEND_PAST_EVENTS','0','',5,'TXT_CALENDAR_FRONTEND_PAST_EVENTS_DAY,TXT_CALENDAR_FRONTEND_PAST_EVENTS_END','',15);
INSERT INTO `contrexx_module_calendar_settings` (`id`, `section_id`, `name`, `title`, `value`, `info`, `type`, `options`, `special`, `order`) VALUES (66,5,'constrainAdditionalRecurrences','TXT_CALENDAR_CONSTRAIN_ADDITIONAL_RECURRENCES','1','TXT_CALENDAR_CONSTRAIN_ADDITIONAL_RECURRENCES_INFO','3','TXT_CALENDAR_ACTIVATE,TXT_CALENDAR_DEACTIVATE','','8');
INSERT INTO `contrexx_module_calendar_settings` (`id`, `section_id`, `name`, `title`, `value`, `info`, `type`, `options`, `special`, `order`) VALUES (67,5,'seriesDouranceType','TXT_CALENDAR_DEFAULT_DOURANCE_TYPE','0','','5','TXT_CALENDAR_SERIES_PATTERN_NO_ENDDATE,TXT_CALENDAR_SERIES_PATTERN_END_AFTER_X_OCCURRENCES,TXT_CALENDAR_SERIES_PATTERN_END_BY_DATE','','11');
INSERT INTO `contrexx_module_calendar_settings` (`id`, `section_id`, `name`, `title`, `value`, `info`, `type`, `options`, `special`, `order`) VALUES (68,5,'seriesDouranceEvents','TXT_CALENDAR_DEFAULT_OCCURRENCES_COUNT','5','TXT_CALENDAR_DEFAULT_OCCURRENCES_COUNT_TOOLTIP','1','','','12');
INSERT INTO `contrexx_module_calendar_settings` (`id`, `section_id`, `name`, `title`, `value`, `info`, `type`, `options`, `special`, `order`) VALUES (69,5,'backendSortOrder','TXT_CALENDAR_BACKEND_SORT_ORDER','0','','5','TXT_CALENDAR_ASC,TXT_CALENDAR_DESC','','13');
INSERT INTO `contrexx_module_calendar_settings` (`id`, `section_id`, `name`, `title`, `value`, `info`, `type`, `options`, `special`, `order`) VALUES (70,5,'useWaitlist','TXT_CALENDAR_USE_WAITLIST','2','TXT_CALENDAR_USE_WAITLIST_TOOLTIP','3','TXT_CALENDAR_ACTIVATE,TXT_CALENDAR_DEACTIVATE','','16');
INSERT INTO `contrexx_module_calendar_settings_section` (`id`, `parent`, `order`, `name`, `title`) VALUES (5,1,0,'global','TXT_CALENDAR_GLOBAL');
INSERT INTO `contrexx_module_calendar_settings_section` (`id`, `parent`, `order`, `name`, `title`) VALUES (6,1,1,'headlines','TXT_CALENDAR_HEADLINES');
INSERT INTO `contrexx_module_calendar_settings_section` (`id`, `parent`, `order`, `name`, `title`) VALUES (1,0,0,'global','');
INSERT INTO `contrexx_module_calendar_settings_section` (`id`, `parent`, `order`, `name`, `title`) VALUES (2,0,1,'form','');
INSERT INTO `contrexx_module_calendar_settings_section` (`id`, `parent`, `order`, `name`, `title`) VALUES (3,0,2,'mails','');
INSERT INTO `contrexx_module_calendar_settings_section` (`id`, `parent`, `order`, `name`, `title`) VALUES (4,0,3,'hosts','');
INSERT INTO `contrexx_module_calendar_settings_section` (`id`, `parent`, `order`, `name`, `title`) VALUES (7,4,0,'publication','TXT_CALENDAR_PUBLICATION');
INSERT INTO `contrexx_module_calendar_settings_section` (`id`, `parent`, `order`, `name`, `title`) VALUES (8,1,2,'categories','TXT_CALENDAR_CATEGORIES');
INSERT INTO `contrexx_module_calendar_settings_section` (`id`, `parent`, `order`, `name`, `title`) VALUES (14,0,5,'dateDisplay','TXT_CALENDAR_DATE_DISPLAY');
INSERT INTO `contrexx_module_calendar_settings_section` (`id`, `parent`, `order`, `name`, `title`) VALUES (15,14,0,'dateGlobal','TXT_CALENDAR_GLOBAL');
INSERT INTO `contrexx_module_calendar_settings_section` (`id`, `parent`, `order`, `name`, `title`) VALUES (16,14,1,'dateDisplayList','TXT_CALENDAR_DATE_DISPLAY_LIST');
INSERT INTO `contrexx_module_calendar_settings_section` (`id`, `parent`, `order`, `name`, `title`) VALUES (17,14,2,'dateDisplayDetail','TXT_CALENDAR_DATE_DISPLAY_DETAIL');
INSERT INTO `contrexx_module_calendar_settings_section` (`id`, `parent`, `order`, `name`, `title`) VALUES (18,1,3,'frontend_submission','TXT_CALENDAR_FRONTEND_SUBMISSION');
INSERT INTO `contrexx_module_calendar_settings_section` (`id`, `parent`, `order`, `name`, `title`) VALUES (19,1,4,'location_host','TXT_CALENDAR_EVENT_LOCATION');
INSERT INTO `contrexx_module_contact_form` (`id`, `mails`, `sender_email`, `sender_name`, `showForm`, `use_captcha`, `use_custom_style`, `save_data_in_crm`, `send_copy`, `use_email_of_sender`, `html_mail`, `send_attachment`, `crm_customer_groups`, `send_multiple_reply`) VALUES (1,'','','',0,1,0,0,0,0,1,0,NULL,0);
INSERT INTO `contrexx_module_contact_form_field` (`id`, `id_form`, `type`, `special_type`, `is_required`, `check_type`, `order_id`) VALUES (74,1,'textarea','','1',1,4);
INSERT INTO `contrexx_module_contact_form_field` (`id`, `id_form`, `type`, `special_type`, `is_required`, `check_type`, `order_id`) VALUES (73,1,'special','access_email','1',2,3);
INSERT INTO `contrexx_module_contact_form_field` (`id`, `id_form`, `type`, `special_type`, `is_required`, `check_type`, `order_id`) VALUES (72,1,'special','access_company','',1,2);
INSERT INTO `contrexx_module_contact_form_field` (`id`, `id_form`, `type`, `special_type`, `is_required`, `check_type`, `order_id`) VALUES (71,1,'special','access_firstname','1',1,0);
INSERT INTO `contrexx_module_contact_form_field` (`id`, `id_form`, `type`, `special_type`, `is_required`, `check_type`, `order_id`) VALUES (76,1,'special','access_lastname','',1,1);
INSERT INTO `contrexx_module_contact_form_field_lang` (`id`, `fieldID`, `langID`, `name`, `attributes`) VALUES (47,74,2,'Message','');
INSERT INTO `contrexx_module_contact_form_field_lang` (`id`, `fieldID`, `langID`, `name`, `attributes`) VALUES (46,73,2,'E-Mail','');
INSERT INTO `contrexx_module_contact_form_field_lang` (`id`, `fieldID`, `langID`, `name`, `attributes`) VALUES (45,72,2,'Company name','');
INSERT INTO `contrexx_module_contact_form_field_lang` (`id`, `fieldID`, `langID`, `name`, `attributes`) VALUES (44,71,2,'Name','');
INSERT INTO `contrexx_module_contact_form_field_lang` (`id`, `fieldID`, `langID`, `name`, `attributes`) VALUES (43,74,1,'Bemerkung','');
INSERT INTO `contrexx_module_contact_form_field_lang` (`id`, `fieldID`, `langID`, `name`, `attributes`) VALUES (42,73,1,'E-Mail','');
INSERT INTO `contrexx_module_contact_form_field_lang` (`id`, `fieldID`, `langID`, `name`, `attributes`) VALUES (41,72,1,'Firma','');
INSERT INTO `contrexx_module_contact_form_field_lang` (`id`, `fieldID`, `langID`, `name`, `attributes`) VALUES (40,71,1,'Name','');
INSERT INTO `contrexx_module_contact_form_field_lang` (`id`, `fieldID`, `langID`, `name`, `attributes`) VALUES (50,76,1,'Nachname','');
INSERT INTO `contrexx_module_contact_form_field_lang` (`id`, `fieldID`, `langID`, `name`, `attributes`) VALUES (51,76,2,'Surname','');
INSERT INTO `contrexx_module_contact_form_lang` (`id`, `formID`, `langID`, `is_active`, `name`, `text`, `feedback`, `mailTemplate`, `subject`) VALUES (7,1,1,1,'Kontaktformular','Sie haben eine Frage zu unserer Unternehmung, unseren Produkten oder Dienstleistungen?<br />\r\nFüllen Sie bitte das untenstehende Formular aus und wir beantworten Ihre Anfrage schnell und unverbindlich.','Vielen Dank für Ihre Anfrage. Wir werden uns so schnell wie möglich mit Ihnen in Verbindung setzen.','<table>\r\n	<tbody><!-- BEGIN form_field -->\r\n		<tr>\r\n			<td>{FIELD_LABEL}</td>\r\n			<td>{FIELD_VALUE}</td>\r\n		</tr>\r\n		<!-- END form_field -->\r\n	</tbody>\r\n</table>\r\n','');
INSERT INTO `contrexx_module_contact_form_lang` (`id`, `formID`, `langID`, `is_active`, `name`, `text`, `feedback`, `mailTemplate`, `subject`) VALUES (8,1,2,1,'Contact','Sie haben eine Frage zu unserer Unternehmung, unseren Produkten oder Dienstleistungen?<br />\r\nFüllen Sie bitte das untenstehende Formular aus und wir beantworten Ihre Anfrage schnell und unverbindlich.','Thank you for your interest. We will contact you as fast as possible.','<table>\r\n	<tbody><!-- BEGIN form_field -->\r\n		<tr>\r\n			<td>{FIELD_LABEL}</td>\r\n			<td>{FIELD_VALUE}</td>\r\n		</tr>\r\n		<!-- END form_field -->\r\n	</tbody>\r\n</table>\r\n','');
INSERT INTO `contrexx_module_contact_settings` (`setid`, `setname`, `setvalue`, `status`) VALUES (2,'spamProtectionWordList','poker,casino,viagra,sex,porn',1);
INSERT INTO `contrexx_module_contact_settings` (`setid`, `setname`, `setvalue`, `status`) VALUES (3,'fieldMetaDate','1',1);
INSERT INTO `contrexx_module_contact_settings` (`setid`, `setname`, `setvalue`, `status`) VALUES (4,'fieldMetaHost','0',1);
INSERT INTO `contrexx_module_contact_settings` (`setid`, `setname`, `setvalue`, `status`) VALUES (5,'fieldMetaLang','0',1);
INSERT INTO `contrexx_module_contact_settings` (`setid`, `setname`, `setvalue`, `status`) VALUES (6,'fieldMetaIP','0',1);
INSERT INTO `contrexx_module_contact_settings` (`setid`, `setname`, `setvalue`, `status`) VALUES (7,'fieldMetaBrowser','0',1);
INSERT INTO `contrexx_module_contact_settings` (`setid`, `setname`, `setvalue`, `status`) VALUES (8,'storeFormSubmissions','0',1);
INSERT INTO `contrexx_module_crm_company_size` (`id`, `company_size`, `sorting`, `status`) VALUES (1,'1',1,1);
INSERT INTO `contrexx_module_crm_company_size` (`id`, `company_size`, `sorting`, `status`) VALUES (2,'2 - 9',2,1);
INSERT INTO `contrexx_module_crm_company_size` (`id`, `company_size`, `sorting`, `status`) VALUES (3,'10 - 19',3,1);
INSERT INTO `contrexx_module_crm_company_size` (`id`, `company_size`, `sorting`, `status`) VALUES (4,'20 - 49',4,1);
INSERT INTO `contrexx_module_crm_company_size` (`id`, `company_size`, `sorting`, `status`) VALUES (5,'50 - 99',5,1);
INSERT INTO `contrexx_module_crm_company_size` (`id`, `company_size`, `sorting`, `status`) VALUES (6,'100 - 199',6,1);
INSERT INTO `contrexx_module_crm_company_size` (`id`, `company_size`, `sorting`, `status`) VALUES (7,'200 - 749',7,1);
INSERT INTO `contrexx_module_crm_company_size` (`id`, `company_size`, `sorting`, `status`) VALUES (8,'750 - 999',8,1);
INSERT INTO `contrexx_module_crm_company_size` (`id`, `company_size`, `sorting`, `status`) VALUES (9,'1\'000 - 4\'999',9,1);
INSERT INTO `contrexx_module_crm_company_size` (`id`, `company_size`, `sorting`, `status`) VALUES (10,'> 5\'000',10,1);
INSERT INTO `contrexx_module_crm_contacts` (`id`, `customer_id`, `customer_type`, `customer_name`, `customer_website`, `customer_addedby`, `company_size`, `customer_currency`, `contact_amount`, `contact_familyname`, `contact_title`, `contact_role`, `contact_customer`, `contact_language`, `gender`, `notes`, `industry_type`, `contact_type`, `user_account`, `datasource`, `profile_picture`, `status`, `added_date`, `updated_date`) VALUES(1, '', 3, 'Cloudrexx AG', NULL, 1, 0, 1, '', '', '', '', 0, 1, 0, '', 0, 1, 0, 1, 'cloudrexx_schwarz_hg_transparent_square.png', 1, '2018-01-17', '2018-01-17 12:24:46');
INSERT INTO `contrexx_module_crm_currency` (`id`, `name`, `active`, `pos`, `default_currency`) VALUES (1,'CHF',1,0,1);
INSERT INTO `contrexx_module_crm_currency` (`id`, `name`, `active`, `pos`, `default_currency`) VALUES (2,'EUR',1,0,0);
INSERT INTO `contrexx_module_crm_currency` (`id`, `name`, `active`, `pos`, `default_currency`) VALUES (3,'USD',1,0,0);
INSERT INTO `contrexx_module_crm_currency` (`id`, `name`, `active`, `pos`, `default_currency`) VALUES (4,'JPY',1,0,0);
INSERT INTO `contrexx_module_crm_currency` (`id`, `name`, `active`, `pos`, `default_currency`) VALUES (5,'CNY',1,0,0);
INSERT INTO `contrexx_module_crm_currency` (`id`, `name`, `active`, `pos`, `default_currency`) VALUES (6,'GPB',1,0,0);
INSERT INTO `contrexx_module_crm_currency` (`id`, `name`, `active`, `pos`, `default_currency`) VALUES (7,'BRL',1,0,0);
INSERT INTO `contrexx_module_crm_customer_contact_address` (`id`, `address`, `city`, `state`, `zip`, `country`, `Address_Type`, `is_primary`, `contact_id`) VALUES(1, '', '', '', '', '', 2, '1', 1);
INSERT INTO `contrexx_module_crm_customer_contact_emails` (`id`, `email`, `email_type`, `is_primary`, `contact_id`) VALUES(1, 'info@cloudrexx.com', 1, '1', 1);
INSERT INTO `contrexx_module_crm_customer_contact_phone` (`id`, `phone`, `phone_type`, `is_primary`, `contact_id`) VALUES(1, '+41 33 550 02 55', 1, '1', 1);
INSERT INTO `contrexx_module_crm_customer_contact_social_network` (`id`, `url`, `url_profile`, `is_primary`, `contact_id`) VALUES(1, 'https://www.facebook.com/cloudrexx/', 4, '1', 1);
INSERT INTO `contrexx_module_crm_customer_contact_websites` (`id`, `url`, `url_profile`, `is_primary`, `contact_id`) VALUES(1, 'https://www.cloudrexx.com', 3, '1', 1);
INSERT INTO `contrexx_module_crm_customer_types` (`id`, `label`, `active`, `pos`, `default`) VALUES (1,'Einzelunternehmen',1,1,1);
INSERT INTO `contrexx_module_crm_customer_types` (`id`, `label`, `active`, `pos`, `default`) VALUES (2,'Einfache Gesellschaft',1,2,0);
INSERT INTO `contrexx_module_crm_customer_types` (`id`, `label`, `active`, `pos`, `default`) VALUES (3,'Kollektivgesellschaft',1,3,0);
INSERT INTO `contrexx_module_crm_customer_types` (`id`, `label`, `active`, `pos`, `default`) VALUES (4,'Kommanditgesellschaft',1,4,0);
INSERT INTO `contrexx_module_crm_customer_types` (`id`, `label`, `active`, `pos`, `default`) VALUES (5,'Aktiengesellschaft (AG)',1,5,0);
INSERT INTO `contrexx_module_crm_customer_types` (`id`, `label`, `active`, `pos`, `default`) VALUES (6,'Gesellschaft mit beschränkter Haftung (GmbH)',1,6,0);
INSERT INTO `contrexx_module_crm_customer_types` (`id`, `label`, `active`, `pos`, `default`) VALUES (7,'Genossenschaft',1,7,0);
INSERT INTO `contrexx_module_crm_customer_types` (`id`, `label`, `active`, `pos`, `default`) VALUES (8,'Verein',1,8,0);
INSERT INTO `contrexx_module_crm_customer_types` (`id`, `label`, `active`, `pos`, `default`) VALUES (9,'Stiftung',1,9,0);
INSERT INTO `contrexx_module_crm_customer_types` (`id`, `label`, `active`, `pos`, `default`) VALUES (10,'Privatperson',1,10,0);
INSERT INTO `contrexx_module_crm_datasources` (`id`, `datasource`, `status`) VALUES (1,'crm',1);
INSERT INTO `contrexx_module_crm_datasources` (`id`, `datasource`, `status`) VALUES (2,'web form',1);
INSERT INTO `contrexx_module_crm_datasources` (`id`, `datasource`, `status`) VALUES (3,'import',1);
INSERT INTO `contrexx_module_crm_industry_type_local` (`entry_id`, `lang_id`, `value`) VALUES (1,1,'Land- und Forstwirtschaft, Fischerei');
INSERT INTO `contrexx_module_crm_industry_type_local` (`entry_id`, `lang_id`, `value`) VALUES (2,1,'Bergbau und Gewinnung von Steinen und Erden');
INSERT INTO `contrexx_module_crm_industry_type_local` (`entry_id`, `lang_id`, `value`) VALUES (3,1,'Verarbeitendes Gewerbe/Herstellung von Waren');
INSERT INTO `contrexx_module_crm_industry_type_local` (`entry_id`, `lang_id`, `value`) VALUES (4,1,'Energieversorgung');
INSERT INTO `contrexx_module_crm_industry_type_local` (`entry_id`, `lang_id`, `value`) VALUES (5,1,'Wasserversorgung; Abwasser- und Abfallentsorgung und Beseitigung von Umweltverschmutzungen');
INSERT INTO `contrexx_module_crm_industry_type_local` (`entry_id`, `lang_id`, `value`) VALUES (6,1,'Baugewerbe/Bau');
INSERT INTO `contrexx_module_crm_industry_type_local` (`entry_id`, `lang_id`, `value`) VALUES (7,1,'Handel; Instandhaltung und Reparatur von Kraftfahrzeugen');
INSERT INTO `contrexx_module_crm_industry_type_local` (`entry_id`, `lang_id`, `value`) VALUES (8,1,'Verkehr und Lagerei');
INSERT INTO `contrexx_module_crm_industry_type_local` (`entry_id`, `lang_id`, `value`) VALUES (9,1,'Gastgewerbe/Beherbergung und Gastronomie');
INSERT INTO `contrexx_module_crm_industry_type_local` (`entry_id`, `lang_id`, `value`) VALUES (10,1,'Information und Kommunikation');
INSERT INTO `contrexx_module_crm_industry_type_local` (`entry_id`, `lang_id`, `value`) VALUES (11,1,'Erbringung von Finanz- und Versicherungsdienstleistungen');
INSERT INTO `contrexx_module_crm_industry_type_local` (`entry_id`, `lang_id`, `value`) VALUES (12,1,'Grundstücks- und Wohnungswesen');
INSERT INTO `contrexx_module_crm_industry_type_local` (`entry_id`, `lang_id`, `value`) VALUES (13,1,'Erbringung von freiberuflichen, wissenschaftlichen und technischen Dienstleistungen');
INSERT INTO `contrexx_module_crm_industry_type_local` (`entry_id`, `lang_id`, `value`) VALUES (14,1,'Erbringung von sonstigen wirtschaftlichen Dienstleistungen');
INSERT INTO `contrexx_module_crm_industry_type_local` (`entry_id`, `lang_id`, `value`) VALUES (15,1,'Öffentliche Verwaltung, Verteidigung; Sozialversicherung');
INSERT INTO `contrexx_module_crm_industry_type_local` (`entry_id`, `lang_id`, `value`) VALUES (16,1,'Erziehung und Unterricht');
INSERT INTO `contrexx_module_crm_industry_type_local` (`entry_id`, `lang_id`, `value`) VALUES (17,1,'Gesundheits- und Sozialwesen');
INSERT INTO `contrexx_module_crm_industry_type_local` (`entry_id`, `lang_id`, `value`) VALUES (18,1,'Kunst, Unterhaltung und Erholung');
INSERT INTO `contrexx_module_crm_industry_type_local` (`entry_id`, `lang_id`, `value`) VALUES (19,1,'Erbringung von sonstigen Dienstleistungen');
INSERT INTO `contrexx_module_crm_industry_type_local` (`entry_id`, `lang_id`, `value`) VALUES (20,1,'Private Haushalte mit Hauspersonal; Herstellung von Waren und Erbringung von Dienstleistungen durch private Haushalte für den Eigenbedarf ohne ausgeprägten Schwerpunkt');
INSERT INTO `contrexx_module_crm_industry_type_local` (`entry_id`, `lang_id`, `value`) VALUES (1,2,'Agriculture, forestry and fishing');
INSERT INTO `contrexx_module_crm_industry_type_local` (`entry_id`, `lang_id`, `value`) VALUES (2,2,'Mining and quarrying');
INSERT INTO `contrexx_module_crm_industry_type_local` (`entry_id`, `lang_id`, `value`) VALUES (3,2,'Manufacturing');
INSERT INTO `contrexx_module_crm_industry_type_local` (`entry_id`, `lang_id`, `value`) VALUES (4,2,'Energy supply');
INSERT INTO `contrexx_module_crm_industry_type_local` (`entry_id`, `lang_id`, `value`) VALUES (5,2,'Water supply, waste management');
INSERT INTO `contrexx_module_crm_industry_type_local` (`entry_id`, `lang_id`, `value`) VALUES (6,2,'Construction');
INSERT INTO `contrexx_module_crm_industry_type_local` (`entry_id`, `lang_id`, `value`) VALUES (7,2,'Trade; repair of motor vehicles and motorcycles');
INSERT INTO `contrexx_module_crm_industry_type_local` (`entry_id`, `lang_id`, `value`) VALUES (8,2,'Transportation and storage');
INSERT INTO `contrexx_module_crm_industry_type_local` (`entry_id`, `lang_id`, `value`) VALUES (9,2,'Accommodation and food service activities');
INSERT INTO `contrexx_module_crm_industry_type_local` (`entry_id`, `lang_id`, `value`) VALUES (10,2,'Information and communication');
INSERT INTO `contrexx_module_crm_industry_type_local` (`entry_id`, `lang_id`, `value`) VALUES (11,2,'Financial and insurance activities');
INSERT INTO `contrexx_module_crm_industry_type_local` (`entry_id`, `lang_id`, `value`) VALUES (12,2,'Real estate activities');
INSERT INTO `contrexx_module_crm_industry_type_local` (`entry_id`, `lang_id`, `value`) VALUES (13,2,'Professional, scientific and technical activities');
INSERT INTO `contrexx_module_crm_industry_type_local` (`entry_id`, `lang_id`, `value`) VALUES (14,2,'Administrative and support service activities');
INSERT INTO `contrexx_module_crm_industry_type_local` (`entry_id`, `lang_id`, `value`) VALUES (15,2,'Public administration');
INSERT INTO `contrexx_module_crm_industry_type_local` (`entry_id`, `lang_id`, `value`) VALUES (16,2,'Education');
INSERT INTO `contrexx_module_crm_industry_type_local` (`entry_id`, `lang_id`, `value`) VALUES (17,2,'Human health and social work activities');
INSERT INTO `contrexx_module_crm_industry_type_local` (`entry_id`, `lang_id`, `value`) VALUES (18,2,'Arts, entertainment and recreation');
INSERT INTO `contrexx_module_crm_industry_type_local` (`entry_id`, `lang_id`, `value`) VALUES (19,2,'Other services');
INSERT INTO `contrexx_module_crm_industry_type_local` (`entry_id`, `lang_id`, `value`) VALUES (20,2,'Activities of households as employers and producers');
INSERT INTO `contrexx_module_crm_industry_types` (`id`, `parent_id`, `sorting`, `status`) VALUES (1,0,1,1);
INSERT INTO `contrexx_module_crm_industry_types` (`id`, `parent_id`, `sorting`, `status`) VALUES (2,0,2,1);
INSERT INTO `contrexx_module_crm_industry_types` (`id`, `parent_id`, `sorting`, `status`) VALUES (3,0,3,1);
INSERT INTO `contrexx_module_crm_industry_types` (`id`, `parent_id`, `sorting`, `status`) VALUES (4,0,4,1);
INSERT INTO `contrexx_module_crm_industry_types` (`id`, `parent_id`, `sorting`, `status`) VALUES (5,0,5,1);
INSERT INTO `contrexx_module_crm_industry_types` (`id`, `parent_id`, `sorting`, `status`) VALUES (6,0,6,1);
INSERT INTO `contrexx_module_crm_industry_types` (`id`, `parent_id`, `sorting`, `status`) VALUES (7,0,7,1);
INSERT INTO `contrexx_module_crm_industry_types` (`id`, `parent_id`, `sorting`, `status`) VALUES (8,0,8,1);
INSERT INTO `contrexx_module_crm_industry_types` (`id`, `parent_id`, `sorting`, `status`) VALUES (9,0,9,1);
INSERT INTO `contrexx_module_crm_industry_types` (`id`, `parent_id`, `sorting`, `status`) VALUES (10,0,10,1);
INSERT INTO `contrexx_module_crm_industry_types` (`id`, `parent_id`, `sorting`, `status`) VALUES (11,0,11,1);
INSERT INTO `contrexx_module_crm_industry_types` (`id`, `parent_id`, `sorting`, `status`) VALUES (12,0,12,1);
INSERT INTO `contrexx_module_crm_industry_types` (`id`, `parent_id`, `sorting`, `status`) VALUES (13,0,13,1);
INSERT INTO `contrexx_module_crm_industry_types` (`id`, `parent_id`, `sorting`, `status`) VALUES (14,0,14,1);
INSERT INTO `contrexx_module_crm_industry_types` (`id`, `parent_id`, `sorting`, `status`) VALUES (15,0,15,1);
INSERT INTO `contrexx_module_crm_industry_types` (`id`, `parent_id`, `sorting`, `status`) VALUES (16,0,16,1);
INSERT INTO `contrexx_module_crm_industry_types` (`id`, `parent_id`, `sorting`, `status`) VALUES (17,0,17,1);
INSERT INTO `contrexx_module_crm_industry_types` (`id`, `parent_id`, `sorting`, `status`) VALUES (18,0,18,1);
INSERT INTO `contrexx_module_crm_industry_types` (`id`, `parent_id`, `sorting`, `status`) VALUES (19,0,19,1);
INSERT INTO `contrexx_module_crm_industry_types` (`id`, `parent_id`, `sorting`, `status`) VALUES (20,0,20,1);
INSERT INTO `contrexx_module_crm_industry_types` (`id`, `parent_id`, `sorting`, `status`) VALUES (21,0,21,1);
INSERT INTO `contrexx_module_crm_industry_types` (`id`, `parent_id`, `sorting`, `status`) VALUES (22,0,22,1);
INSERT INTO `contrexx_module_crm_industry_types` (`id`, `parent_id`, `sorting`, `status`) VALUES (23,0,23,1);
INSERT INTO `contrexx_module_crm_industry_types` (`id`, `parent_id`, `sorting`, `status`) VALUES (24,0,24,1);
INSERT INTO `contrexx_module_crm_industry_types` (`id`, `parent_id`, `sorting`, `status`) VALUES (25,0,25,1);
INSERT INTO `contrexx_module_crm_industry_types` (`id`, `parent_id`, `sorting`, `status`) VALUES (26,0,26,1);
INSERT INTO `contrexx_module_crm_membership_local` (`entry_id`, `lang_id`, `value`) VALUES (25,2,'Lieferanten');
INSERT INTO `contrexx_module_crm_membership_local` (`entry_id`, `lang_id`, `value`) VALUES (25,1,'Lieferanten');
INSERT INTO `contrexx_module_crm_memberships` (`id`, `sorting`, `status`) VALUES (25,2,1);
INSERT INTO `contrexx_module_crm_notes` (`id`, `name`, `status`, `icon`, `pos`, `system_defined`) VALUES (42,'Gesprächsnotizen',1,'',1,0);
INSERT INTO `contrexx_module_crm_settings` (`setid`, `setname`, `setvalue`) VALUES (11,'customer_default_language_backend','0');
INSERT INTO `contrexx_module_crm_settings` (`setid`, `setname`, `setvalue`) VALUES (12,'customer_default_language_frontend','0');
INSERT INTO `contrexx_module_crm_settings` (`setid`, `setname`, `setvalue`) VALUES (13,'default_user_group','4');
INSERT INTO `contrexx_module_crm_settings` (`setid`, `setname`, `setvalue`) VALUES (14,'create_user_account','1');
INSERT INTO `contrexx_module_crm_settings` (`setid`, `setname`, `setvalue`) VALUES (15,'emp_default_user_group','3');
INSERT INTO `contrexx_module_crm_settings` (`setid`, `setname`, `setvalue`) VALUES (16,'user_account_mantatory','0');
INSERT INTO `contrexx_module_crm_settings` (`setid`, `setname`, `setvalue`) VALUES (17,'default_country_value','204');
INSERT INTO `contrexx_module_crm_settings` (`setid`, `setname`, `setvalue`) VALUES (18, 'contact_amount_enabled', '0');
INSERT INTO `contrexx_module_crm_stages` (`id`, `label`, `stage`, `status`, `sorting`) VALUES (51,'Auftragsbestätigung akzeptiert','90',1,90);
INSERT INTO `contrexx_module_crm_stages` (`id`, `label`, `stage`, `status`, `sorting`) VALUES (52,'Bedarfsaufnahme','10',1,10);
INSERT INTO `contrexx_module_crm_stages` (`id`, `label`, `stage`, `status`, `sorting`) VALUES (49,'Mündliche Zusage durch Entscheider','80',1,80);
INSERT INTO `contrexx_module_crm_stages` (`id`, `label`, `stage`, `status`, `sorting`) VALUES (50,'Vertrag unterzeichnet','100',1,100);
INSERT INTO `contrexx_module_crm_stages` (`id`, `label`, `stage`, `status`, `sorting`) VALUES (48,'Interne Beeinflusser für uns entschieden','70',1,70);
INSERT INTO `contrexx_module_crm_stages` (`id`, `label`, `stage`, `status`, `sorting`) VALUES (45,'Richtofferte / Grundofferte','20',1,20);
INSERT INTO `contrexx_module_crm_stages` (`id`, `label`, `stage`, `status`, `sorting`) VALUES (46,'Kunde favorisiert unser Angebot','50',1,50);
INSERT INTO `contrexx_module_crm_stages` (`id`, `label`, `stage`, `status`, `sorting`) VALUES (53,'Gute Gründe für engere Wahl','40',1,40);
INSERT INTO `contrexx_module_crm_stages` (`id`, `label`, `stage`, `status`, `sorting`) VALUES (47,'Beste Position, keine Mitbewerber mehr','60',1,60);
INSERT INTO `contrexx_module_crm_stages` (`id`, `label`, `stage`, `status`, `sorting`) VALUES (44,'Erste Evaluation durch Kunde ausgeführt','30',1,30);
INSERT INTO `contrexx_module_crm_stages` (`id`, `label`, `stage`, `status`, `sorting`) VALUES (56,'Auftrag nicht erhalten','1',1,110);
INSERT INTO `contrexx_module_crm_task_types` (`id`, `name`, `status`, `sorting`, `description`, `icon`, `system_defined`) VALUES (52,'Unterlagen zusenden',1,0,'','',0);
INSERT INTO `contrexx_module_downloads_settings` (`id`, `name`, `value`) VALUES (1,'overview_cols_count','2');
INSERT INTO `contrexx_module_downloads_settings` (`id`, `name`, `value`) VALUES (2,'overview_max_subcats','5');
INSERT INTO `contrexx_module_downloads_settings` (`id`, `name`, `value`) VALUES (3,'use_attr_size','1');
INSERT INTO `contrexx_module_downloads_settings` (`id`, `name`, `value`) VALUES (4,'use_attr_license','1');
INSERT INTO `contrexx_module_downloads_settings` (`id`, `name`, `value`) VALUES (5,'use_attr_version','1');
INSERT INTO `contrexx_module_downloads_settings` (`id`, `name`, `value`) VALUES (6,'use_attr_author','1');
INSERT INTO `contrexx_module_downloads_settings` (`id`, `name`, `value`) VALUES (7,'use_attr_website','1');
INSERT INTO `contrexx_module_downloads_settings` (`id`, `name`, `value`) VALUES (8,'most_viewed_file_count','5');
INSERT INTO `contrexx_module_downloads_settings` (`id`, `name`, `value`) VALUES (9,'most_downloaded_file_count','5');
INSERT INTO `contrexx_module_downloads_settings` (`id`, `name`, `value`) VALUES (10,'most_popular_file_count','5');
INSERT INTO `contrexx_module_downloads_settings` (`id`, `name`, `value`) VALUES (11,'newest_file_count','5');
INSERT INTO `contrexx_module_downloads_settings` (`id`, `name`, `value`) VALUES (12,'updated_file_count','5');
INSERT INTO `contrexx_module_downloads_settings` (`id`, `name`, `value`) VALUES (13,'new_file_time_limit','604800');
INSERT INTO `contrexx_module_downloads_settings` (`id`, `name`, `value`) VALUES (14,'updated_file_time_limit','604800');
INSERT INTO `contrexx_module_downloads_settings` (`id`, `name`, `value`) VALUES (15,'associate_user_to_groups','');
INSERT INTO `contrexx_module_downloads_settings` (`id`, `name`, `value`) VALUES (16,'use_attr_metakeys','1');
INSERT INTO `contrexx_module_downloads_settings` (`id`, `name`, `value`) VALUES (17,'downloads_sorting_order','newestToOldest');
INSERT INTO `contrexx_module_downloads_settings` (`id`, `name`, `value`) VALUES (18,'categories_sorting_order','alphabetic');
INSERT INTO `contrexx_module_downloads_settings` (`id`, `name`, `value`) VALUES (19,'list_downloads_current_lang','0');
INSERT INTO `contrexx_module_downloads_settings` (`id`, `name`, `value`) VALUES (20,'integrate_into_search_component','1');
INSERT INTO `contrexx_module_downloads_settings` (`id`, `name`, `value`) VALUES (21,'global_search_linking','detail');
INSERT INTO `contrexx_module_downloads_settings` (`id`, `name`, `value`) VALUES (22,'auto_file_naming','off');
INSERT INTO `contrexx_module_downloads_settings` (`id`, `name`, `value`) VALUES (23,'pretty_regex_pattern','');
INSERT INTO `contrexx_module_filesharing_mail_template` (`id`, `lang_id`, `subject`, `content`) VALUES (1,1,'Jemand teilt eine Datei mit Ihnen','Guten Tag,\r\n\r\nJemand hat auf [[DOMAIN]] eine Datei mit Ihnen geteilt.\r\n\r\n<!-- BEGIN filesharing_file -->\r\nDownload-Link: [[FILE_DOWNLOAD]]\r\n<!-- END filesharing_file -->\r\n\r\nDie Person hat eine Nachricht hinterlassen:\r\n[[MESSAGE]]\r\n\r\nFreundliche Grüsse');
INSERT INTO `contrexx_module_filesharing_mail_template` (`id`, `lang_id`, `subject`, `content`) VALUES (2,2,'Somebody is sharing a file with you','Hi,\r\n\r\nSomebody shared a file with you on [[DOMAIN]].\r\n\r\n<!-- BEGIN filesharing_file -->\r\nDownload link: [[FILE_DOWNLOAD]]\r\n<!-- END filesharing_file -->\r\n\r\nThe person has left a message for you:\r\n[[MESSAGE]]\r\n\r\nBest regards');
INSERT INTO `contrexx_module_gallery_settings` (`id`, `name`, `value`) VALUES (1,'max_images_upload','10');
INSERT INTO `contrexx_module_gallery_settings` (`id`, `name`, `value`) VALUES (2,'standard_quality','95');
INSERT INTO `contrexx_module_gallery_settings` (`id`, `name`, `value`) VALUES (3,'standard_size_proz','25');
INSERT INTO `contrexx_module_gallery_settings` (`id`, `name`, `value`) VALUES (4,'standard_width_abs','274');
INSERT INTO `contrexx_module_gallery_settings` (`id`, `name`, `value`) VALUES (6,'standard_height_abs','0');
INSERT INTO `contrexx_module_gallery_settings` (`id`, `name`, `value`) VALUES (7,'standard_size_type','abs');
INSERT INTO `contrexx_module_gallery_settings` (`id`, `name`, `value`) VALUES (8,'validation_show_limit','10');
INSERT INTO `contrexx_module_gallery_settings` (`id`, `name`, `value`) VALUES (9,'validation_standard_type','all');
INSERT INTO `contrexx_module_gallery_settings` (`id`, `name`, `value`) VALUES (11,'show_names','on');
INSERT INTO `contrexx_module_gallery_settings` (`id`, `name`, `value`) VALUES (12,'quality','95');
INSERT INTO `contrexx_module_gallery_settings` (`id`, `name`, `value`) VALUES (13,'show_comments','off');
INSERT INTO `contrexx_module_gallery_settings` (`id`, `name`, `value`) VALUES (14,'show_voting','off');
INSERT INTO `contrexx_module_gallery_settings` (`id`, `name`, `value`) VALUES (15,'enable_popups','on');
INSERT INTO `contrexx_module_gallery_settings` (`id`, `name`, `value`) VALUES (16,'image_width','4000');
INSERT INTO `contrexx_module_gallery_settings` (`id`, `name`, `value`) VALUES (17,'paging','30');
INSERT INTO `contrexx_module_gallery_settings` (`id`, `name`, `value`) VALUES (18,'show_latest','on');
INSERT INTO `contrexx_module_gallery_settings` (`id`, `name`, `value`) VALUES (19,'show_random','on');
INSERT INTO `contrexx_module_gallery_settings` (`id`, `name`, `value`) VALUES (20,'header_type','hierarchy');
INSERT INTO `contrexx_module_gallery_settings` (`id`, `name`, `value`) VALUES (21,'show_ext','on');
INSERT INTO `contrexx_module_gallery_settings` (`id`, `name`, `value`) VALUES (22,'show_file_name','off');
INSERT INTO `contrexx_module_gallery_settings` (`id`, `name`, `value`) VALUES (23,'slide_show','slideshow');
INSERT INTO `contrexx_module_gallery_settings` (`id`, `name`, `value`) VALUES (24,'slide_show_seconds','3');
INSERT INTO `contrexx_module_gallery_settings` (`id`, `name`, `value`) VALUES (25,'show_image_size','off');
INSERT INTO `contrexx_module_media_settings` (`name`, `value`) VALUES ('media1_frontend_changable','off');
INSERT INTO `contrexx_module_media_settings` (`name`, `value`) VALUES ('media2_frontend_changable','off');
INSERT INTO `contrexx_module_media_settings` (`name`, `value`) VALUES ('media3_frontend_changable','off');
INSERT INTO `contrexx_module_media_settings` (`name`, `value`) VALUES ('media4_frontend_changable','off');
INSERT INTO `contrexx_module_media_settings` (`name`, `value`) VALUES ('media1_frontend_managable','off');
INSERT INTO `contrexx_module_media_settings` (`name`, `value`) VALUES ('media2_frontend_managable','off');
INSERT INTO `contrexx_module_media_settings` (`name`, `value`) VALUES ('media3_frontend_managable','off');
INSERT INTO `contrexx_module_media_settings` (`name`, `value`) VALUES ('media4_frontend_managable','off');
INSERT INTO `contrexx_module_media_settings` (`name`, `value`) VALUES ('media1_frontend_search','off');
INSERT INTO `contrexx_module_media_settings` (`name`, `value`) VALUES ('media2_frontend_search','off');
INSERT INTO `contrexx_module_media_settings` (`name`, `value`) VALUES ('media3_frontend_search','off');
INSERT INTO `contrexx_module_media_settings` (`name`, `value`) VALUES ('media4_frontend_search','off');
INSERT INTO `contrexx_module_media_settings` (`name`, `value`) VALUES ('media1_pretty_file_names','off');
INSERT INTO `contrexx_module_media_settings` (`name`, `value`) VALUES ('media2_pretty_file_names','off');
INSERT INTO `contrexx_module_media_settings` (`name`, `value`) VALUES ('media3_pretty_file_names','off');
INSERT INTO `contrexx_module_media_settings` (`name`, `value`) VALUES ('media4_pretty_file_names','off');
INSERT INTO `contrexx_module_media_settings` (`name`, `value`) VALUES ('media1_pretty_file_name_regexp','');
INSERT INTO `contrexx_module_media_settings` (`name`, `value`) VALUES ('media2_pretty_file_name_regexp','');
INSERT INTO `contrexx_module_media_settings` (`name`, `value`) VALUES ('media3_pretty_file_name_regexp','');
INSERT INTO `contrexx_module_media_settings` (`name`, `value`) VALUES ('media4_pretty_file_name_regexp','');
INSERT INTO `contrexx_module_mediadir_inputfield_types` (`id`, `name`, `active`, `multi_lang`, `exp_search`, `comment`) VALUES (1,'text',1,1,1,'');
INSERT INTO `contrexx_module_mediadir_inputfield_types` (`id`, `name`, `active`, `multi_lang`, `exp_search`, `comment`) VALUES (2,'textarea',1,1,1,'');
INSERT INTO `contrexx_module_mediadir_inputfield_types` (`id`, `name`, `active`, `multi_lang`, `exp_search`, `comment`) VALUES (3,'dropdown',1,0,1,'');
INSERT INTO `contrexx_module_mediadir_inputfield_types` (`id`, `name`, `active`, `multi_lang`, `exp_search`, `comment`) VALUES (4,'radio',1,0,1,'');
INSERT INTO `contrexx_module_mediadir_inputfield_types` (`id`, `name`, `active`, `multi_lang`, `exp_search`, `comment`) VALUES (5,'checkbox',1,0,1,'');
INSERT INTO `contrexx_module_mediadir_inputfield_types` (`id`, `name`, `active`, `multi_lang`, `exp_search`, `comment`) VALUES (7,'file',1,1,0,'');
INSERT INTO `contrexx_module_mediadir_inputfield_types` (`id`, `name`, `active`, `multi_lang`, `exp_search`, `comment`) VALUES (8,'image',1,1,0,'');
INSERT INTO `contrexx_module_mediadir_inputfield_types` (`id`, `name`, `active`, `multi_lang`, `exp_search`, `comment`) VALUES (11,'classification',1,0,1,'');
INSERT INTO `contrexx_module_mediadir_inputfield_types` (`id`, `name`, `active`, `multi_lang`, `exp_search`, `comment`) VALUES (12,'link',1,1,0,'');
INSERT INTO `contrexx_module_mediadir_inputfield_types` (`id`, `name`, `active`, `multi_lang`, `exp_search`, `comment`) VALUES (13,'linkGroup',1,1,0,'');
INSERT INTO `contrexx_module_mediadir_inputfield_types` (`id`, `name`, `active`, `multi_lang`, `exp_search`, `comment`) VALUES (15,'googleMap',1,0,0,'');
INSERT INTO `contrexx_module_mediadir_inputfield_types` (`id`, `name`, `active`, `multi_lang`, `exp_search`, `comment`) VALUES (19,'wysiwyg',1,1,0,'');
INSERT INTO `contrexx_module_mediadir_inputfield_types` (`id`, `name`, `active`, `multi_lang`, `exp_search`, `comment`) VALUES (20,'mail',1,1,0,'');
INSERT INTO `contrexx_module_mediadir_inputfield_types` (`id`, `name`, `active`, `multi_lang`, `exp_search`, `comment`) VALUES (25,'country',1,0,1,'');
INSERT INTO `contrexx_module_mediadir_inputfield_types` (`id`, `name`, `active`, `multi_lang`, `exp_search`, `comment`) VALUES (31,'range',1,0,1,'');
INSERT INTO `contrexx_module_mediadir_inputfield_verifications` (`id`, `name`, `regex`) VALUES (1,'normal','.*');
INSERT INTO `contrexx_module_mediadir_inputfield_verifications` (`id`, `name`, `regex`) VALUES (2,'e-mail','^[a-zäàáâöôüûñéè0-9!\\#\\$\\%\\&\\\'\\*\\+\\/\\=\\?\\^_\\`\\{\\|\\}\\~-]+(?:\\.[a-zäàáâöôüûñéè0-9!\\#\\$\\%\\&\\\'\\*\\+\\/\\=\\?\\^_\\`\\{\\|\\}\\~-]+)*@(?:[a-zäàáâöôüûñéè0-9](?:[a-zäàáâöôüûñéè0-9-]*[a-zäàáâöôüûñéè0-9])?\\.)+[a-z0-9](?:[a-z0-9-]*[a-z0-9])?$');
INSERT INTO `contrexx_module_mediadir_inputfield_verifications` (`id`, `name`, `regex`) VALUES (3,'url','^(?:(?:ht|f)tps?\\:\\/\\/)?((([\\wÄÀÁÂÖÔÜÛÑÉÈäàáâöôüûñéè\\d-]{1,}\\.)+[a-z]{2,})|((?:(?:25[0-5]|2[0-4]\\d|[01]\\d\\d|\\d?\\d)(?:(\\.?\\d)\\.)) {4}))(?:[\\w\\d]+)?(\\/[\\w\\d\\-\\.\\?\\,\\\'\\/\\\\\\+\\&\\%\\$\\#\\=\\~]*)?$');
INSERT INTO `contrexx_module_mediadir_inputfield_verifications` (`id`, `name`, `regex`) VALUES (4,'letters','^[A-Za-zÄÀÁÂÖÔÜÛÑÉÈäàáâöôüûñéè\\ ]*[A-Za-zÄÀÁÂÖÔÜÛÑÉÈäàáâöôüûñéè]+[A-Za-zÄÀÁÂÖÔÜÛÑÉÈäàáâöôüûñéè\\ ]*$');
INSERT INTO `contrexx_module_mediadir_inputfield_verifications` (`id`, `name`, `regex`) VALUES (5,'numbers','^[0-9]*$');
INSERT INTO `contrexx_module_mediadir_mail_actions` (`id`, `name`, `default_recipient`, `need_auth`) VALUES (1,'newEntry','admin',0);
INSERT INTO `contrexx_module_mediadir_mail_actions` (`id`, `name`, `default_recipient`, `need_auth`) VALUES (2,'entryAdded','author',1);
INSERT INTO `contrexx_module_mediadir_mail_actions` (`id`, `name`, `default_recipient`, `need_auth`) VALUES (3,'entryConfirmed','author',1);
INSERT INTO `contrexx_module_mediadir_mail_actions` (`id`, `name`, `default_recipient`, `need_auth`) VALUES (4,'entryVoted','author',1);
INSERT INTO `contrexx_module_mediadir_mail_actions` (`id`, `name`, `default_recipient`, `need_auth`) VALUES (5,'entryDeleted','author',1);
INSERT INTO `contrexx_module_mediadir_mail_actions` (`id`, `name`, `default_recipient`, `need_auth`) VALUES (6,'entryEdited','author',1);
INSERT INTO `contrexx_module_mediadir_mail_actions` (`id`, `name`, `default_recipient`, `need_auth`) VALUES (8,'newComment','author',1);
INSERT INTO `contrexx_module_mediadir_mail_actions` (`id`, `name`, `default_recipient`, `need_auth`) VALUES (9,'notificationDisplayduration','admin',0);
INSERT INTO `contrexx_module_mediadir_mails` (`id`, `title`, `content`, `recipients`, `lang_id`, `action_id`, `is_default`, `active`) VALUES (19,'[[URL]] - Eintrag erfolgreich eingetragen','Hallo [[FIRSTNAME]] [[LASTNAME]] ([[USERNAME]])\r\n\r\nIhr Eintrag mit dem Titel \"[[TITLE]]\" wurde auf [[URL]] erfolgreich eingetragen. \r\n\r\n\r\nFreundliche Grüsse\r\nIhr [[URL]]-Team\r\n\r\n-- \r\nDiese Nachricht wurde am [[DATE]] automatisch von Cloudrexx auf http://[[URL]] generiert.','',1,2,1,0);
INSERT INTO `contrexx_module_mediadir_mails` (`id`, `title`, `content`, `recipients`, `lang_id`, `action_id`, `is_default`, `active`) VALUES (20,'[[URL]] - Ihr Eintrag wurde aufgeschaltet','Guten Tag,\r\n\r\nIhr Eintrag \"[[TITLE]]\" wurde geprüft und ist ab sofort einsehbar.\r\n\r\nBenutzen Sie folgenden Link um direkt zu ihrem Eintrag zu gelangen:\r\n[[LINK]]\r\n\r\n\r\nFreundliche Grüsse\r\nIhr [[URL]]-Team\r\n\r\n\r\n-- \r\nDiese Nachricht wurde am [[DATE]] automatisch von Cloudrexx auf http://[[URL]] generiert.','',1,3,1,0);
INSERT INTO `contrexx_module_mediadir_mails` (`id`, `title`, `content`, `recipients`, `lang_id`, `action_id`, `is_default`, `active`) VALUES (21,'[[URL]] - Eintrag wurde bewertet','Hallo [[FIRSTNAME]] [[LASTNAME]] ([[USERNAME]])\r\n\r\nZu Ihrem Eintrag mit dem Titel \"[[TITLE]]\" auf [[URL]] wurde eine Bewertung abgegeben. \r\n\r\nBenutzen Sie folgenden Link um direkt zu Ihrem Eintrag zu gelangen:\r\n[[LINK]]\r\n\r\nFreundliche Grüsse\r\nIhr [[URL]]-Team\r\n\r\n-- \r\nDiese Nachricht wurde am [[DATE]] automatisch von Cloudrexx auf http://[[URL]] generiert.','',1,4,1,0);
INSERT INTO `contrexx_module_mediadir_mails` (`id`, `title`, `content`, `recipients`, `lang_id`, `action_id`, `is_default`, `active`) VALUES (22,'[[URL]] - Eintrag erfolgreich gelöscht','Hallo [[FIRSTNAME]] [[LASTNAME]] ([[USERNAME]])\r\n\r\nIhr Eintrag mit dem Titel \"[[TITLE]]\" auf [[URL]] wurde erfolgreich gelöscht. \r\n\r\nFreundliche Grüsse\r\nIhr [[URL]]-Team\r\n\r\n-- \r\nDiese Nachricht wurde am [[DATE]] automatisch von Cloudrexx auf http://[[URL]] generiert.','',1,5,1,0);
INSERT INTO `contrexx_module_mediadir_mails` (`id`, `title`, `content`, `recipients`, `lang_id`, `action_id`, `is_default`, `active`) VALUES (23,'[[URL]] - Eintrag erfolgreich bearbeitet','Hallo [[FIRSTNAME]] [[LASTNAME]] ([[USERNAME]])\r\n\r\nIhr Eintrag mit dem Titel \"[[TITLE]]\" auf [[URL]] wurde erfolgreich bearbeitet. \r\n\r\nBenutzen Sie folgenden Link um direkt zu Ihrem Eintrag zu gelangen:\r\n[[LINK]]\r\n\r\nFreundliche Grüsse\r\n[[URL]]-Team\r\n\r\n-- \r\nDiese Nachricht wurde am [[DATE]] automatisch von Cloudrexx auf http://[[URL]] generiert.','',1,6,1,0);
INSERT INTO `contrexx_module_mediadir_mails` (`id`, `title`, `content`, `recipients`, `lang_id`, `action_id`, `is_default`, `active`) VALUES (24,'[[URL]] - Neuer Kommentar hinzugefügt','Hallo [[FIRSTNAME]] [[LASTNAME]] ([[USERNAME]])\r\n\r\nZu Ihrem Eintrag mit dem Titel \"[[TITLE]]\" auf [[URL]] wurde ein neuer Kommentar hinzugefügt. \r\n\r\nBenutzen Sie folgenden Link um direkt zu Ihrem Eintrag zu gelangen:\r\n[[LINK]]\r\n\r\nFreundliche Grüsse\r\nIhr [[URL]]-Team\r\n\r\n\r\n-- \r\nDiese Nachricht wurde am [[DATE]] automatisch von Cloudrexx auf http://[[URL]] generiert.','',1,8,1,0);
INSERT INTO `contrexx_module_mediadir_mails` (`id`, `title`, `content`, `recipients`, `lang_id`, `action_id`, `is_default`, `active`) VALUES (32,'[[URL]] - Neuer Eintrag zur Prüfung freigegeben','Guten Tag,\r\n\r\nAuf http://[[URL]] wurde ein neuer Eintrag mit dem Titel \"[[TITLE]]\" erfasst. Bitte prüfen Sie diesen und geben Sie ihn gegebenenfalls frei.\r\n\r\n\r\n-- \r\nDiese Nachricht wurde am [[DATE]] automatisch von Cloudrexx auf http://[[URL]] generiert.','',1,1,1,0);
INSERT INTO `contrexx_module_mediadir_mails` (`id`, `title`, `content`, `recipients`, `lang_id`, `action_id`, `is_default`, `active`) VALUES (33,'[[URL]] - Die Anzeigedauer eines Eintrages läuft ab','Hallo Admin\r\n\r\nAuf [[URL]] läuft in Kürze die Anzeigedauer des Eintrages \"[[TITLE]]\" ab.\r\n\r\nFreundliche Grüsse\r\nIhr [[URL]]-Team\r\n\r\n-- \r\nDiese Nachricht wurde am [[DATE]] automatisch von Cloudrexx auf http://[[URL]] generiert.','',1,9,1,0);
INSERT INTO `contrexx_module_mediadir_settings` (`id`, `name`, `value`) VALUES (1,'settingsShowCategoryDescription','1');
INSERT INTO `contrexx_module_mediadir_settings` (`id`, `name`, `value`) VALUES (2,'settingsShowCategoryImage','1');
INSERT INTO `contrexx_module_mediadir_settings` (`id`, `name`, `value`) VALUES (3,'settingsCategoryOrder','1');
INSERT INTO `contrexx_module_mediadir_settings` (`id`, `name`, `value`) VALUES (4,'settingsShowLevels','1');
INSERT INTO `contrexx_module_mediadir_settings` (`id`, `name`, `value`) VALUES (5,'settingsShowLevelDescription','0');
INSERT INTO `contrexx_module_mediadir_settings` (`id`, `name`, `value`) VALUES (6,'settingsShowLevelImage','0');
INSERT INTO `contrexx_module_mediadir_settings` (`id`, `name`, `value`) VALUES (7,'settingsLevelOrder','1');
INSERT INTO `contrexx_module_mediadir_settings` (`id`, `name`, `value`) VALUES (8,'settingsConfirmNewEntries','1');
INSERT INTO `contrexx_module_mediadir_settings` (`id`, `name`, `value`) VALUES (9,'categorySelectorOrder','9');
INSERT INTO `contrexx_module_mediadir_settings` (`id`, `name`, `value`) VALUES (10,'levelSelectorOrder','10');
INSERT INTO `contrexx_module_mediadir_settings` (`id`, `name`, `value`) VALUES (11,'settingsConfirmUpdatedEntries','0');
INSERT INTO `contrexx_module_mediadir_settings` (`id`, `name`, `value`) VALUES (12,'settingsCountEntries','0');
INSERT INTO `contrexx_module_mediadir_settings` (`id`, `name`, `value`) VALUES (13,'settingsThumbSize','300');
INSERT INTO `contrexx_module_mediadir_settings` (`id`, `name`, `value`) VALUES (15,'settingsEncryptFilenames','1');
INSERT INTO `contrexx_module_mediadir_settings` (`id`, `name`, `value`) VALUES (16,'settingsAllowAddEntries','1');
INSERT INTO `contrexx_module_mediadir_settings` (`id`, `name`, `value`) VALUES (17,'settingsAllowDelEntries','1');
INSERT INTO `contrexx_module_mediadir_settings` (`id`, `name`, `value`) VALUES (18,'settingsAllowEditEntries','1');
INSERT INTO `contrexx_module_mediadir_settings` (`id`, `name`, `value`) VALUES (19,'settingsAddEntriesOnlyCommunity','1');
INSERT INTO `contrexx_module_mediadir_settings` (`id`, `name`, `value`) VALUES (20,'settingsLatestNumXML','10');
INSERT INTO `contrexx_module_mediadir_settings` (`id`, `name`, `value`) VALUES (21,'settingsLatestNumOverview','3');
INSERT INTO `contrexx_module_mediadir_settings` (`id`, `name`, `value`) VALUES (22,'settingsLatestNumBackend','5');
INSERT INTO `contrexx_module_mediadir_settings` (`id`, `name`, `value`) VALUES (23,'settingsLatestNumFrontend','10');
INSERT INTO `contrexx_module_mediadir_settings` (`id`, `name`, `value`) VALUES (24,'settingsPopularNumFrontend','10');
INSERT INTO `contrexx_module_mediadir_settings` (`id`, `name`, `value`) VALUES (25,'settingsPopularNumRestore','30');
INSERT INTO `contrexx_module_mediadir_settings` (`id`, `name`, `value`) VALUES (26,'settingsLatestNumHeadlines','6');
INSERT INTO `contrexx_module_mediadir_settings` (`id`, `name`, `value`) VALUES (27,'settingsGoogleMapStartposition','46.749647513758326,7.6300048828125,8');
INSERT INTO `contrexx_module_mediadir_settings` (`id`, `name`, `value`) VALUES (28,'settingsAllowVotes','1');
INSERT INTO `contrexx_module_mediadir_settings` (`id`, `name`, `value`) VALUES (29,'settingsVoteOnlyCommunity','0');
INSERT INTO `contrexx_module_mediadir_settings` (`id`, `name`, `value`) VALUES (30,'settingsAllowComments','1');
INSERT INTO `contrexx_module_mediadir_settings` (`id`, `name`, `value`) VALUES (31,'settingsCommentOnlyCommunity','0');
INSERT INTO `contrexx_module_mediadir_settings` (`id`, `name`, `value`) VALUES (32,'settingsGoogleMapAllowKml','0');
INSERT INTO `contrexx_module_mediadir_settings` (`id`, `name`, `value`) VALUES (33,'settingsShowEntriesInAllLang','1');
INSERT INTO `contrexx_module_mediadir_settings` (`id`, `name`, `value`) VALUES (34,'settingsPagingNumEntries','10');
INSERT INTO `contrexx_module_mediadir_settings` (`id`, `name`, `value`) VALUES (35,'settingsGoogleMapType','0');
INSERT INTO `contrexx_module_mediadir_settings` (`id`, `name`, `value`) VALUES (36,'settingsClassificationPoints','5');
INSERT INTO `contrexx_module_mediadir_settings` (`id`, `name`, `value`) VALUES (37,'settingsClassificationSearch','1');
INSERT INTO `contrexx_module_mediadir_settings` (`id`, `name`, `value`) VALUES (38,'settingsEntryDisplaydurationType','1');
INSERT INTO `contrexx_module_mediadir_settings` (`id`, `name`, `value`) VALUES (39,'settingsEntryDisplaydurationValue','0');
INSERT INTO `contrexx_module_mediadir_settings` (`id`, `name`, `value`) VALUES (40,'settingsEntryDisplaydurationValueType','1');
INSERT INTO `contrexx_module_mediadir_settings` (`id`, `name`, `value`) VALUES (41,'settingsEntryDisplaydurationNotification','0');
INSERT INTO `contrexx_module_mediadir_settings` (`id`, `name`, `value`) VALUES (42,'categorySelectorExpSearch','9');
INSERT INTO `contrexx_module_mediadir_settings` (`id`, `name`, `value`) VALUES (43,'levelSelectorExpSearch','10');
INSERT INTO `contrexx_module_mediadir_settings` (`id`, `name`, `value`) VALUES (44,'settingsTranslationStatus','0');
INSERT INTO `contrexx_module_mediadir_settings` (`id`, `name`, `value`) VALUES (45,'settingsReadyToConfirm','0');
INSERT INTO `contrexx_module_mediadir_settings` (`id`, `name`, `value`) VALUES (46,'settingsImageFilesize','300');
INSERT INTO `contrexx_module_mediadir_settings` (`id`, `name`, `value`) VALUES (47,'settingsActiveLanguages','2,1');
INSERT INTO `contrexx_module_mediadir_settings` (`id`, `name`, `value`) VALUES (48,'settingsFrontendUseMultilang','0');
INSERT INTO `contrexx_module_mediadir_settings` (`id`, `name`, `value`) VALUES (49,'settingsIndividualEntryOrder','0');
INSERT INTO `contrexx_module_mediadir_settings` (`id`, `name`, `value`) VALUES (50,'showLatestEntriesInOverview','0');
INSERT INTO `contrexx_module_mediadir_settings` (`id`, `name`, `value`) VALUES (51,'showLatestEntriesInWebdesignTmpl','1');
INSERT INTO `contrexx_module_mediadir_settings` (`id`, `name`, `value`) VALUES (52,'legacyBehavior','0');
INSERT INTO `contrexx_module_mediadir_settings` (`id`, `name`, `value`) VALUES (53,'usePrettyUrls','1');
INSERT INTO `contrexx_module_mediadir_settings` (`id`, `name`, `value`) VALUES (54,'settingsShowCategories','0');
INSERT INTO `contrexx_module_mediadir_settings` (`id`, `name`, `value`) VALUES (55,'globalSearchLinkCategoryAndLevel','0');
INSERT INTO `contrexx_module_news_categories` (`catid`, `parent_id`, `left_id`, `right_id`, `sorting`, `level`) VALUES (1,1,1,2,1,1);
INSERT INTO `contrexx_module_news_categories_catid` (`id`) VALUES (1);
INSERT INTO `contrexx_module_news_settings` (`name`, `value`) VALUES ('news_feed_status','0');
INSERT INTO `contrexx_module_news_settings` (`name`, `value`) VALUES ('news_headlines_limit','3');
INSERT INTO `contrexx_module_news_settings` (`name`, `value`) VALUES ('news_settings_activated','1');
INSERT INTO `contrexx_module_news_settings` (`name`, `value`) VALUES ('news_submit_news','1');
INSERT INTO `contrexx_module_news_settings` (`name`, `value`) VALUES ('news_submit_only_community','1');
INSERT INTO `contrexx_module_news_settings` (`name`, `value`) VALUES ('news_activate_submitted_news','0');
INSERT INTO `contrexx_module_news_settings` (`name`, `value`) VALUES ('news_feed_image','');
INSERT INTO `contrexx_module_news_settings` (`name`, `value`) VALUES ('news_ticker_filename','newsticker.txt');
INSERT INTO `contrexx_module_news_settings` (`name`, `value`) VALUES ('news_message_protection','');
INSERT INTO `contrexx_module_news_settings` (`name`, `value`) VALUES ('news_message_protection_restricted','');
INSERT INTO `contrexx_module_news_settings` (`name`, `value`) VALUES ('news_notify_user','0');
INSERT INTO `contrexx_module_news_settings` (`name`, `value`) VALUES ('news_notify_group','0');
INSERT INTO `contrexx_module_news_settings` (`name`, `value`) VALUES ('news_comments_activated','1');
INSERT INTO `contrexx_module_news_settings` (`name`, `value`) VALUES ('news_comments_anonymous','1');
INSERT INTO `contrexx_module_news_settings` (`name`, `value`) VALUES ('news_comments_autoactivate','1');
INSERT INTO `contrexx_module_news_settings` (`name`, `value`) VALUES ('news_comments_notification','1');
INSERT INTO `contrexx_module_news_settings` (`name`, `value`) VALUES ('news_comments_timeout','30');
INSERT INTO `contrexx_module_news_settings` (`name`, `value`) VALUES ('news_default_teasers','');
INSERT INTO `contrexx_module_news_settings` (`name`, `value`) VALUES ('news_use_types','');
INSERT INTO `contrexx_module_news_settings` (`name`, `value`) VALUES ('news_use_top','');
INSERT INTO `contrexx_module_news_settings` (`name`, `value`) VALUES ('news_top_days','10');
INSERT INTO `contrexx_module_news_settings` (`name`, `value`) VALUES ('news_top_limit','10');
INSERT INTO `contrexx_module_news_settings` (`name`, `value`) VALUES ('news_assigned_author_groups','0');
INSERT INTO `contrexx_module_news_settings` (`name`, `value`) VALUES ('news_assigned_publisher_groups','0');
INSERT INTO `contrexx_module_news_settings` (`name`, `value`) VALUES ('news_use_teaser_text','');
INSERT INTO `contrexx_module_news_settings` (`name`, `value`) VALUES ('recent_news_message_limit','5');
INSERT INTO `contrexx_module_news_settings` (`name`, `value`) VALUES ('use_related_news','0');
INSERT INTO `contrexx_module_news_settings` (`name`, `value`) VALUES ('news_use_tags','0');
INSERT INTO `contrexx_module_news_settings` (`name`, `value`) VALUES ('use_previous_next_news_link', '0');
INSERT INTO `contrexx_module_news_settings` (`name`, `value`) VALUES ('use_thumbnails', '1');
INSERT INTO `contrexx_module_news_settings` (`name`, `value`) VALUES ('login_redirect', '0');
INSERT INTO `contrexx_module_news_settings_locale` (`name`, `lang_id`, `value`) VALUES ('news_feed_description',1,'Informationen rund um Cloudrexx');
INSERT INTO `contrexx_module_news_settings_locale` (`name`, `lang_id`, `value`) VALUES ('news_feed_description',2,'Informationen rund um Cloudrexx');
INSERT INTO `contrexx_module_news_settings_locale` (`name`, `lang_id`, `value`) VALUES ('news_feed_title',1,'Cloudrexx');
INSERT INTO `contrexx_module_news_settings_locale` (`name`, `lang_id`, `value`) VALUES ('news_feed_title',2,'Cloudrexx');
INSERT INTO `contrexx_module_news_teaser_frame` (`id`, `lang_id`, `frame_template_id`, `name`) VALUES (1,1,1,'Beispiel1');
INSERT INTO `contrexx_module_news_teaser_frame` (`id`, `lang_id`, `frame_template_id`, `name`) VALUES (2,1,2,'Beispiel2');
INSERT INTO `contrexx_module_news_teaser_frame` (`id`, `lang_id`, `frame_template_id`, `name`) VALUES (4,1,3,'Beispiel3');
INSERT INTO `contrexx_module_news_teaser_frame_templates` (`id`, `description`, `html`, `source_code_mode`) VALUES (1,'3 Teaserboxen (1. Zeile: 1 Teaser - 2. Zeile: 2 Teaser)','<table cellspacing=\"5\" cellpadding=\"0\" border=\"0\">\r\n    <tbody>\r\n        <tr>\r\n            <td colspan=\"2\"><!-- BEGIN teaser_1 -->\r\n            <table width=\"480\" cellspacing=\"0\" cellpadding=\"0\" border=\"0\">\r\n                <tbody>\r\n                    <tr>\r\n                        <th colspan=\"2\">{TEASER_CATEGORY}</th>\r\n                    </tr>\r\n                    <tr>\r\n                        <td colspan=\"2\">{TEASER_DATE}<br />{TEASER_TITLE} <!-- BEGIN teaser_link --><a href=\"{TEASER_URL}\" target=\"{TEASER_URL_TARGET}\">» Zur Meldung</a><!-- END teaser_link --></td>\r\n                    </tr>\r\n                    <tr>\r\n                        <td width=\"25%\"><img src=\"{TEASER_IMAGE_PATH}\" width=\"80\" height=\"120\" alt=\"\" /></td>\r\n                        <td width=\"75%\" style=\"vertical-align: top;\">{TEASER_TEXT}</td>\r\n                    </tr>\r\n                </tbody>\r\n            </table>\r\n            <!-- END teaser_1 --></td>\r\n        </tr>\r\n        <tr>\r\n            <td width=\"50%\"><!-- BEGIN teaser_2 -->\r\n            <table width=\"235\" cellspacing=\"0\" cellpadding=\"0\" border=\"0\">\r\n                <tbody>\r\n                    <tr>\r\n                        <th colspan=\"2\">{TEASER_CATEGORY}</th>\r\n                    </tr>\r\n                    <tr>\r\n                        <td colspan=\"2\">{TEASER_DATE}<br />{TEASER_TITLE} <!-- BEGIN teaser_link --><a href=\"{TEASER_URL}\" target=\"{TEASER_URL_TARGET}\">» Zur Meldung</a><!-- END teaser_link --></td>\r\n                    </tr>\r\n                    <tr>\r\n                        <td width=\"50%\"><img src=\"{TEASER_IMAGE_PATH}\" width=\"80\" height=\"120\" alt=\"\" /></td>\r\n                        <td width=\"50%\" style=\"vertical-align: top;\">{TEASER_TEXT}</td>\r\n                    </tr>\r\n                </tbody>\r\n            </table>\r\n            <!-- END teaser_2 --></td>\r\n            <td width=\"50%\"><!-- BEGIN teaser_3 -->\r\n            <table width=\"235\" cellspacing=\"0\" cellpadding=\"0\" border=\"0\">\r\n                <tbody>\r\n                    <tr>\r\n                        <th>{TEASER_CATEGORY}</th>\r\n                    </tr>\r\n                    <tr>\r\n                        <td>{TEASER_DATE}<br />{TEASER_TITLE} <!-- BEGIN teaser_link --><a href=\"{TEASER_URL}\" target=\"{TEASER_URL_TARGET}\">» Zur Meldung</a><!-- END teaser_link --></td>\r\n                    </tr>\r\n                    <tr>\r\n                        <td><img src=\"{TEASER_IMAGE_PATH}\" width=\"80\" height=\"120\" alt=\"\" /></td>\r\n                    </tr>\r\n                </tbody>\r\n            </table>\r\n            <!-- END teaser_3 --></td>\r\n        </tr>\r\n    </tbody>\r\n</table>','1');
INSERT INTO `contrexx_module_news_teaser_frame_templates` (`id`, `description`, `html`, `source_code_mode`) VALUES (2,'4 Teaserboxen (2 Teaser pro Zeile)','<table cellspacing=\"5\" cellpadding=\"0\" border=\"0\">\r\n    <tbody>\r\n        <tr>\r\n            <td width=\"50%\" style=\"vertical-align: top;\"><!-- BEGIN teaser_1 -->\r\n            <table width=\"235\" cellspacing=\"0\" cellpadding=\"0\" border=\"0\">\r\n                <tbody>\r\n                    <tr>\r\n                        <th colspan=\"2\">{TEASER_CATEGORY}</th>\r\n                    </tr>\r\n                    <tr>\r\n                        <td colspan=\"2\">{TEASER_DATE}<br />{TEASER_TITLE} <!-- BEGIN teaser_link --><a href=\"{TEASER_URL}\" target=\"{TEASER_URL_TARGET}\">» Zur Meldung</a><!-- END teaser_link --></td>\r\n                    </tr>\r\n                    <tr>\r\n                        <td width=\"50%\"><img alt=\"\" src=\"{TEASER_IMAGE_PATH}\" /></td>\r\n                        <td width=\"50%\" style=\"vertical-align: top;\">{TEASER_TEXT}</td>\r\n                    </tr>\r\n                </tbody>\r\n            </table>\r\n            <!-- END teaser_1 --></td>\r\n            <td width=\"50%\" style=\"vertical-align: top;\"><!-- BEGIN teaser_2 -->\r\n            <table width=\"235\" cellspacing=\"0\" cellpadding=\"0\" border=\"0\">\r\n                <tbody>\r\n                    <tr>\r\n                        <th>{TEASER_CATEGORY}</th>\r\n                    </tr>\r\n                    <tr>\r\n                        <td>{TEASER_DATE}<br />{TEASER_TITLE} <!-- BEGIN teaser_link --><a href=\"{TEASER_URL}\" target=\"{TEASER_URL_TARGET}\">» Zur Meldung</a><!-- END teaser_link --></td>\r\n                    </tr>\r\n                    <tr>\r\n                        <td><img alt=\"\" src=\"{TEASER_IMAGE_PATH}\" /></td>\r\n                    </tr>\r\n                </tbody>\r\n            </table>\r\n            <!-- END teaser_2 --></td>\r\n        </tr>\r\n        <tr>\r\n            <td width=\"50%\" style=\"vertical-align: top;\"><!-- BEGIN teaser_3 -->\r\n            <table width=\"235\" cellspacing=\"0\" cellpadding=\"0\" border=\"0\">\r\n                <tbody>\r\n                    <tr>\r\n                        <th>{TEASER_CATEGORY}</th>\r\n                    </tr>\r\n                    <tr>\r\n                        <td>{TEASER_DATE}<br />{TEASER_TITLE} <!-- BEGIN teaser_link --><a href=\"{TEASER_URL}\" target=\"{TEASER_URL_TARGET}\">» Zur Meldung</a><!-- END teaser_link --></td>\r\n                    </tr>\r\n                    <tr>\r\n                        <td><img alt=\"\" src=\"{TEASER_IMAGE_PATH}\" /></td>\r\n                    </tr>\r\n                </tbody>\r\n            </table>\r\n            <!-- END teaser_3 --></td>\r\n            <td width=\"50%\" style=\"vertical-align: top;\"><!-- BEGIN teaser_4 -->\r\n            <table width=\"235\" cellspacing=\"0\" cellpadding=\"0\" border=\"0\">\r\n                <tbody>\r\n                    <tr>\r\n                        <th colspan=\"2\">{TEASER_CATEGORY}</th>\r\n                    </tr>\r\n                    <tr>\r\n                        <td colspan=\"2\">{TEASER_DATE}<br />{TEASER_TITLE} <!-- BEGIN teaser_link --><a href=\"{TEASER_URL}\" target=\"{TEASER_URL_TARGET}\">» Zur Meldung</a><!-- END teaser_link --></td>\r\n                    </tr>\r\n                    <tr>\r\n                        <td width=\"50%\"><img alt=\"\" src=\"{TEASER_IMAGE_PATH}\" /></td>\r\n                        <td width=\"50%\" style=\"vertical-align: top;\">{TEXT}</td>\r\n                    </tr>\r\n                </tbody>\r\n            </table>\r\n            <!-- END teaser_4 --></td>\r\n        </tr>\r\n    </tbody>\r\n</table>','1');
INSERT INTO `contrexx_module_news_teaser_frame_templates` (`id`, `description`, `html`, `source_code_mode`) VALUES (3,'6 Teaserboxen (2 Teaser pro Zeile)','<table cellspacing=\"5\" cellpadding=\"0\" border=\"0\">\r\n    <tbody>\r\n        <tr>\r\n            <td width=\"50%\" style=\"vertical-align: top;\"><!-- BEGIN teaser_1 -->\r\n            <table width=\"235\" cellspacing=\"0\" cellpadding=\"0\" border=\"0\">\r\n                <tbody>\r\n                    <tr>\r\n                        <th colspan=\"2\">{TEASER_CATEGORY}</th>\r\n                    </tr>\r\n                    <tr>\r\n                        <td colspan=\"2\">{TEASER_DATE}<br />{TEASER_TITLE} <!-- BEGIN teaser_link --><a href=\"{TEASER_URL}\" target=\"{TEASER_URL_TARGET}\">» Zur Meldung</a><!-- END teaser_link --></td>\r\n                    </tr>\r\n                    <tr>\r\n                        <td width=\"50%\"><img alt=\"\" src=\"{TEASER_IMAGE_PATH}\" /></td>\r\n                        <td width=\"50%\" style=\"vertical-align: top;\">{TEASER_TEXT}</td>\r\n                    </tr>\r\n                </tbody>\r\n            </table>\r\n            <!-- END teaser_1 --></td>\r\n            <td width=\"50%\" style=\"vertical-align: top;\"><!-- BEGIN teaser_2 -->\r\n            <table width=\"235\" cellspacing=\"0\" cellpadding=\"0\" border=\"0\">\r\n                <tbody>\r\n                    <tr>\r\n                        <th colspan=\"2\">{TEASER_CATEGORY}</th>\r\n                    </tr>\r\n                    <tr>\r\n                        <td colspan=\"2\">{TEASER_DATE}<br />{TEASER_TITLE} <!-- BEGIN teaser_link --><a href=\"{TEASER_URL}\" target=\"{TEASER_URL_TARGET}\">» Zur Meldung</a><!-- END teaser_link --></td>\r\n                    </tr>\r\n                    <tr>\r\n                        <td width=\"50%\"><img alt=\"\" src=\"{TEASER_IMAGE_PATH}\" /></td>\r\n                        <td width=\"50%\" style=\"vertical-align: top;\">{TEASER_TEXT}</td>\r\n                    </tr>\r\n                </tbody>\r\n            </table>\r\n            <!-- END teaser_2 --></td>\r\n        </tr>\r\n        <tr>\r\n            <td width=\"50%\" style=\"vertical-align: top;\"><!-- BEGIN teaser_3 -->\r\n            <table width=\"235\" cellspacing=\"0\" cellpadding=\"0\" border=\"0\">\r\n                <tbody>\r\n                    <tr>\r\n                        <th colspan=\"2\">{TEASER_CATEGORY}</th>\r\n                    </tr>\r\n                    <tr>\r\n                        <td colspan=\"2\">{TEASER_DATE}<br />{TEASER_TITLE} <!-- BEGIN teaser_link --><a href=\"{TEASER_URL}\" target=\"{TEASER_URL_TARGET}\">» Zur Meldung</a><!-- END teaser_link --></td>\r\n                    </tr>\r\n                    <tr>\r\n                        <td width=\"50%\"><img alt=\"\" src=\"{TEASER_IMAGE_PATH}\" /></td>\r\n                        <td width=\"50%\" style=\"vertical-align: top;\">{TEASER_TEXT}</td>\r\n                    </tr>\r\n                </tbody>\r\n            </table>\r\n            <!-- END teaser_3 --></td>\r\n            <td width=\"50%\" style=\"vertical-align: top;\"><!-- BEGIN teaser_4 -->\r\n            <table width=\"235\" cellspacing=\"0\" cellpadding=\"0\" border=\"0\">\r\n                <tbody>\r\n                    <tr>\r\n                        <th colspan=\"2\">{TEASER_CATEGORY}</th>\r\n                    </tr>\r\n                    <tr>\r\n                        <td colspan=\"2\">{TEASER_DATE}<br />{TEASER_TITLE} <!-- BEGIN teaser_link --><a href=\"{TEASER_URL}\" target=\"{TEASER_URL_TARGET}\">» Zur Meldung</a><!-- END teaser_link --></td>\r\n                    </tr>\r\n                    <tr>\r\n                        <td width=\"50%\"><img alt=\"\" src=\"{TEASER_IMAGE_PATH}\" /></td>\r\n                        <td width=\"50%\" style=\"vertical-align: top;\">{TEASER_TEXT}</td>\r\n                    </tr>\r\n                </tbody>\r\n            </table>\r\n            <!-- END teaser_4 --></td>\r\n        </tr>\r\n        <tr>\r\n            <td width=\"50%\" style=\"vertical-align: top;\"><!-- BEGIN teaser_5 -->\r\n            <table width=\"235\" cellspacing=\"0\" cellpadding=\"0\" border=\"0\">\r\n                <tbody>\r\n                    <tr>\r\n                        <th colspan=\"2\">{TEASER_CATEGORY}</th>\r\n                    </tr>\r\n                    <tr>\r\n                        <td colspan=\"2\">{TEASER_DATE}<br />{TEASER_TITLE} <!-- BEGIN teaser_link --><a href=\"{TEASER_URL}\" target=\"{TEASER_URL_TARGET}\">» Zur Meldung</a><!-- END teaser_link --></td>\r\n                    </tr>\r\n                    <tr>\r\n                        <td width=\"50%\"><img alt=\"\" src=\"{TEASER_IMAGE_PATH}\" /></td>\r\n                        <td width=\"50%\" style=\"vertical-align: top;\">{TEASER_TEXT}</td>\r\n                    </tr>\r\n                </tbody>\r\n            </table>\r\n            <!-- END teaser_5 --></td>\r\n            <td width=\"50%\" style=\"vertical-align: top;\"><!-- BEGIN teaser_6 -->\r\n            <table width=\"235\" cellspacing=\"0\" cellpadding=\"0\" border=\"0\">\r\n                <tbody>\r\n                    <tr>\r\n                        <th colspan=\"2\">{TEASER_CATEGORY}</th>\r\n                    </tr>\r\n                    <tr>\r\n                        <td colspan=\"2\">{TEASER_DATE}<br />{TEASER_TITLE} <!-- BEGIN teaser_link --><a href=\"{TEASER_URL}\" target=\"{TEASER_URL_TARGET}\">» Zur Meldung</a><!-- END teaser_link --></td>\r\n                    </tr>\r\n                    <tr>\r\n                        <td width=\"50%\"><img alt=\"\" src=\"{TEASER_IMAGE_PATH}\" /></td>\r\n                        <td width=\"50%\" style=\"vertical-align: top;\">{TEASER_TEXT}</td>\r\n                    </tr>\r\n                </tbody>\r\n            </table>\r\n            <!-- END teaser_6 --></td>\r\n        </tr>\r\n    </tbody>\r\n</table>','1');
INSERT INTO `contrexx_module_newsletter` (`id`, `subject`, `template`, `content`, `attachment`, `priority`, `sender_email`, `sender_name`, `return_path`, `smtp_server`, `status`, `count`, `recipient_count`, `date_create`, `date_sent`, `tmp_copy`) VALUES (2,'Neue Homepage',1,'[[salutation]] [[lastname]]<br />\r\n<br />\r\nGerne machen wir Sie auf unsere neue Website aufmerksam. Der Internetauftritt wurde komplett erneuert und aufgefrischt. Sie finden nun alle Informationen &uuml;bersichtlich dargestellt und ein modernisiertes Design.<br />\r\n<br />\r\nF&uuml;r unser Webprojekt haben wir <a  href=\"https://www.cloudrexx.com\" rel=\"newsletter_link_1\" target=\"_blank\">Cloudrexx</a> als Web Content Management System ausgew&auml;hlt. Cloudrexx beinhaltet alle wichtigen Anwendungen, die eine Website heute braucht. Die Inhalte und Funktionen k&ouml;nnen jederzeit mit kleinem Aufwand bearbeitet und aufgefrischt werden, um stets eine aktuelle und ansprechende Webseite zu pr&auml;sentieren.<br />\r\n<br />\r\n<br />\r\nIhr MaxMuster-Team','0',3,'info@example.org','admin','info@maxmusterag.com',0,0,0,0,1655915021,0,0);
INSERT INTO `contrexx_module_newsletter_category` (`id`, `status`, `name`, `notification_email`) VALUES (1,1,'Demo Liste','');
INSERT INTO `contrexx_module_newsletter_email_link` (`id`, `email_id`, `title`, `url`) VALUES (1,2,'Cloudrexx','https://www.cloudrexx.com');
INSERT INTO `contrexx_module_newsletter_rel_cat_news` (`newsletter`, `category`) VALUES (2,1);
INSERT INTO `contrexx_module_newsletter_rel_user_cat` (`user`, `category`, `consent`) VALUES (1,1,NULL);
INSERT INTO `contrexx_module_newsletter_settings` (`setid`, `setname`, `setvalue`, `status`) VALUES (1,'sender_mail','info@example.org',1);
INSERT INTO `contrexx_module_newsletter_settings` (`setid`, `setname`, `setvalue`, `status`) VALUES (2,'sender_name','admin',1);
INSERT INTO `contrexx_module_newsletter_settings` (`setid`, `setname`, `setvalue`, `status`) VALUES (3,'reply_mail','info@example.org',1);
INSERT INTO `contrexx_module_newsletter_settings` (`setid`, `setname`, `setvalue`, `status`) VALUES (4,'mails_per_run','30',1);
INSERT INTO `contrexx_module_newsletter_settings` (`setid`, `setname`, `setvalue`, `status`) VALUES (6,'test_mail','info@example.org',1);
INSERT INTO `contrexx_module_newsletter_settings` (`setid`, `setname`, `setvalue`, `status`) VALUES (7,'overview_entries_limit','10',1);
INSERT INTO `contrexx_module_newsletter_settings` (`setid`, `setname`, `setvalue`, `status`) VALUES (8,'rejected_mail_operation','delete',1);
INSERT INTO `contrexx_module_newsletter_settings` (`setid`, `setname`, `setvalue`, `status`) VALUES (9,'defUnsubscribe','0',1);
INSERT INTO `contrexx_module_newsletter_settings` (`setid`, `setname`, `setvalue`, `status`) VALUES (10,'notificationUnsubscribe','1',1);
INSERT INTO `contrexx_module_newsletter_settings` (`setid`, `setname`, `setvalue`, `status`) VALUES (11,'notificationSubscribe','1',1);
INSERT INTO `contrexx_module_newsletter_settings` (`setid`, `setname`, `setvalue`, `status`) VALUES (12,'recipient_attribute_status','{\"recipient_sex\":{\"active\":false,\"required\":false},\"recipient_salutation\":{\"active\":true,\"required\":false},\"recipient_title\":{\"active\":false,\"required\":false},\"recipient_firstname\":{\"active\":true,\"required\":false},\"recipient_lastname\":{\"active\":true,\"required\":false},\"recipient_position\":{\"active\":false,\"required\":false},\"recipient_company\":{\"active\":false,\"required\":false},\"recipient_industry\":{\"active\":false,\"required\":false},\"recipient_address\":{\"active\":false,\"required\":false},\"recipient_city\":{\"active\":false,\"required\":false},\"recipient_zip\":{\"active\":false,\"required\":false},\"recipient_country\":{\"active\":false,\"required\":false},\"recipient_phone\":{\"active\":false,\"required\":false},\"recipient_private\":{\"active\":false,\"required\":false},\"recipient_mobile\":{\"active\":false,\"required\":false},\"recipient_fax\":{\"active\":false,\"required\":false},\"recipient_birthday\":{\"active\":false,\"required\":false},\"recipient_website\":{\"active\":false,\"required\":false},\"captcha\":{\"active\":true,\"required\":false}}',1);
INSERT INTO `contrexx_module_newsletter_settings` (`setid`, `setname`, `setvalue`, `status`) VALUES (13,'statistics','0',1);
INSERT INTO `contrexx_module_newsletter_settings` (`setid`, `setname`, `setvalue`, `status`) VALUES (14,'agbTermsConditions','1',1);
INSERT INTO `contrexx_module_newsletter_settings` (`setid`, `setname`, `setvalue`, `status`) VALUES (15,'confirmLinkHour','24',1);
INSERT INTO `contrexx_module_newsletter_settings` (`setid`, `setname`, `setvalue`, `status`) VALUES (16,'deliver_user_recipients','0',1);
INSERT INTO `contrexx_module_newsletter_settings` (`setid`, `setname`, `setvalue`, `status`) VALUES (17,'deliver_crm_recipients','0',1);
INSERT INTO `contrexx_module_newsletter_settings` (`setid`, `setname`, `setvalue`, `status`) VALUES (18,'use_crm_filter','1',1);
INSERT INTO `contrexx_module_newsletter_settings` (`setid`, `setname`, `setvalue`, `status`) VALUES (19,'unsubscribe_behavior','automatic',1);
INSERT INTO `contrexx_module_newsletter_template` (`id`, `name`, `description`, `html`, `required`, `type`) VALUES (1,'Standard','Standard Template','<html>\r\n    <head>\r\n        <style type=\"text/css\">\r\n        *, html, body, table {\r\n			padding: 0;\r\n			margin: 0;\r\n			font-size: 12px;\r\n			font-family: arial;\r\n			line-height: 1.5;\r\n			color: #000000;\r\n        }\r\n\r\n        h1 {\r\n			padding: 20px 0 5px 0;\r\n            font-size: 20px;\r\n			color: #487EAD;\r\n        }\r\n\r\n        h2 {\r\n			padding: 18px 0 4px 0;\r\n            font-size: 16px;\r\n			color: #487EAD;\r\n        }\r\n\r\n        h3, h4, h5, h6 {\r\n			padding: 16px 0 3px 0;\r\n            font-size: 13px;\r\n			font-weight: bold;\r\n			color: #487EAD;\r\n        }\r\n\r\n		a,\r\n        a:link,\r\n		a:hover,\r\n		a:focus,\r\n		a:active,\r\n		a:visited {\r\n            color: #487EAD !imprtant;\r\n        }\r\n        </style>\r\n    </head>\r\n    <body>\r\n        <table height=\"100%\" width=\"100%\" cellspacing=\"60\" style=\"background-color: rgb(204, 204, 204);\">\r\n            <tbody>\r\n                <tr>\r\n                    <td align=\"center\">\r\n                    <table width=\"660\" cellspacing=\"30\" bgcolor=\"#ffffff\" style=\"border: 7px solid rgb(72, 126, 173);\">\r\n                        <tbody>\r\n                            <tr>\r\n                                <td style=\"font-family: arial; font-size: 12px;\"><a target=\"_blank\" style=\"font-family: arial; font-size: 20px; text-decoration: none; color: rgb(72, 126, 173);\" href=\"http://www.example.com\">example.com</a><br />\r\n                                <span style=\"font-size: 20px; font-family: arial; text-decoration: none; color: rgb(72, 126, 173);\">Newsletter</span></td>\r\n                            </tr>\r\n                            <tr>\r\n                                <td style=\"font-family: arial; font-size: 12px; color: rgb(0, 0, 0);\">[[content]]</td>\r\n                            </tr>\r\n                            <tr>\r\n                                <td>\r\n                                <table width=\"600\" cellspacing=\"0\">\r\n                                    <tbody>\r\n                                        <tr>\r\n                                            <td height=\"30\" colspan=\"3\" style=\"border-top: 3px solid rgb(72, 126, 173);\">&nbsp;</td>\r\n                                        </tr>\r\n                                        <tr>\r\n                                            <td width=\"235\" valign=\"top\" style=\"font-family: arial; font-size: 11px; color: rgb(0, 0, 0);\">\r\n                                            <h3 style=\"padding: 0pt; margin: 0pt 0pt 5px;\">Impressum</h3>\r\n                                            Beispiel AG<br />\r\n                                            Firmenstrasse 1<br />\r\n                                            CH-1234 Irgendwo<br />\r\n                                            <br />\r\n                                            Telefon: + 41 (0)12 345 67 89<br />\r\n                                            Fax: + 41 (0)12 345 67 90<br />\r\n                                            <br />\r\n                                            E-Mail: <a href=\"mailto:info@example.org\">info@example.org</a><br />\r\n                                            Web: <a href=\"http://www.example.com\">www.example.com</a></td>\r\n                                            <td width=\"30\" valign=\"top\">&nbsp;</td>\r\n                                            <td width=\"335\" valign=\"top\" style=\"font-family: arial; font-size: 11px; color: rgb(135, 135, 135);\">Diese Art der Korrespondenz ist absichtlich von uns gew&auml;hlt worden, um wertvolle Naturressourcen zu schonen. Dieses E-Mail ist ausdr&uuml;cklich nicht verschickt worden, um Ihre betrieblichen Vorg&auml;nge zu st&ouml;ren und dient ausschliesslich dazu, Sie auf einfachste Weise unverbindlich zu informieren. Falls Sie sich dadurch trotzdem bel&auml;stigt f&uuml;hlen, bitten wir Sie, umgehend mit einem Klick auf &quot;Newsletter abmelden&quot; sich abzumelden, so dass wir Sie aus unserem Verteiler l&ouml;schen k&ouml;nnen.<br />\r\n                                            <br />\r\n                                            <span>[[unsubscribe]]&nbsp;&nbsp;&nbsp;&nbsp;&nbsp;&nbsp;[[profile_setup]]</span></td>\r\n                                        </tr>\r\n                                    </tbody>\r\n                                </table>\r\n                                </td>\r\n                            </tr>\r\n                        </tbody>\r\n                    </table>\r\n                    </td>\r\n                </tr>\r\n            </tbody>\r\n        </table>\r\n    </body>\r\n</html>',1,'e-mail');
INSERT INTO `contrexx_module_newsletter_template` (`id`, `name`, `description`, `html`, `required`, `type`) VALUES (2,'Standard','Standard News-Import Template','<table border=\"0\" cellpadding=\"3\" cellspacing=\"0\" width=\"100%\">\r\n    <!-- BEGIN news_list --><!-- BEGIN news_category -->\r\n    <tbody>\r\n        <tr>\r\n            <td colspan=\"2\" style=\"text-align:left;\">\r\n                <h2>\r\n                    [[NEWS_CATEGORY_NAME]]</h2>\r\n            </td>\r\n        </tr>\r\n        <!-- END news_category --><!-- BEGIN news_message -->\r\n        <tr>\r\n            <td style=\"text-align:left;\" width=\"25%\">\r\n                <!-- BEGIN news_image --><img alt=\"\" height=\"100\" src=\"[[NEWS_IMAGE_SRC]]\" width=\"150\" /><!-- END news_image --></td>\r\n            <td style=\"text-align:left;\" width=\"75%\">\r\n                <h3>\r\n                    [[NEWS_TITLE]]</h3>\r\n                <p>\r\n                    [[NEWS_TEASER_TEXT]]</p>\r\n                <p>\r\n                    <a href=\"[[NEWS_URL]]\">Meldung lesen...</a></p>\r\n            </td>\r\n        </tr>\r\n        <!-- END news_message --><!-- END news_list -->\r\n    </tbody>\r\n</table>\r\n',1,'news');
INSERT INTO `contrexx_module_newsletter_user` (`id`, `code`, `email`, `uri`, `sex`, `salutation`, `title`, `lastname`, `firstname`, `position`, `company`, `industry_sector`, `address`, `zip`, `city`, `country_id`, `phone_office`, `phone_private`, `phone_mobile`, `fax`, `notes`, `birthday`, `status`, `emaildate`, `language`, `source`, `consent`) VALUES (1,'btKCKTku5u','noreply@example.org','','m',2,'','Mustermann','Hans','','','','','','',204,'','','','','','01-01-2011',1,1153137001,1,'backend',NULL);
INSERT INTO `contrexx_module_newsletter_user_title` (`id`, `title`) VALUES (1,'Sehr geehrte Frau');
INSERT INTO `contrexx_module_newsletter_user_title` (`id`, `title`) VALUES (2,'Sehr geehrter Herr');
INSERT INTO `contrexx_module_newsletter_user_title` (`id`, `title`) VALUES (3,'Dear Ms');
INSERT INTO `contrexx_module_newsletter_user_title` (`id`, `title`) VALUES (4,'Dear Mr');
INSERT INTO `contrexx_module_newsletter_user_title` (`id`, `title`) VALUES (5,'Chère Madame');
INSERT INTO `contrexx_module_newsletter_user_title` (`id`, `title`) VALUES (6,'Cher Monsieur');
INSERT INTO `contrexx_module_repository` (`id`, `moduleid`, `content`, `title`, `cmd`, `expertmode`, `parid`, `displaystatus`, `displayorder`, `username`) VALUES ('1', '3', '{APPLICATION_DATA}', 'Bildergalerie', '', '0', '0', '1', '87', 'system');
INSERT INTO `contrexx_module_repository` (`id`, `moduleid`, `content`, `title`, `cmd`, `expertmode`, `parid`, `displaystatus`, `displayorder`, `username`) VALUES ('2', '4', '{APPLICATION_DATA}', 'Newsletter bestätigen', 'confirm', '0', '6', '0', '112', 'system');
INSERT INTO `contrexx_module_repository` (`id`, `moduleid`, `content`, `title`, `cmd`, `expertmode`, `parid`, `displaystatus`, `displayorder`, `username`) VALUES ('3', '4', '{APPLICATION_DATA}', 'Newsletter Profil bearbeiten', 'profile', '0', '6', '0', '114', 'system');
INSERT INTO `contrexx_module_repository` (`id`, `moduleid`, `content`, `title`, `cmd`, `expertmode`, `parid`, `displaystatus`, `displayorder`, `username`) VALUES ('4', '4', '{APPLICATION_DATA}', 'Newsletter abonnieren', 'subscribe', '0', '6', '0', '116', 'system');
INSERT INTO `contrexx_module_repository` (`id`, `moduleid`, `content`, `title`, `cmd`, `expertmode`, `parid`, `displaystatus`, `displayorder`, `username`) VALUES ('5', '4', '{APPLICATION_DATA}', 'Newsletter abmelden', 'unsubscribe', '0', '6', '0', '118', 'system');
INSERT INTO `contrexx_module_repository` (`id`, `moduleid`, `content`, `title`, `cmd`, `expertmode`, `parid`, `displaystatus`, `displayorder`, `username`) VALUES ('6', '4', '{APPLICATION_DATA}', 'Newsletter', '', '0', '0', '1', '111', 'system');
INSERT INTO `contrexx_module_repository` (`id`, `moduleid`, `content`, `title`, `cmd`, `expertmode`, `parid`, `displaystatus`, `displayorder`, `username`) VALUES ('7', '5', '{APPLICATION_DATA}', 'Suchen', '', '0', '0', '0', '327', 'system');
INSERT INTO `contrexx_module_repository` (`id`, `moduleid`, `content`, `title`, `cmd`, `expertmode`, `parid`, `displaystatus`, `displayorder`, `username`) VALUES ('8', '8', '{APPLICATION_DATA}', 'News', '', '0', '0', '1', '18', 'system');
INSERT INTO `contrexx_module_repository` (`id`, `moduleid`, `content`, `title`, `cmd`, `expertmode`, `parid`, `displaystatus`, `displayorder`, `username`) VALUES ('9', '8', '{APPLICATION_DATA}', 'News hinzufügen', 'submit', '0', '8', '1', '27', 'system');
INSERT INTO `contrexx_module_repository` (`id`, `moduleid`, `content`, `title`, `cmd`, `expertmode`, `parid`, `displaystatus`, `displayorder`, `username`) VALUES ('10', '8', '{APPLICATION_DATA}', 'Direktzugriff auf eine Newskategorie', '1', '0', '8', '1', '29', 'system');
INSERT INTO `contrexx_module_repository` (`id`, `moduleid`, `content`, `title`, `cmd`, `expertmode`, `parid`, `displaystatus`, `displayorder`, `username`) VALUES ('11', '8', '{APPLICATION_DATA}', 'News Feed', 'feed', '0', '8', '1', '31', 'system');
INSERT INTO `contrexx_module_repository` (`id`, `moduleid`, `content`, `title`, `cmd`, `expertmode`, `parid`, `displaystatus`, `displayorder`, `username`) VALUES ('12', '8', '{APPLICATION_DATA}', 'Newsmeldung', 'details', '0', '8', '0', '33', 'system');
INSERT INTO `contrexx_module_repository` (`id`, `moduleid`, `content`, `title`, `cmd`, `expertmode`, `parid`, `displaystatus`, `displayorder`, `username`) VALUES ('13', '8', '{APPLICATION_DATA}', 'Archiv', 'archive', '0', '8', '1', '37', 'system');
INSERT INTO `contrexx_module_repository` (`id`, `moduleid`, `content`, `title`, `cmd`, `expertmode`, `parid`, `displaystatus`, `displayorder`, `username`) VALUES ('14', '9', '{APPLICATION_DATA}', 'Medien Archiv', '', '0', '0', '1', '41', 'system');
INSERT INTO `contrexx_module_repository` (`id`, `moduleid`, `content`, `title`, `cmd`, `expertmode`, `parid`, `displaystatus`, `displayorder`, `username`) VALUES ('17', '11', '{APPLICATION_DATA}', 'Sitemap', '', '0', '0', '0', '317', 'system');
INSERT INTO `contrexx_module_repository` (`id`, `moduleid`, `content`, `title`, `cmd`, `expertmode`, `parid`, `displaystatus`, `displayorder`, `username`) VALUES ('26', '13', '<p>Ihre Eingabe wurde vom <strong>Cloudrexx Angriffserkennungs System</strong> als unzul&auml;ssig erkannt. <br />\r\n<br />\r\nEinige besondere Zeichenfolgen werden vom Intrusion Detection System gefiltert und vom Intrusion Response System blockiert. Wenn Sie finden, dass diese Meldung unrechterweise erscheint, nehmen Sie doch bitte mit uns <a href=\"mailto:support%20AT%20cloudrexx%20DOT%20com\">Kontakt</a> auf.<br />\r\n<br />\r\n<em><strong>Aktive Arbitrary Input Module:</strong></em></p>\r\n<ul>\r\n    <li>SQL Injection</li>\r\n    <li>Cross-Site Scripting</li>\r\n    <li>Session Hijacking</li>\r\n</ul>', 'Alert System', '', '0', '0', '0', '305', 'system');
INSERT INTO `contrexx_module_repository` (`id`, `moduleid`, `content`, `title`, `cmd`, `expertmode`, `parid`, `displaystatus`, `displayorder`, `username`) VALUES ('27', '14', '{APPLICATION_DATA}', 'Seite nicht gefunden', '', '0', '0', '0', '307', 'system');
INSERT INTO `contrexx_module_repository` (`id`, `moduleid`, `content`, `title`, `cmd`, `expertmode`, `parid`, `displaystatus`, `displayorder`, `username`) VALUES ('28', '15', 'Herzlichen Dank, dass Sie f&uuml;r Ihr Webprojekt <a href=\"https://www.cloudrexx.com\" target=\"_blank\">Cloudrexx&reg;</a> einsetzen!<br />\r\n<br />\r\nStarten Sie mit dem Aufbau der Website in wenigen Klicks. Die Cloud-L&ouml;sung auf der Basis der erfolgreichen Website Management L&ouml;sung Cloudrexx bietet Ihnen eine maximale Flexibilit&auml;t und umfangreiche Funktionen, um ein erfolgreiches Online-Business zu betreiben.<br />\r\n<br />\r\nEin manuelles Einspielen von Updates wird in der Cloud &uuml;berfl&uuml;ssig. Mit Cloudrexx gewinnen Sie an Flexibilit&auml;t. Sie k&ouml;nnen Features und Themes nach Bed&uuml;rfnissen dazukaufen. &Uuml;berzeugen Sie sich selbst!', 'Willkommen', '', '0', '0', '1', '2', 'system');
INSERT INTO `contrexx_module_repository` (`id`, `moduleid`, `content`, `title`, `cmd`, `expertmode`, `parid`, `displaystatus`, `displayorder`, `username`) VALUES ('29', '16', '{APPLICATION_DATA}', 'Sonderangebote', 'discounts', '0', '42', '1', '50', 'system');
INSERT INTO `contrexx_module_repository` (`id`, `moduleid`, `content`, `title`, `cmd`, `expertmode`, `parid`, `displaystatus`, `displayorder`, `username`) VALUES ('30', '16', '{APPLICATION_DATA}', 'Ihr Warenkorb', 'cart', '0', '42', '1', '52', 'system');
INSERT INTO `contrexx_module_repository` (`id`, `moduleid`, `content`, `title`, `cmd`, `expertmode`, `parid`, `displaystatus`, `displayorder`, `username`) VALUES ('31', '16', '{APPLICATION_DATA}', 'Einzugsermächtigung', 'lsv', '0', '42', '0', '54', 'system');
INSERT INTO `contrexx_module_repository` (`id`, `moduleid`, `content`, `title`, `cmd`, `expertmode`, `parid`, `displaystatus`, `displayorder`, `username`) VALUES ('32', '16', '{APPLICATION_DATA}', 'Kontoangaben', 'account', '0', '42', '0', '56', 'system');
INSERT INTO `contrexx_module_repository` (`id`, `moduleid`, `content`, `title`, `cmd`, `expertmode`, `parid`, `displaystatus`, `displayorder`, `username`) VALUES ('33', '16', '{APPLICATION_DATA}', 'Detaillierte Produktedaten', 'details', '0', '42', '0', '58', 'system');
INSERT INTO `contrexx_module_repository` (`id`, `moduleid`, `content`, `title`, `cmd`, `expertmode`, `parid`, `displaystatus`, `displayorder`, `username`) VALUES ('34', '16', '{APPLICATION_DATA}', 'Login', 'login', '0', '42', '0', '60', 'system');
INSERT INTO `contrexx_module_repository` (`id`, `moduleid`, `content`, `title`, `cmd`, `expertmode`, `parid`, `displaystatus`, `displayorder`, `username`) VALUES ('35', '16', '{APPLICATION_DATA}', 'Transaktionsstatus', 'success', '0', '42', '0', '66', 'system');
INSERT INTO `contrexx_module_repository` (`id`, `moduleid`, `content`, `title`, `cmd`, `expertmode`, `parid`, `displaystatus`, `displayorder`, `username`) VALUES ('36', '16', '{APPLICATION_DATA}', 'Allgemeine Geschäftsbedingungen', 'terms', '0', '42', '0', '68', 'system');
INSERT INTO `contrexx_module_repository` (`id`, `moduleid`, `content`, `title`, `cmd`, `expertmode`, `parid`, `displaystatus`, `displayorder`, `username`) VALUES ('37', '16', '{APPLICATION_DATA}', 'Bezahlung und Versand', 'payment', '0', '42', '0', '70', 'system');
INSERT INTO `contrexx_module_repository` (`id`, `moduleid`, `content`, `title`, `cmd`, `expertmode`, `parid`, `displaystatus`, `displayorder`, `username`) VALUES ('38', '16', '{APPLICATION_DATA}', 'Bestellinformationen', 'confirm', '0', '42', '0', '72', 'system');
INSERT INTO `contrexx_module_repository` (`id`, `moduleid`, `content`, `title`, `cmd`, `expertmode`, `parid`, `displaystatus`, `displayorder`, `username`) VALUES ('39', '16', '{APPLICATION_DATA}', 'Versandkonditionen', 'shipment', '0', '42', '1', '74', 'system');
INSERT INTO `contrexx_module_repository` (`id`, `moduleid`, `content`, `title`, `cmd`, `expertmode`, `parid`, `displaystatus`, `displayorder`, `username`) VALUES ('40', '16', '{APPLICATION_DATA}', 'Passwort Hilfe', 'sendpass', '0', '34', '0', '61', 'system');
INSERT INTO `contrexx_module_repository` (`id`, `moduleid`, `content`, `title`, `cmd`, `expertmode`, `parid`, `displaystatus`, `displayorder`, `username`) VALUES ('41', '16', '{APPLICATION_DATA}', 'Passwort ändern', 'changepass', '0', '34', '0', '63', 'system');
INSERT INTO `contrexx_module_repository` (`id`, `moduleid`, `content`, `title`, `cmd`, `expertmode`, `parid`, `displaystatus`, `displayorder`, `username`) VALUES ('42', '16', '{APPLICATION_DATA}', 'Online Shop', '', '0', '0', '1', '49', 'system');
INSERT INTO `contrexx_module_repository` (`id`, `moduleid`, `content`, `title`, `cmd`, `expertmode`, `parid`, `displaystatus`, `displayorder`, `username`) VALUES ('44', '18', '{APPLICATION_DATA}', 'Passwort vergessen?', 'lostpw', '0', '47', '0', '310', 'system');
INSERT INTO `contrexx_module_repository` (`id`, `moduleid`, `content`, `title`, `cmd`, `expertmode`, `parid`, `displaystatus`, `displayorder`, `username`) VALUES ('45', '18', '{APPLICATION_DATA}', 'Neues Passwort setzen', 'resetpw', '0', '47', '0', '312', 'system');
INSERT INTO `contrexx_module_repository` (`id`, `moduleid`, `content`, `title`, `cmd`, `expertmode`, `parid`, `displaystatus`, `displayorder`, `username`) VALUES ('46', '18', '{APPLICATION_DATA}', 'Zugriff verweigert', 'noaccess', '0', '47', '0', '314', 'system');
INSERT INTO `contrexx_module_repository` (`id`, `moduleid`, `content`, `title`, `cmd`, `expertmode`, `parid`, `displaystatus`, `displayorder`, `username`) VALUES ('47', '18', '{APPLICATION_DATA}', 'Login', '', '0', '0', '0', '309', 'system');
INSERT INTO `contrexx_module_repository` (`id`, `moduleid`, `content`, `title`, `cmd`, `expertmode`, `parid`, `displaystatus`, `displayorder`, `username`) VALUES ('58', '21', '{APPLICATION_DATA}', 'Auflistung aller Veranstaltungen', 'list', '0', '67', '1', '90', 'system');
INSERT INTO `contrexx_module_repository` (`id`, `moduleid`, `content`, `title`, `cmd`, `expertmode`, `parid`, `displaystatus`, `displayorder`, `username`) VALUES ('59', '21', '{APPLICATION_DATA}', 'Quartalsübersicht', 'boxes', '0', '67', '1', '92', 'system');
INSERT INTO `contrexx_module_repository` (`id`, `moduleid`, `content`, `title`, `cmd`, `expertmode`, `parid`, `displaystatus`, `displayorder`, `username`) VALUES ('60', '21', '{APPLICATION_DATA}', 'Kategorisierte Anzeige', 'category', '0', '67', '1', '94', 'system');
INSERT INTO `contrexx_module_repository` (`id`, `moduleid`, `content`, `title`, `cmd`, `expertmode`, `parid`, `displaystatus`, `displayorder`, `username`) VALUES ('61', '21', '{APPLICATION_DATA}', 'Archiv', 'archive', '0', '67', '1', '96', 'system');
INSERT INTO `contrexx_module_repository` (`id`, `moduleid`, `content`, `title`, `cmd`, `expertmode`, `parid`, `displaystatus`, `displayorder`, `username`) VALUES ('62', '21', '{APPLICATION_DATA}', 'Veranstaltung erfassen', 'add', '0', '67', '1', '98', 'system');
INSERT INTO `contrexx_module_repository` (`id`, `moduleid`, `content`, `title`, `cmd`, `expertmode`, `parid`, `displaystatus`, `displayorder`, `username`) VALUES ('63', '21', '{APPLICATION_DATA}', 'Meine Veranstaltungen', 'my_events', '0', '67', '1', '100', 'system');
INSERT INTO `contrexx_module_repository` (`id`, `moduleid`, `content`, `title`, `cmd`, `expertmode`, `parid`, `displaystatus`, `displayorder`, `username`) VALUES ('64', '21', '{APPLICATION_DATA}', 'Veranstaltungsinformationen', 'detail', '0', '67', '0', '104', 'system');
INSERT INTO `contrexx_module_repository` (`id`, `moduleid`, `content`, `title`, `cmd`, `expertmode`, `parid`, `displaystatus`, `displayorder`, `username`) VALUES ('65', '21', '{APPLICATION_DATA}', 'An- \\ Abmelden', 'register', '0', '67', '0', '106', 'system');
INSERT INTO `contrexx_module_repository` (`id`, `moduleid`, `content`, `title`, `cmd`, `expertmode`, `parid`, `displaystatus`, `displayorder`, `username`) VALUES ('66', '21', '{APPLICATION_DATA}', 'Status', 'Status', '0', '67', '0', '108', 'system');
INSERT INTO `contrexx_module_repository` (`id`, `moduleid`, `content`, `title`, `cmd`, `expertmode`, `parid`, `displaystatus`, `displayorder`, `username`) VALUES ('67', '21', '{APPLICATION_DATA}', 'Veranstaltungen', '', '0', '0', '1', '89', 'system');
INSERT INTO `contrexx_module_repository` (`id`, `moduleid`, `content`, `title`, `cmd`, `expertmode`, `parid`, `displaystatus`, `displayorder`, `username`) VALUES ('68', '21', '{APPLICATION_DATA}', 'Veranstaltung bearbeiten', 'edit', '0', '63', '0', '101', 'system');
INSERT INTO `contrexx_module_repository` (`id`, `moduleid`, `content`, `title`, `cmd`, `expertmode`, `parid`, `displaystatus`, `displayorder`, `username`) VALUES ('75', '23', '{APPLICATION_DATA}', 'Registrieren', 'signup', '0', '0', '0', '325', 'system');
INSERT INTO `contrexx_module_repository` (`id`, `moduleid`, `content`, `title`, `cmd`, `expertmode`, `parid`, `displaystatus`, `displayorder`, `username`) VALUES ('77', '23', '{APPLICATION_DATA}', 'Benutzerinfos', 'user', '0', '93', '0', '128', 'system');
INSERT INTO `contrexx_module_repository` (`id`, `moduleid`, `content`, `title`, `cmd`, `expertmode`, `parid`, `displaystatus`, `displayorder`, `username`) VALUES ('78', '23', '{APPLICATION_DATA}', 'Benutzerbereich', '', '0', '93', '1', '130', 'system');
INSERT INTO `contrexx_module_repository` (`id`, `moduleid`, `content`, `title`, `cmd`, `expertmode`, `parid`, `displaystatus`, `displayorder`, `username`) VALUES ('79', '23', '{APPLICATION_DATA}', 'Profildaten', 'settings_profiledata', '0', '82', '1', '132', 'system');
INSERT INTO `contrexx_module_repository` (`id`, `moduleid`, `content`, `title`, `cmd`, `expertmode`, `parid`, `displaystatus`, `displayorder`, `username`) VALUES ('80', '23', '{APPLICATION_DATA}', 'Profilbild', 'settings_avatar', '0', '82', '1', '134', 'system');
INSERT INTO `contrexx_module_repository` (`id`, `moduleid`, `content`, `title`, `cmd`, `expertmode`, `parid`, `displaystatus`, `displayorder`, `username`) VALUES ('82', '23', '{APPLICATION_DATA}', 'Mein Profil', 'settings_profile', '0', '78', '1', '131', 'system');
INSERT INTO `contrexx_module_repository` (`id`, `moduleid`, `content`, `title`, `cmd`, `expertmode`, `parid`, `displaystatus`, `displayorder`, `username`) VALUES ('83', '23', '{APPLICATION_DATA}', 'Kontoeinstellungen', 'settings_account', '0', '78', '1', '139', 'system');
INSERT INTO `contrexx_module_repository` (`id`, `moduleid`, `content`, `title`, `cmd`, `expertmode`, `parid`, `displaystatus`, `displayorder`, `username`) VALUES ('84', '23', '{APPLICATION_DATA}', 'Konto', 'settings_accountdata', '0', '83', '1', '140', 'system');
INSERT INTO `contrexx_module_repository` (`id`, `moduleid`, `content`, `title`, `cmd`, `expertmode`, `parid`, `displaystatus`, `displayorder`, `username`) VALUES ('85', '23', '{APPLICATION_DATA}', 'Kennwort', 'settings_password', '0', '83', '1', '142', 'system');
INSERT INTO `contrexx_module_repository` (`id`, `moduleid`, `content`, `title`, `cmd`, `expertmode`, `parid`, `displaystatus`, `displayorder`, `username`) VALUES ('86', '23', '{APPLICATION_DATA}', 'Konto löschen', 'settings_delete', '0', '83', '1', '144', 'system');
INSERT INTO `contrexx_module_repository` (`id`, `moduleid`, `content`, `title`, `cmd`, `expertmode`, `parid`, `displaystatus`, `displayorder`, `username`) VALUES ('93', '23', '{APPLICATION_DATA}', 'Benutzer', 'members', '0', '0', '1', '127', 'system');
INSERT INTO `contrexx_module_repository` (`id`, `moduleid`, `content`, `title`, `cmd`, `expertmode`, `parid`, `displaystatus`, `displayorder`, `username`) VALUES ('95', '24', '{APPLICATION_DATA}', 'Medienarchiv 2', '', '0', '0', '1', '296', 'system');
INSERT INTO `contrexx_module_repository` (`id`, `moduleid`, `content`, `title`, `cmd`, `expertmode`, `parid`, `displaystatus`, `displayorder`, `username`) VALUES ('96', '25', '{APPLICATION_DATA}', 'Medienarchiv 3', '', '0', '0', '1', '298', 'system');
INSERT INTO `contrexx_module_repository` (`id`, `moduleid`, `content`, `title`, `cmd`, `expertmode`, `parid`, `displaystatus`, `displayorder`, `username`) VALUES ('113', '39', '{APPLICATION_DATA}', 'Medienarchiv 4', '', '0', '0', '1', '300', 'system');
INSERT INTO `contrexx_module_repository` (`id`, `moduleid`, `content`, `title`, `cmd`, `expertmode`, `parid`, `displaystatus`, `displayorder`, `username`) VALUES ('114', '44', 'Verantwortlich f&uuml;r Inhalt, Konzeption &amp; Realisierung des Onlineportals:<br />\r\n<br />\r\n<strong>{CONTACT_COMPANY}</strong><br />\r\n{CONTACT_ADDRESS}<br />\r\n{CONTACT_ZIP} {CONTACT_PLACE}<br />\r\n{CONTACT_COUNTRY}<br />\r\n&nbsp;\r\n<h2>Gew&auml;hrleistung</h2>\r\nWir bem&uuml;hen uns um m&ouml;glichst korrekte und aktuelle Information. Die Inhalte wurden sorgf&auml;ltig erarbeitet.&nbsp;Trotzdem k&ouml;nnen Fehler auftreten. Autoren und Herausgeber &uuml;bernehmen&nbsp;keine Gew&auml;hr und Haftung f&uuml;r die Richtigkeit, Zuverl&auml;ssigkeit, Vollst&auml;ndigkeit und Aktualit&auml;t der Information. Die Verwendung der Website und der darin enthaltenen Informationen erfolgt auf eigene Gefahr. &Auml;nderungen k&ouml;nnen jederzeit vorgenommen werden.<br />\r\n&nbsp;\r\n<h2>Web Content Management System (CMS)</h2>\r\nDieser Internetauftritt basiert auf <a href="https://www.cloudrexx.com/" target="_blank">Cloudrexx</a>.', 'Impressum', '', '0', '0', '0', '321', 'system');
INSERT INTO `contrexx_module_repository` (`id`, `moduleid`, `content`, `title`, `cmd`, `expertmode`, `parid`, `displaystatus`, `displayorder`, `username`) VALUES ('115', '45', '<p><a href=\"http://de.wikipedia.org/wiki/Allgemeine_Gesch%C3%A4ftsbedingungen\">Allgemeine Gesch&auml;ftsbedingungen</a> (abgek&uuml;rzt &bdquo;AGB&ldquo;, nicht-standardsprachlich auch oft &bdquo;AGBs&ldquo;,&bdquo;AGB&#39;s&ldquo; oder &bdquo;AGBen&ldquo;) sind alle f&uuml;r eine Vielzahl von Vertr&auml;gen vorformulierten Vertragsbedingungen, die eine Vertragspartei (der Verwender) der anderen Vertragspartei bei Abschluss eines Vertrages stellt.</p>\r\n\r\n<p>Dabei ist es gleichg&uuml;ltig, ob die Bestimmung einen &auml;u&szlig;erlich gesonderten Bestandteil des Vertrags (umgangssprachlich &bdquo;das Kleingedruckte&ldquo; genannt) bilden oder in die Vertragsurkunde selbst aufgenommen werden.</p>\r\n', 'AGBs', '', '0', '0', '0', '323', 'system');
INSERT INTO `contrexx_module_repository` (`id`, `moduleid`, `content`, `title`, `cmd`, `expertmode`, `parid`, `displaystatus`, `displayorder`, `username`) VALUES ('116', '46', '<h2>\r\n	Zugriffs- und Anwendungsbedingungen f&uuml;r diese Website</h2>\r\nMit dem Zugriff auf diese Website und ihre Links erkl&auml;ren Sie, dass Sie die nachfolgenden&nbsp;Anwendungsbedingungen und rechtlichen Informationen im Zusammenhang mit dieser Website&nbsp;(und den darin enthaltenen Elementen) verstanden haben und diese anerkennen. Sollten Sie mit&nbsp;diesen Bedingungen nicht einverstanden sein, unterlassen Sie den Zugriff auf diese Website.<br />\r\n<br />\r\n<h2>\r\n	Zweck dieser Website / Keine Gew&auml;hrleistung</h2>\r\nDer Zweck dieser Website ist die Informationsvermittlung &uuml;ber unsere Gesellschaft und&nbsp;Dienstleistungen. Durch das Aufrufen dieser Website durch den Benutzer geht {CONTACT_COMPANY} mit&nbsp;dem Benutzer keinerlei vertragliche Beziehung ein. Die publizierten Tools begr&uuml;nden weder eine&nbsp;Aufforderung zur Offertenstellung noch ein Angebot. {CONTACT_COMPANY} bem&uuml;ht sich, die Inhalte auf&nbsp;dieser Website aktuell, vollst&auml;ndig und richtig zu halten. Da diese Informationen jedoch raschen&nbsp;&Auml;nderungen unterliegen k&ouml;nnen, kann die Aktualit&auml;t, Richtigkeit und Vollst&auml;ndigkeit nicht&nbsp;vollst&auml;ndig gew&auml;hrleistet werden.&nbsp;Die Angaben auf dieser Website stellen keine verbindlichen Entscheidungshilfen und Antworten auf&nbsp;Beratungsfragen dar, noch sollten aufgrund dieser Angaben arbeitsrechtliche oder andere&nbsp;Entscheide gef&auml;llt werden. Jegliches Handeln, welches aufgrund der Angaben auf dieser Website&nbsp;getroffen wird, erfolgt auf das alleinige Risiko des Benutzers.<br />\r\n<br />\r\n<h2>\r\n	Funktionen dieser Website</h2>\r\n{CONTACT_COMPANY} &uuml;bernimmt keine Verantwortung und gibt keine Garantie daf&uuml;r ab, dass die&nbsp;Funktionen auf ihrer Website dauernd und ununterbrochen zur Verf&uuml;gung stehen, fehlerfrei sind&nbsp;oder Fehler behoben werden oder dass die Website oder die jeweiligen Server frei von Viren oder&nbsp;sonstigen sch&auml;dlichen Bestandteilen sind.<br />\r\n<br />\r\n<h2>\r\n	Links</h2>\r\nDiese Website enth&auml;lt Links zu Websites von Dritten. Deren Inhalte sind dem Einfluss von {CONTACT_COMPANY} entzogen, weshalb weder f&uuml;r deren Richtigkeit, Vollst&auml;ndigkeit und Rechtm&auml;ssigkeit&nbsp;irgendeine Gew&auml;hrleistung &uuml;bernommen werden kann. {CONTACT_COMPANY} &uuml;bernimmt daher keinerlei&nbsp;Haftung f&uuml;r die Inhalte auf den Seiten dieser Dritten.<br />\r\n<br />\r\n<h2>\r\n	Keine Sicherheit der Daten&uuml;bertragung</h2>\r\nDie E-Mail-Kommunikation findet &uuml;ber ein offenes, jedermann zug&auml;ngliches und grenz&uuml;berschreitendes&nbsp;Netz statt. Sie ist unverschl&uuml;sselt. Es kann somit nicht ausgeschlossen werden,&nbsp;dass so gesendete Daten durch Dritte eingesehen und damit auch die Kontaktaufnahme zu {CONTACT_COMPANY} nachvollzogen werden kann.<br />\r\n<br />\r\n<h2>\r\n	Datenschutz</h2>\r\n{CONTACT_COMPANY} beh&auml;lt sich vor, personenbezogene Daten, welche ihr elektronisch &uuml;bermittelt&nbsp;werden, f&uuml;r eigene Marketingzwecke zu erfassen und auszuwerten. Sie beachtet dabei die&nbsp;Bestimmungen des Eidgen&ouml;ssischen Datenschutzgesetzes und gibt die Daten nicht an Dritte weiter.<br />\r\n<br />\r\n<h2>\r\n	Haftungsausschluss</h2>\r\nDie Inhalte dieser Website beinhalten keinerlei Zusicherungen oder Garantien. {CONTACT_COMPANY}&nbsp;haftet in keinem Fall, inklusive Fahrl&auml;ssigkeit und Haftung gegen&uuml;ber Drittpersonen, f&uuml;r allf&auml;llige&nbsp;direkte, indirekte oder Folgesch&auml;den, welche als Folge des Gebrauchs von Informationen und&nbsp;Material aus dieser Website oder durch den Zugriff &uuml;ber Links auf andere Websites entstehen.<br />\r\n<br />\r\n<h2>\r\n	Copyright und andere Schutzrechte</h2>\r\nDer gesamte Inhalt der Website von {CONTACT_COMPANY} ist urheberrechtlich gesch&uuml;tzt. Alle Rechte&nbsp;sind vorbehalten. (Das Logo von {CONTACT_COMPANY} ist ein eingetragenes Markenzeichen). Durch den&nbsp;Zugriff auf die Website von {CONTACT_COMPANY} das Herunterladen oder Kopieren von Daten dieser&nbsp;Website oder Teilen davon, werden dem Benutzer keinerlei Rechte am Inhalt, an der Software,&nbsp;einer eingetragenen Marke oder an sonst einem Element der Website einger&auml;umt. Jegliche&nbsp;Modifikation, Reproduktion oder Benutzung der Website, des Logos von {CONTACT_COMPANY} oder Teile&nbsp;davon f&uuml;r einen &ouml;ffentlichen oder kommerziellen Zweck ist ohne vorherige schriftliche Zustimmung&nbsp;von {CONTACT_COMPANY} strikt untersagt.', 'Rechtliche Hinweise', '', '0', '0', '0', '319', 'system');
INSERT INTO `contrexx_module_repository` (`id`, `moduleid`, `content`, `title`, `cmd`, `expertmode`, `parid`, `displaystatus`, `displayorder`, `username`) VALUES ('126', '53', '{APPLICATION_DATA}', 'Digital Asset Management', '', '0', '0', '1', '43', 'system');
INSERT INTO `contrexx_module_repository` (`id`, `moduleid`, `content`, `title`, `cmd`, `expertmode`, `parid`, `displaystatus`, `displayorder`, `username`) VALUES ('138', '60', '{APPLICATION_DATA}', 'Team', 'team', '0', '0', '1', '121', 'system');
INSERT INTO `contrexx_module_repository` (`id`, `moduleid`, `content`, `title`, `cmd`, `expertmode`, `parid`, `displaystatus`, `displayorder`, `username`) VALUES ('139', '60', '{APPLICATION_DATA}', 'Referenzen', 'referenzen', '0', '0', '1', '123', 'system');
INSERT INTO `contrexx_module_repository` (`id`, `moduleid`, `content`, `title`, `cmd`, `expertmode`, `parid`, `displaystatus`, `displayorder`, `username`) VALUES ('140', '60', '{APPLICATION_DATA}', 'Detailansicht', 'detail', '0', '139', '0', '124', 'system');
INSERT INTO `contrexx_module_repository` (`id`, `moduleid`, `content`, `title`, `cmd`, `expertmode`, `parid`, `displaystatus`, `displayorder`, `username`) VALUES ('141', '60', '{APPLICATION_DATA}', 'Alphabetisch', 'alphabetical', '0', '0', '1', '233', 'system');
INSERT INTO `contrexx_module_repository` (`id`, `moduleid`, `content`, `title`, `cmd`, `expertmode`, `parid`, `displaystatus`, `displayorder`, `username`) VALUES ('142', '60', '{APPLICATION_DATA}', 'Karte', 'map', '0', '0', '1', '235', 'system');
INSERT INTO `contrexx_module_repository` (`id`, `moduleid`, `content`, `title`, `cmd`, `expertmode`, `parid`, `displaystatus`, `displayorder`, `username`) VALUES ('143', '60', '{APPLICATION_DATA}', 'Suche', 'search', '0', '0', '1', '237', 'system');
INSERT INTO `contrexx_module_repository` (`id`, `moduleid`, `content`, `title`, `cmd`, `expertmode`, `parid`, `displaystatus`, `displayorder`, `username`) VALUES ('144', '60', '{APPLICATION_DATA}', 'Beliebte', 'popular', '0', '0', '1', '239', 'system');
INSERT INTO `contrexx_module_repository` (`id`, `moduleid`, `content`, `title`, `cmd`, `expertmode`, `parid`, `displaystatus`, `displayorder`, `username`) VALUES ('145', '60', '{APPLICATION_DATA}', 'Neueste', 'latest', '0', '0', '1', '241', 'system');
INSERT INTO `contrexx_module_repository` (`id`, `moduleid`, `content`, `title`, `cmd`, `expertmode`, `parid`, `displaystatus`, `displayorder`, `username`) VALUES ('146', '60', '{APPLICATION_DATA}', 'Hinzufügen', 'add', '0', '0', '1', '243', 'system');
INSERT INTO `contrexx_module_repository` (`id`, `moduleid`, `content`, `title`, `cmd`, `expertmode`, `parid`, `displaystatus`, `displayorder`, `username`) VALUES ('147', '60', '{APPLICATION_DATA}', 'Detail', 'detail', '0', '0', '0', '245', 'system');
INSERT INTO `contrexx_module_repository` (`id`, `moduleid`, `content`, `title`, `cmd`, `expertmode`, `parid`, `displaystatus`, `displayorder`, `username`) VALUES ('148', '60', '{APPLICATION_DATA}', 'Löschen', 'delete', '0', '0', '0', '247', 'system');
INSERT INTO `contrexx_module_repository` (`id`, `moduleid`, `content`, `title`, `cmd`, `expertmode`, `parid`, `displaystatus`, `displayorder`, `username`) VALUES ('149', '60', '{APPLICATION_DATA}', 'Bearbeiten', 'edit', '0', '0', '0', '249', 'system');
INSERT INTO `contrexx_module_repository` (`id`, `moduleid`, `content`, `title`, `cmd`, `expertmode`, `parid`, `displaystatus`, `displayorder`, `username`) VALUES ('150', '68', '{APPLICATION_DATA}', 'Filesharing', '', '0', '0', '1', '45', 'system');
INSERT INTO `contrexx_module_shop_article_group` (`id`) VALUES (1);
INSERT INTO `contrexx_module_shop_attribute` (`id`, `type`) VALUES (1,0);
INSERT INTO `contrexx_module_shop_categories` (`id`, `parent_id`, `ord`, `active`, `picture`, `flags`) VALUES (9,0,0,1,'htc_one_x_small.jpg','');
INSERT INTO `contrexx_module_shop_categories` (`id`, `parent_id`, `ord`, `active`, `picture`, `flags`) VALUES (10,0,0,1,'cloudrexx_logo.png','');
INSERT INTO `contrexx_module_shop_categories` (`id`, `parent_id`, `ord`, `active`, `picture`, `flags`) VALUES (11,0,0,1,'become_a_member.jpg','');
INSERT INTO `contrexx_module_shop_currencies` (`id`, `code`, `symbol`, `rate`, `ord`, `active`, `default`, `increment`) VALUES (1,'CHF','CHF',1.0000,1,1,1,0.05000);
INSERT INTO `contrexx_module_shop_currencies` (`id`, `code`, `symbol`, `rate`, `ord`, `active`, `default`, `increment`) VALUES (4,'EUR','€',0.8300,2,1,0,0.01000);
INSERT INTO `contrexx_module_shop_currencies` (`id`, `code`, `symbol`, `rate`, `ord`, `active`, `default`, `increment`) VALUES (5,'USD','USD',1.0500,0,1,0,0.01000);
INSERT INTO `contrexx_module_shop_customer_group` (`id`) VALUES (1);
INSERT INTO `contrexx_module_shop_customer_group` (`id`) VALUES (2);
INSERT INTO `contrexx_module_shop_customer_group` (`id`) VALUES (3);
INSERT INTO `contrexx_module_shop_discount_coupon` (`code`, `customer_id`, `payment_id`, `product_id`, `start_time`, `end_time`, `uses`, `global`, `minimum_amount`, `discount_amount`, `discount_rate`) VALUES ('cloudrexx',0,0,0,1336946400,0,1410065408,1,0.00,0.00,10);
INSERT INTO `contrexx_module_shop_discountgroup_count_name` (`id`) VALUES (1);
INSERT INTO `contrexx_module_shop_discountgroup_count_rate` (`group_id`, `count`, `rate`) VALUES (1,5,5.00);
INSERT INTO `contrexx_module_shop_discountgroup_count_rate` (`group_id`, `count`, `rate`) VALUES (1,25,10.00);
INSERT INTO `contrexx_module_shop_discountgroup_count_rate` (`group_id`, `count`, `rate`) VALUES (1,100,15.00);
INSERT INTO `contrexx_module_shop_manufacturer` (`id`) VALUES (1);
INSERT INTO `contrexx_module_shop_manufacturer` (`id`) VALUES (2);
INSERT INTO `contrexx_module_shop_manufacturer` (`id`) VALUES (3);
INSERT INTO `contrexx_module_shop_manufacturer` (`id`) VALUES (4);
INSERT INTO `contrexx_module_shop_option` (`id`, `attribute_id`, `price`) VALUES (1,1,19.00);
INSERT INTO `contrexx_module_shop_option` (`id`, `attribute_id`, `price`) VALUES (2,1,400.00);
INSERT INTO `contrexx_module_shop_option` (`id`, `attribute_id`, `price`) VALUES (3,1,19.90);
INSERT INTO `contrexx_module_shop_payment` (`id`, `processor_id`, `fee`, `free_from`, `ord`, `active`) VALUES (2,1,2.00,20000.00,0,1);
INSERT INTO `contrexx_module_shop_payment` (`id`, `processor_id`, `fee`, `free_from`, `ord`, `active`) VALUES (9,4,10.00,15000.00,0,1);
INSERT INTO `contrexx_module_shop_payment` (`id`, `processor_id`, `fee`, `free_from`, `ord`, `active`) VALUES (12,2,2.00,10000.00,0,1);
INSERT INTO `contrexx_module_shop_payment` (`id`, `processor_id`, `fee`, `free_from`, `ord`, `active`) VALUES (13,9,0.00,0.00,0,1);
INSERT INTO `contrexx_module_shop_payment` (`id`, `processor_id`, `fee`, `free_from`, `ord`, `active`) VALUES (14,3,0.00,0.00,0,1);
INSERT INTO `contrexx_module_shop_payment` (`id`, `processor_id`, `fee`, `free_from`, `ord`, `active`) VALUES (15,10,2.00,1000.00,0,1);
INSERT INTO `contrexx_module_shop_payment_processors` (`id`, `type`, `name`, `description`, `company_url`, `status`, `picture`) VALUES (1,'external','saferpay','Saferpay is a comprehensive Internet payment platform, specially developed for commercial applications. It provides a guarantee of secure payment processes over the Internet for merchants as well as for cardholders. Merchants benefit from the easy integration of the payment method into their e-commerce platform, and from the modularity with which they can take account of current and future requirements. Cardholders benefit from the security of buying from any shop that uses Saferpay.','http://www.saferpay.com/',1,'logo_saferpay.gif');
INSERT INTO `contrexx_module_shop_payment_processors` (`id`, `type`, `name`, `description`, `company_url`, `status`, `picture`) VALUES (2,'external','paypal','With more than 40 million member accounts in over 45 countries worldwide, PayPal is the world\'s largest online payment service. PayPal makes sending money as easy as sending email! Any PayPal member can instantly and securely send money to anyone in the U.S. with an email address. PayPal can also be used on a web-enabled cell phone. In the future, PayPal will be available to use on web-enabled pagers and other handheld devices.','http://www.paypal.com/',1,'logo_paypal.gif');
INSERT INTO `contrexx_module_shop_payment_processors` (`id`, `type`, `name`, `description`, `company_url`, `status`, `picture`) VALUES (3,'external','yellowpay','PostFinance vereinfacht das Inkasso im Online-Shop.','http://www.postfinance.ch/',1,'logo_postfinance.png');
INSERT INTO `contrexx_module_shop_payment_processors` (`id`, `type`, `name`, `description`, `company_url`, `status`, `picture`) VALUES (4,'internal','internal','Internal no forms','',1,'');
INSERT INTO `contrexx_module_shop_payment_processors` (`id`, `type`, `name`, `description`, `company_url`, `status`, `picture`) VALUES (9,'internal','internal_lsv','LSV with internal form','',1,'');
INSERT INTO `contrexx_module_shop_payment_processors` (`id`, `type`, `name`, `description`, `company_url`, `status`, `picture`) VALUES (10,'external','datatrans','Die professionelle und komplette Payment-Lösung','http://datatrans.biz/',1,'logo_datatrans.gif');
INSERT INTO `contrexx_module_shop_payment_processors` (`id`, `type`, `name`, `description`, `company_url`, `status`, `picture`) VALUES (11,'external','mobilesolutions','PostFinance Mobile','https://postfinance.mobilesolutions.ch/',1,'logo_postfinance_mobile.gif');
INSERT INTO `contrexx_module_shop_payment_processors` (`id`, `type`, `name`, `description`, `company_url`, `status`, `picture`) VALUES (15,'external','payrexx','Payrexx is a payment gateway solution developed in Switzerland.','https://www.payrexx.com',1,'logo_payrexx.png');
INSERT INTO `contrexx_module_shop_payment_processors` (`id`, `type`, `name`, `description`, `company_url`, `status`, `picture`) VALUES (16,'external','saferpay_json','Saferpay is a comprehensive Internet payment platform, specially developed for commercial applications. It provides a guarantee of secure payment processes over the Internet for merchants as well as for cardholders. Merchants benefit from the easy integration of the payment method into their e-commerce platform, and from the modularity with which they can take account of current and future requirements. Cardholders benefit from the security of buying from any shop that uses Saferpay.','http://www.saferpay.com/',1,'logo_saferpay.gif');
INSERT INTO `contrexx_module_shop_pricelists` (`id`, `name`, `lang_id`, `border_on`, `header_on`, `header_left`, `header_right`, `footer_on`, `footer_left`, `footer_right`, `categories`) VALUES (1,'Beispiel Preisliste',1,1,1,'Beispiel Preisliste',NULL,1,'<--DATE-->','<--PAGENUMBER-->','*');
INSERT INTO `contrexx_module_shop_products` (`id`, `picture`, `category_id`, `distribution`, `normalprice`, `resellerprice`, `stock`, `stock_visible`, `discountprice`, `discount_active`, `active`, `b2b`, `b2c`, `date_start`, `date_end`, `manufacturer_id`, `ord`, `vat_id`, `weight`, `flags`, `group_id`, `article_id`, `usergroup_ids`, `minimum_order_quantity`) VALUES (12,'aHRjX29uZV94LmpwZw==?NTIw?Mjkx:?MA==?MA==:?MA==?MA==','9','delivery',549.90,0.00,50,0,500.00,1,1,1,1,'0000-00-00 00:00:00','0000-00-00 00:00:00',3,0,10,0,'',0,0,'',0);
INSERT INTO `contrexx_module_shop_products` (`id`, `picture`, `category_id`, `distribution`, `normalprice`, `resellerprice`, `stock`, `stock_visible`, `discountprice`, `discount_active`, `active`, `b2b`, `b2c`, `date_start`, `date_end`, `manufacturer_id`, `ord`, `vat_id`, `weight`, `flags`, `group_id`, `article_id`, `usergroup_ids`, `minimum_order_quantity`) VALUES (13,'Y2xvdWRyZXh4LnBuZw==?NDA5?NDgw:??:??','10','delivery',588.00,0.00,10000,0,0.00,0,1,1,1,'0000-00-00 00:00:00','0000-00-00 00:00:00',1,0,10,0,'',0,0,'',0);
INSERT INTO `contrexx_module_shop_products` (`id`, `picture`, `category_id`, `distribution`, `normalprice`, `resellerprice`, `stock`, `stock_visible`, `discountprice`, `discount_active`, `active`, `b2b`, `b2c`, `date_start`, `date_end`, `manufacturer_id`, `ord`, `vat_id`, `weight`, `flags`, `group_id`, `article_id`, `usergroup_ids`, `minimum_order_quantity`) VALUES (14,'bWl0Z2xpZWRzY2hhZnQuanBn?NTIy?NTM4:?MA==?MA==:?MA==?MA==','11','none',60.00,0.00,100000,0,0.00,0,1,1,1,'0000-00-00 00:00:00','0000-00-00 00:00:00',4,0,10,0,'',0,0,'',0);
INSERT INTO `contrexx_module_shop_rel_countries` (`zone_id`, `country_id`) VALUES (1,1);
INSERT INTO `contrexx_module_shop_rel_countries` (`zone_id`, `country_id`) VALUES (1,2);
INSERT INTO `contrexx_module_shop_rel_countries` (`zone_id`, `country_id`) VALUES (1,3);
INSERT INTO `contrexx_module_shop_rel_countries` (`zone_id`, `country_id`) VALUES (1,4);
INSERT INTO `contrexx_module_shop_rel_countries` (`zone_id`, `country_id`) VALUES (1,5);
INSERT INTO `contrexx_module_shop_rel_countries` (`zone_id`, `country_id`) VALUES (1,6);
INSERT INTO `contrexx_module_shop_rel_countries` (`zone_id`, `country_id`) VALUES (1,7);
INSERT INTO `contrexx_module_shop_rel_countries` (`zone_id`, `country_id`) VALUES (1,8);
INSERT INTO `contrexx_module_shop_rel_countries` (`zone_id`, `country_id`) VALUES (1,9);
INSERT INTO `contrexx_module_shop_rel_countries` (`zone_id`, `country_id`) VALUES (1,10);
INSERT INTO `contrexx_module_shop_rel_countries` (`zone_id`, `country_id`) VALUES (1,11);
INSERT INTO `contrexx_module_shop_rel_countries` (`zone_id`, `country_id`) VALUES (1,12);
INSERT INTO `contrexx_module_shop_rel_countries` (`zone_id`, `country_id`) VALUES (1,13);
INSERT INTO `contrexx_module_shop_rel_countries` (`zone_id`, `country_id`) VALUES (1,14);
INSERT INTO `contrexx_module_shop_rel_countries` (`zone_id`, `country_id`) VALUES (1,15);
INSERT INTO `contrexx_module_shop_rel_countries` (`zone_id`, `country_id`) VALUES (1,16);
INSERT INTO `contrexx_module_shop_rel_countries` (`zone_id`, `country_id`) VALUES (1,17);
INSERT INTO `contrexx_module_shop_rel_countries` (`zone_id`, `country_id`) VALUES (1,18);
INSERT INTO `contrexx_module_shop_rel_countries` (`zone_id`, `country_id`) VALUES (1,19);
INSERT INTO `contrexx_module_shop_rel_countries` (`zone_id`, `country_id`) VALUES (1,20);
INSERT INTO `contrexx_module_shop_rel_countries` (`zone_id`, `country_id`) VALUES (1,21);
INSERT INTO `contrexx_module_shop_rel_countries` (`zone_id`, `country_id`) VALUES (1,22);
INSERT INTO `contrexx_module_shop_rel_countries` (`zone_id`, `country_id`) VALUES (1,23);
INSERT INTO `contrexx_module_shop_rel_countries` (`zone_id`, `country_id`) VALUES (1,24);
INSERT INTO `contrexx_module_shop_rel_countries` (`zone_id`, `country_id`) VALUES (1,25);
INSERT INTO `contrexx_module_shop_rel_countries` (`zone_id`, `country_id`) VALUES (1,26);
INSERT INTO `contrexx_module_shop_rel_countries` (`zone_id`, `country_id`) VALUES (1,27);
INSERT INTO `contrexx_module_shop_rel_countries` (`zone_id`, `country_id`) VALUES (1,28);
INSERT INTO `contrexx_module_shop_rel_countries` (`zone_id`, `country_id`) VALUES (1,29);
INSERT INTO `contrexx_module_shop_rel_countries` (`zone_id`, `country_id`) VALUES (1,30);
INSERT INTO `contrexx_module_shop_rel_countries` (`zone_id`, `country_id`) VALUES (1,31);
INSERT INTO `contrexx_module_shop_rel_countries` (`zone_id`, `country_id`) VALUES (1,32);
INSERT INTO `contrexx_module_shop_rel_countries` (`zone_id`, `country_id`) VALUES (1,33);
INSERT INTO `contrexx_module_shop_rel_countries` (`zone_id`, `country_id`) VALUES (1,34);
INSERT INTO `contrexx_module_shop_rel_countries` (`zone_id`, `country_id`) VALUES (1,35);
INSERT INTO `contrexx_module_shop_rel_countries` (`zone_id`, `country_id`) VALUES (1,36);
INSERT INTO `contrexx_module_shop_rel_countries` (`zone_id`, `country_id`) VALUES (1,37);
INSERT INTO `contrexx_module_shop_rel_countries` (`zone_id`, `country_id`) VALUES (1,38);
INSERT INTO `contrexx_module_shop_rel_countries` (`zone_id`, `country_id`) VALUES (1,39);
INSERT INTO `contrexx_module_shop_rel_countries` (`zone_id`, `country_id`) VALUES (1,40);
INSERT INTO `contrexx_module_shop_rel_countries` (`zone_id`, `country_id`) VALUES (1,41);
INSERT INTO `contrexx_module_shop_rel_countries` (`zone_id`, `country_id`) VALUES (1,42);
INSERT INTO `contrexx_module_shop_rel_countries` (`zone_id`, `country_id`) VALUES (1,43);
INSERT INTO `contrexx_module_shop_rel_countries` (`zone_id`, `country_id`) VALUES (1,44);
INSERT INTO `contrexx_module_shop_rel_countries` (`zone_id`, `country_id`) VALUES (1,45);
INSERT INTO `contrexx_module_shop_rel_countries` (`zone_id`, `country_id`) VALUES (1,46);
INSERT INTO `contrexx_module_shop_rel_countries` (`zone_id`, `country_id`) VALUES (1,47);
INSERT INTO `contrexx_module_shop_rel_countries` (`zone_id`, `country_id`) VALUES (1,48);
INSERT INTO `contrexx_module_shop_rel_countries` (`zone_id`, `country_id`) VALUES (1,49);
INSERT INTO `contrexx_module_shop_rel_countries` (`zone_id`, `country_id`) VALUES (1,50);
INSERT INTO `contrexx_module_shop_rel_countries` (`zone_id`, `country_id`) VALUES (1,51);
INSERT INTO `contrexx_module_shop_rel_countries` (`zone_id`, `country_id`) VALUES (1,52);
INSERT INTO `contrexx_module_shop_rel_countries` (`zone_id`, `country_id`) VALUES (1,53);
INSERT INTO `contrexx_module_shop_rel_countries` (`zone_id`, `country_id`) VALUES (1,54);
INSERT INTO `contrexx_module_shop_rel_countries` (`zone_id`, `country_id`) VALUES (1,55);
INSERT INTO `contrexx_module_shop_rel_countries` (`zone_id`, `country_id`) VALUES (1,56);
INSERT INTO `contrexx_module_shop_rel_countries` (`zone_id`, `country_id`) VALUES (1,57);
INSERT INTO `contrexx_module_shop_rel_countries` (`zone_id`, `country_id`) VALUES (1,58);
INSERT INTO `contrexx_module_shop_rel_countries` (`zone_id`, `country_id`) VALUES (1,59);
INSERT INTO `contrexx_module_shop_rel_countries` (`zone_id`, `country_id`) VALUES (1,60);
INSERT INTO `contrexx_module_shop_rel_countries` (`zone_id`, `country_id`) VALUES (1,61);
INSERT INTO `contrexx_module_shop_rel_countries` (`zone_id`, `country_id`) VALUES (1,62);
INSERT INTO `contrexx_module_shop_rel_countries` (`zone_id`, `country_id`) VALUES (1,63);
INSERT INTO `contrexx_module_shop_rel_countries` (`zone_id`, `country_id`) VALUES (1,64);
INSERT INTO `contrexx_module_shop_rel_countries` (`zone_id`, `country_id`) VALUES (1,65);
INSERT INTO `contrexx_module_shop_rel_countries` (`zone_id`, `country_id`) VALUES (1,66);
INSERT INTO `contrexx_module_shop_rel_countries` (`zone_id`, `country_id`) VALUES (1,67);
INSERT INTO `contrexx_module_shop_rel_countries` (`zone_id`, `country_id`) VALUES (1,68);
INSERT INTO `contrexx_module_shop_rel_countries` (`zone_id`, `country_id`) VALUES (1,69);
INSERT INTO `contrexx_module_shop_rel_countries` (`zone_id`, `country_id`) VALUES (1,70);
INSERT INTO `contrexx_module_shop_rel_countries` (`zone_id`, `country_id`) VALUES (1,71);
INSERT INTO `contrexx_module_shop_rel_countries` (`zone_id`, `country_id`) VALUES (1,72);
INSERT INTO `contrexx_module_shop_rel_countries` (`zone_id`, `country_id`) VALUES (1,73);
INSERT INTO `contrexx_module_shop_rel_countries` (`zone_id`, `country_id`) VALUES (1,75);
INSERT INTO `contrexx_module_shop_rel_countries` (`zone_id`, `country_id`) VALUES (1,76);
INSERT INTO `contrexx_module_shop_rel_countries` (`zone_id`, `country_id`) VALUES (1,77);
INSERT INTO `contrexx_module_shop_rel_countries` (`zone_id`, `country_id`) VALUES (1,78);
INSERT INTO `contrexx_module_shop_rel_countries` (`zone_id`, `country_id`) VALUES (1,79);
INSERT INTO `contrexx_module_shop_rel_countries` (`zone_id`, `country_id`) VALUES (1,80);
INSERT INTO `contrexx_module_shop_rel_countries` (`zone_id`, `country_id`) VALUES (1,81);
INSERT INTO `contrexx_module_shop_rel_countries` (`zone_id`, `country_id`) VALUES (3,81);
INSERT INTO `contrexx_module_shop_rel_countries` (`zone_id`, `country_id`) VALUES (1,82);
INSERT INTO `contrexx_module_shop_rel_countries` (`zone_id`, `country_id`) VALUES (1,83);
INSERT INTO `contrexx_module_shop_rel_countries` (`zone_id`, `country_id`) VALUES (1,84);
INSERT INTO `contrexx_module_shop_rel_countries` (`zone_id`, `country_id`) VALUES (1,85);
INSERT INTO `contrexx_module_shop_rel_countries` (`zone_id`, `country_id`) VALUES (1,86);
INSERT INTO `contrexx_module_shop_rel_countries` (`zone_id`, `country_id`) VALUES (1,87);
INSERT INTO `contrexx_module_shop_rel_countries` (`zone_id`, `country_id`) VALUES (1,88);
INSERT INTO `contrexx_module_shop_rel_countries` (`zone_id`, `country_id`) VALUES (1,89);
INSERT INTO `contrexx_module_shop_rel_countries` (`zone_id`, `country_id`) VALUES (1,90);
INSERT INTO `contrexx_module_shop_rel_countries` (`zone_id`, `country_id`) VALUES (1,91);
INSERT INTO `contrexx_module_shop_rel_countries` (`zone_id`, `country_id`) VALUES (1,92);
INSERT INTO `contrexx_module_shop_rel_countries` (`zone_id`, `country_id`) VALUES (1,93);
INSERT INTO `contrexx_module_shop_rel_countries` (`zone_id`, `country_id`) VALUES (1,94);
INSERT INTO `contrexx_module_shop_rel_countries` (`zone_id`, `country_id`) VALUES (1,95);
INSERT INTO `contrexx_module_shop_rel_countries` (`zone_id`, `country_id`) VALUES (1,96);
INSERT INTO `contrexx_module_shop_rel_countries` (`zone_id`, `country_id`) VALUES (1,97);
INSERT INTO `contrexx_module_shop_rel_countries` (`zone_id`, `country_id`) VALUES (1,98);
INSERT INTO `contrexx_module_shop_rel_countries` (`zone_id`, `country_id`) VALUES (1,99);
INSERT INTO `contrexx_module_shop_rel_countries` (`zone_id`, `country_id`) VALUES (1,101);
INSERT INTO `contrexx_module_shop_rel_countries` (`zone_id`, `country_id`) VALUES (1,102);
INSERT INTO `contrexx_module_shop_rel_countries` (`zone_id`, `country_id`) VALUES (1,103);
INSERT INTO `contrexx_module_shop_rel_countries` (`zone_id`, `country_id`) VALUES (1,104);
INSERT INTO `contrexx_module_shop_rel_countries` (`zone_id`, `country_id`) VALUES (1,105);
INSERT INTO `contrexx_module_shop_rel_countries` (`zone_id`, `country_id`) VALUES (1,106);
INSERT INTO `contrexx_module_shop_rel_countries` (`zone_id`, `country_id`) VALUES (1,107);
INSERT INTO `contrexx_module_shop_rel_countries` (`zone_id`, `country_id`) VALUES (1,108);
INSERT INTO `contrexx_module_shop_rel_countries` (`zone_id`, `country_id`) VALUES (1,109);
INSERT INTO `contrexx_module_shop_rel_countries` (`zone_id`, `country_id`) VALUES (1,110);
INSERT INTO `contrexx_module_shop_rel_countries` (`zone_id`, `country_id`) VALUES (1,111);
INSERT INTO `contrexx_module_shop_rel_countries` (`zone_id`, `country_id`) VALUES (1,112);
INSERT INTO `contrexx_module_shop_rel_countries` (`zone_id`, `country_id`) VALUES (1,113);
INSERT INTO `contrexx_module_shop_rel_countries` (`zone_id`, `country_id`) VALUES (1,114);
INSERT INTO `contrexx_module_shop_rel_countries` (`zone_id`, `country_id`) VALUES (1,115);
INSERT INTO `contrexx_module_shop_rel_countries` (`zone_id`, `country_id`) VALUES (1,116);
INSERT INTO `contrexx_module_shop_rel_countries` (`zone_id`, `country_id`) VALUES (1,117);
INSERT INTO `contrexx_module_shop_rel_countries` (`zone_id`, `country_id`) VALUES (1,118);
INSERT INTO `contrexx_module_shop_rel_countries` (`zone_id`, `country_id`) VALUES (1,119);
INSERT INTO `contrexx_module_shop_rel_countries` (`zone_id`, `country_id`) VALUES (1,120);
INSERT INTO `contrexx_module_shop_rel_countries` (`zone_id`, `country_id`) VALUES (1,121);
INSERT INTO `contrexx_module_shop_rel_countries` (`zone_id`, `country_id`) VALUES (1,122);
INSERT INTO `contrexx_module_shop_rel_countries` (`zone_id`, `country_id`) VALUES (2,122);
INSERT INTO `contrexx_module_shop_rel_countries` (`zone_id`, `country_id`) VALUES (1,123);
INSERT INTO `contrexx_module_shop_rel_countries` (`zone_id`, `country_id`) VALUES (1,124);
INSERT INTO `contrexx_module_shop_rel_countries` (`zone_id`, `country_id`) VALUES (1,125);
INSERT INTO `contrexx_module_shop_rel_countries` (`zone_id`, `country_id`) VALUES (1,126);
INSERT INTO `contrexx_module_shop_rel_countries` (`zone_id`, `country_id`) VALUES (1,127);
INSERT INTO `contrexx_module_shop_rel_countries` (`zone_id`, `country_id`) VALUES (1,128);
INSERT INTO `contrexx_module_shop_rel_countries` (`zone_id`, `country_id`) VALUES (1,129);
INSERT INTO `contrexx_module_shop_rel_countries` (`zone_id`, `country_id`) VALUES (1,130);
INSERT INTO `contrexx_module_shop_rel_countries` (`zone_id`, `country_id`) VALUES (1,131);
INSERT INTO `contrexx_module_shop_rel_countries` (`zone_id`, `country_id`) VALUES (1,132);
INSERT INTO `contrexx_module_shop_rel_countries` (`zone_id`, `country_id`) VALUES (1,133);
INSERT INTO `contrexx_module_shop_rel_countries` (`zone_id`, `country_id`) VALUES (1,134);
INSERT INTO `contrexx_module_shop_rel_countries` (`zone_id`, `country_id`) VALUES (1,135);
INSERT INTO `contrexx_module_shop_rel_countries` (`zone_id`, `country_id`) VALUES (1,136);
INSERT INTO `contrexx_module_shop_rel_countries` (`zone_id`, `country_id`) VALUES (1,137);
INSERT INTO `contrexx_module_shop_rel_countries` (`zone_id`, `country_id`) VALUES (1,138);
INSERT INTO `contrexx_module_shop_rel_countries` (`zone_id`, `country_id`) VALUES (1,139);
INSERT INTO `contrexx_module_shop_rel_countries` (`zone_id`, `country_id`) VALUES (1,140);
INSERT INTO `contrexx_module_shop_rel_countries` (`zone_id`, `country_id`) VALUES (1,141);
INSERT INTO `contrexx_module_shop_rel_countries` (`zone_id`, `country_id`) VALUES (1,142);
INSERT INTO `contrexx_module_shop_rel_countries` (`zone_id`, `country_id`) VALUES (1,143);
INSERT INTO `contrexx_module_shop_rel_countries` (`zone_id`, `country_id`) VALUES (1,144);
INSERT INTO `contrexx_module_shop_rel_countries` (`zone_id`, `country_id`) VALUES (1,145);
INSERT INTO `contrexx_module_shop_rel_countries` (`zone_id`, `country_id`) VALUES (1,146);
INSERT INTO `contrexx_module_shop_rel_countries` (`zone_id`, `country_id`) VALUES (1,147);
INSERT INTO `contrexx_module_shop_rel_countries` (`zone_id`, `country_id`) VALUES (1,148);
INSERT INTO `contrexx_module_shop_rel_countries` (`zone_id`, `country_id`) VALUES (1,149);
INSERT INTO `contrexx_module_shop_rel_countries` (`zone_id`, `country_id`) VALUES (1,150);
INSERT INTO `contrexx_module_shop_rel_countries` (`zone_id`, `country_id`) VALUES (1,152);
INSERT INTO `contrexx_module_shop_rel_countries` (`zone_id`, `country_id`) VALUES (1,153);
INSERT INTO `contrexx_module_shop_rel_countries` (`zone_id`, `country_id`) VALUES (1,154);
INSERT INTO `contrexx_module_shop_rel_countries` (`zone_id`, `country_id`) VALUES (1,155);
INSERT INTO `contrexx_module_shop_rel_countries` (`zone_id`, `country_id`) VALUES (1,156);
INSERT INTO `contrexx_module_shop_rel_countries` (`zone_id`, `country_id`) VALUES (1,157);
INSERT INTO `contrexx_module_shop_rel_countries` (`zone_id`, `country_id`) VALUES (1,158);
INSERT INTO `contrexx_module_shop_rel_countries` (`zone_id`, `country_id`) VALUES (1,159);
INSERT INTO `contrexx_module_shop_rel_countries` (`zone_id`, `country_id`) VALUES (1,160);
INSERT INTO `contrexx_module_shop_rel_countries` (`zone_id`, `country_id`) VALUES (1,161);
INSERT INTO `contrexx_module_shop_rel_countries` (`zone_id`, `country_id`) VALUES (1,162);
INSERT INTO `contrexx_module_shop_rel_countries` (`zone_id`, `country_id`) VALUES (1,163);
INSERT INTO `contrexx_module_shop_rel_countries` (`zone_id`, `country_id`) VALUES (1,164);
INSERT INTO `contrexx_module_shop_rel_countries` (`zone_id`, `country_id`) VALUES (1,165);
INSERT INTO `contrexx_module_shop_rel_countries` (`zone_id`, `country_id`) VALUES (1,166);
INSERT INTO `contrexx_module_shop_rel_countries` (`zone_id`, `country_id`) VALUES (1,167);
INSERT INTO `contrexx_module_shop_rel_countries` (`zone_id`, `country_id`) VALUES (1,168);
INSERT INTO `contrexx_module_shop_rel_countries` (`zone_id`, `country_id`) VALUES (1,169);
INSERT INTO `contrexx_module_shop_rel_countries` (`zone_id`, `country_id`) VALUES (1,170);
INSERT INTO `contrexx_module_shop_rel_countries` (`zone_id`, `country_id`) VALUES (1,171);
INSERT INTO `contrexx_module_shop_rel_countries` (`zone_id`, `country_id`) VALUES (1,172);
INSERT INTO `contrexx_module_shop_rel_countries` (`zone_id`, `country_id`) VALUES (1,173);
INSERT INTO `contrexx_module_shop_rel_countries` (`zone_id`, `country_id`) VALUES (1,174);
INSERT INTO `contrexx_module_shop_rel_countries` (`zone_id`, `country_id`) VALUES (1,175);
INSERT INTO `contrexx_module_shop_rel_countries` (`zone_id`, `country_id`) VALUES (1,176);
INSERT INTO `contrexx_module_shop_rel_countries` (`zone_id`, `country_id`) VALUES (1,177);
INSERT INTO `contrexx_module_shop_rel_countries` (`zone_id`, `country_id`) VALUES (1,178);
INSERT INTO `contrexx_module_shop_rel_countries` (`zone_id`, `country_id`) VALUES (1,179);
INSERT INTO `contrexx_module_shop_rel_countries` (`zone_id`, `country_id`) VALUES (1,180);
INSERT INTO `contrexx_module_shop_rel_countries` (`zone_id`, `country_id`) VALUES (1,181);
INSERT INTO `contrexx_module_shop_rel_countries` (`zone_id`, `country_id`) VALUES (1,182);
INSERT INTO `contrexx_module_shop_rel_countries` (`zone_id`, `country_id`) VALUES (1,183);
INSERT INTO `contrexx_module_shop_rel_countries` (`zone_id`, `country_id`) VALUES (1,184);
INSERT INTO `contrexx_module_shop_rel_countries` (`zone_id`, `country_id`) VALUES (1,185);
INSERT INTO `contrexx_module_shop_rel_countries` (`zone_id`, `country_id`) VALUES (1,186);
INSERT INTO `contrexx_module_shop_rel_countries` (`zone_id`, `country_id`) VALUES (1,187);
INSERT INTO `contrexx_module_shop_rel_countries` (`zone_id`, `country_id`) VALUES (1,188);
INSERT INTO `contrexx_module_shop_rel_countries` (`zone_id`, `country_id`) VALUES (1,189);
INSERT INTO `contrexx_module_shop_rel_countries` (`zone_id`, `country_id`) VALUES (1,190);
INSERT INTO `contrexx_module_shop_rel_countries` (`zone_id`, `country_id`) VALUES (1,191);
INSERT INTO `contrexx_module_shop_rel_countries` (`zone_id`, `country_id`) VALUES (1,192);
INSERT INTO `contrexx_module_shop_rel_countries` (`zone_id`, `country_id`) VALUES (1,193);
INSERT INTO `contrexx_module_shop_rel_countries` (`zone_id`, `country_id`) VALUES (1,194);
INSERT INTO `contrexx_module_shop_rel_countries` (`zone_id`, `country_id`) VALUES (1,195);
INSERT INTO `contrexx_module_shop_rel_countries` (`zone_id`, `country_id`) VALUES (1,196);
INSERT INTO `contrexx_module_shop_rel_countries` (`zone_id`, `country_id`) VALUES (1,197);
INSERT INTO `contrexx_module_shop_rel_countries` (`zone_id`, `country_id`) VALUES (1,198);
INSERT INTO `contrexx_module_shop_rel_countries` (`zone_id`, `country_id`) VALUES (1,199);
INSERT INTO `contrexx_module_shop_rel_countries` (`zone_id`, `country_id`) VALUES (1,200);
INSERT INTO `contrexx_module_shop_rel_countries` (`zone_id`, `country_id`) VALUES (1,201);
INSERT INTO `contrexx_module_shop_rel_countries` (`zone_id`, `country_id`) VALUES (1,202);
INSERT INTO `contrexx_module_shop_rel_countries` (`zone_id`, `country_id`) VALUES (1,203);
INSERT INTO `contrexx_module_shop_rel_countries` (`zone_id`, `country_id`) VALUES (1,204);
INSERT INTO `contrexx_module_shop_rel_countries` (`zone_id`, `country_id`) VALUES (2,204);
INSERT INTO `contrexx_module_shop_rel_countries` (`zone_id`, `country_id`) VALUES (1,205);
INSERT INTO `contrexx_module_shop_rel_countries` (`zone_id`, `country_id`) VALUES (1,206);
INSERT INTO `contrexx_module_shop_rel_countries` (`zone_id`, `country_id`) VALUES (1,207);
INSERT INTO `contrexx_module_shop_rel_countries` (`zone_id`, `country_id`) VALUES (1,208);
INSERT INTO `contrexx_module_shop_rel_countries` (`zone_id`, `country_id`) VALUES (1,209);
INSERT INTO `contrexx_module_shop_rel_countries` (`zone_id`, `country_id`) VALUES (1,210);
INSERT INTO `contrexx_module_shop_rel_countries` (`zone_id`, `country_id`) VALUES (1,211);
INSERT INTO `contrexx_module_shop_rel_countries` (`zone_id`, `country_id`) VALUES (1,212);
INSERT INTO `contrexx_module_shop_rel_countries` (`zone_id`, `country_id`) VALUES (1,213);
INSERT INTO `contrexx_module_shop_rel_countries` (`zone_id`, `country_id`) VALUES (1,214);
INSERT INTO `contrexx_module_shop_rel_countries` (`zone_id`, `country_id`) VALUES (1,215);
INSERT INTO `contrexx_module_shop_rel_countries` (`zone_id`, `country_id`) VALUES (1,216);
INSERT INTO `contrexx_module_shop_rel_countries` (`zone_id`, `country_id`) VALUES (1,217);
INSERT INTO `contrexx_module_shop_rel_countries` (`zone_id`, `country_id`) VALUES (1,218);
INSERT INTO `contrexx_module_shop_rel_countries` (`zone_id`, `country_id`) VALUES (1,219);
INSERT INTO `contrexx_module_shop_rel_countries` (`zone_id`, `country_id`) VALUES (1,220);
INSERT INTO `contrexx_module_shop_rel_countries` (`zone_id`, `country_id`) VALUES (1,221);
INSERT INTO `contrexx_module_shop_rel_countries` (`zone_id`, `country_id`) VALUES (1,222);
INSERT INTO `contrexx_module_shop_rel_countries` (`zone_id`, `country_id`) VALUES (1,223);
INSERT INTO `contrexx_module_shop_rel_countries` (`zone_id`, `country_id`) VALUES (1,224);
INSERT INTO `contrexx_module_shop_rel_countries` (`zone_id`, `country_id`) VALUES (1,225);
INSERT INTO `contrexx_module_shop_rel_countries` (`zone_id`, `country_id`) VALUES (1,226);
INSERT INTO `contrexx_module_shop_rel_countries` (`zone_id`, `country_id`) VALUES (1,227);
INSERT INTO `contrexx_module_shop_rel_countries` (`zone_id`, `country_id`) VALUES (1,228);
INSERT INTO `contrexx_module_shop_rel_countries` (`zone_id`, `country_id`) VALUES (1,229);
INSERT INTO `contrexx_module_shop_rel_countries` (`zone_id`, `country_id`) VALUES (1,230);
INSERT INTO `contrexx_module_shop_rel_countries` (`zone_id`, `country_id`) VALUES (1,231);
INSERT INTO `contrexx_module_shop_rel_countries` (`zone_id`, `country_id`) VALUES (1,232);
INSERT INTO `contrexx_module_shop_rel_countries` (`zone_id`, `country_id`) VALUES (1,233);
INSERT INTO `contrexx_module_shop_rel_countries` (`zone_id`, `country_id`) VALUES (1,234);
INSERT INTO `contrexx_module_shop_rel_countries` (`zone_id`, `country_id`) VALUES (1,235);
INSERT INTO `contrexx_module_shop_rel_countries` (`zone_id`, `country_id`) VALUES (1,237);
INSERT INTO `contrexx_module_shop_rel_countries` (`zone_id`, `country_id`) VALUES (1,238);
INSERT INTO `contrexx_module_shop_rel_countries` (`zone_id`, `country_id`) VALUES (1,239);
INSERT INTO `contrexx_module_shop_rel_countries` (`zone_id`, `country_id`) VALUES (1,240);
INSERT INTO `contrexx_module_shop_rel_countries` (`zone_id`, `country_id`) VALUES (1,241);
INSERT INTO `contrexx_module_shop_rel_countries` (`zone_id`, `country_id`) VALUES (1,242);
INSERT INTO `contrexx_module_shop_rel_countries` (`zone_id`, `country_id`) VALUES (1,243);
INSERT INTO `contrexx_module_shop_rel_countries` (`zone_id`, `country_id`) VALUES (1,244);
INSERT INTO `contrexx_module_shop_rel_countries` (`zone_id`, `country_id`) VALUES (1,245);
INSERT INTO `contrexx_module_shop_rel_countries` (`zone_id`, `country_id`) VALUES (1,246);
INSERT INTO `contrexx_module_shop_rel_countries` (`zone_id`, `country_id`) VALUES (1,247);
INSERT INTO `contrexx_module_shop_rel_countries` (`zone_id`, `country_id`) VALUES (1,248);
INSERT INTO `contrexx_module_shop_rel_countries` (`zone_id`, `country_id`) VALUES (1,249);
INSERT INTO `contrexx_module_shop_rel_countries` (`zone_id`, `country_id`) VALUES (1,250);
INSERT INTO `contrexx_module_shop_rel_countries` (`zone_id`, `country_id`) VALUES (1,251);
INSERT INTO `contrexx_module_shop_rel_countries` (`zone_id`, `country_id`) VALUES (1,252);
INSERT INTO `contrexx_module_shop_rel_discount_group` (`customer_group_id`, `article_group_id`, `rate`) VALUES (2,1,5.00);
INSERT INTO `contrexx_module_shop_rel_discount_group` (`customer_group_id`, `article_group_id`, `rate`) VALUES (3,1,10.00);
INSERT INTO `contrexx_module_shop_rel_payment` (`zone_id`, `payment_id`) VALUES (1,2);
INSERT INTO `contrexx_module_shop_rel_payment` (`zone_id`, `payment_id`) VALUES (1,9);
INSERT INTO `contrexx_module_shop_rel_payment` (`zone_id`, `payment_id`) VALUES (1,12);
INSERT INTO `contrexx_module_shop_rel_payment` (`zone_id`, `payment_id`) VALUES (1,13);
INSERT INTO `contrexx_module_shop_rel_payment` (`zone_id`, `payment_id`) VALUES (1,14);
INSERT INTO `contrexx_module_shop_rel_payment` (`zone_id`, `payment_id`) VALUES (2,15);
INSERT INTO `contrexx_module_shop_rel_product_attribute` (`product_id`, `option_id`, `ord`) VALUES (12,1,0);
INSERT INTO `contrexx_module_shop_rel_product_attribute` (`product_id`, `option_id`, `ord`) VALUES (12,3,0);
INSERT INTO `contrexx_module_shop_rel_shipper` (`zone_id`, `shipper_id`) VALUES (1,1);
INSERT INTO `contrexx_module_shop_rel_shipper` (`zone_id`, `shipper_id`) VALUES (1,2);
INSERT INTO `contrexx_module_shop_rel_shipper` (`zone_id`, `shipper_id`) VALUES (1,3);
INSERT INTO `contrexx_module_shop_rel_shipper` (`zone_id`, `shipper_id`) VALUES (1,4);
INSERT INTO `contrexx_module_shop_shipment_cost` (`id`, `shipper_id`, `max_weight`, `fee`, `free_from`) VALUES (1,1,1000,20.00,100.00);
INSERT INTO `contrexx_module_shop_shipment_cost` (`id`, `shipper_id`, `max_weight`, `fee`, `free_from`) VALUES (2,2,250,35.00,150.00);
INSERT INTO `contrexx_module_shop_shipment_cost` (`id`, `shipper_id`, `max_weight`, `fee`, `free_from`) VALUES (3,3,1000,10.00,100.00);
INSERT INTO `contrexx_module_shop_shipment_cost` (`id`, `shipper_id`, `max_weight`, `fee`, `free_from`) VALUES (4,4,1000,89.00,1000.00);
INSERT INTO `contrexx_module_shop_shipment_cost` (`id`, `shipper_id`, `max_weight`, `fee`, `free_from`) VALUES (5,1,10000,50.00,1000.00);
INSERT INTO `contrexx_module_shop_shipment_cost` (`id`, `shipper_id`, `max_weight`, `fee`, `free_from`) VALUES (6,2,2000,55.00,300.00);
INSERT INTO `contrexx_module_shop_shipment_cost` (`id`, `shipper_id`, `max_weight`, `fee`, `free_from`) VALUES (7,3,10000,25.00,1000.00);
INSERT INTO `contrexx_module_shop_shipper` (`id`, `active`, `ord`) VALUES (1,1,0);
INSERT INTO `contrexx_module_shop_shipper` (`id`, `active`, `ord`) VALUES (2,1,0);
INSERT INTO `contrexx_module_shop_shipper` (`id`, `active`, `ord`) VALUES (3,1,0);
INSERT INTO `contrexx_module_shop_shipper` (`id`, `active`, `ord`) VALUES (4,1,0);
INSERT INTO `contrexx_module_shop_vat` (`id`, `rate`) VALUES (1,0.00);
INSERT INTO `contrexx_module_shop_vat` (`id`, `rate`) VALUES (2,19.00);
INSERT INTO `contrexx_module_shop_vat` (`id`, `rate`) VALUES (3,7.00);
INSERT INTO `contrexx_module_shop_vat` (`id`, `rate`) VALUES (4,5.50);
INSERT INTO `contrexx_module_shop_vat` (`id`, `rate`) VALUES (5,9.00);
INSERT INTO `contrexx_module_shop_vat` (`id`, `rate`) VALUES (6,16.00);
INSERT INTO `contrexx_module_shop_vat` (`id`, `rate`) VALUES (7,20.00);
INSERT INTO `contrexx_module_shop_vat` (`id`, `rate`) VALUES (8,10.00);
INSERT INTO `contrexx_module_shop_vat` (`id`, `rate`) VALUES (9,12.00);
INSERT INTO `contrexx_module_shop_vat` (`id`, `rate`) VALUES (10,8.10);
INSERT INTO `contrexx_module_shop_vat` (`id`, `rate`) VALUES (11,3.80);
INSERT INTO `contrexx_module_shop_vat` (`id`, `rate`) VALUES (12,2.60);
INSERT INTO `contrexx_module_shop_vat` (`id`, `rate`) VALUES (13,17.50);
INSERT INTO `contrexx_module_shop_vat` (`id`, `rate`) VALUES (14,5.00);
INSERT INTO `contrexx_module_shop_zones` (`id`, `active`) VALUES (1,1);
INSERT INTO `contrexx_module_shop_zones` (`id`, `active`) VALUES (2,1);
INSERT INTO `contrexx_module_shop_zones` (`id`, `active`) VALUES (3,1);
INSERT INTO `contrexx_modules` (`id`, `name`, `distributor`, `description_variable`, `status`, `is_required`, `is_core`, `is_active`, `is_licensed`, `additional_data`) VALUES (0,'','Cloudrexx AG','','n',0,1,0,0,NULL);
INSERT INTO `contrexx_modules` (`id`, `name`, `distributor`, `description_variable`, `status`, `is_required`, `is_core`, `is_active`, `is_licensed`, `additional_data`) VALUES (1,'core','Cloudrexx AG','TXT_CORE_MODULE_DESCRIPTION','n',1,1,1,1,NULL);
INSERT INTO `contrexx_modules` (`id`, `name`, `distributor`, `description_variable`, `status`, `is_required`, `is_core`, `is_active`, `is_licensed`, `additional_data`) VALUES (2,'Stats','Cloudrexx AG','TXT_STATS_MODULE_DESCRIPTION','n',0,1,1,1,NULL);
INSERT INTO `contrexx_modules` (`id`, `name`, `distributor`, `description_variable`, `status`, `is_required`, `is_core`, `is_active`, `is_licensed`, `additional_data`) VALUES (3,'Gallery','Cloudrexx AG','TXT_GALLERY_MODULE_DESCRIPTION','y',0,0,1,1,NULL);
INSERT INTO `contrexx_modules` (`id`, `name`, `distributor`, `description_variable`, `status`, `is_required`, `is_core`, `is_active`, `is_licensed`, `additional_data`) VALUES (4,'Newsletter','Cloudrexx AG','TXT_NEWSLETTER_MODULE_DESCRIPTION','y',0,0,1,1,NULL);
INSERT INTO `contrexx_modules` (`id`, `name`, `distributor`, `description_variable`, `status`, `is_required`, `is_core`, `is_active`, `is_licensed`, `additional_data`) VALUES (5,'Search','Cloudrexx AG','TXT_SEARCH_MODULE_DESCRIPTION','y',0,1,1,1,NULL);
INSERT INTO `contrexx_modules` (`id`, `name`, `distributor`, `description_variable`, `status`, `is_required`, `is_core`, `is_active`, `is_licensed`, `additional_data`) VALUES (6,'Contact','Cloudrexx AG','TXT_CONTACT_MODULE_DESCRIPTION','y',1,1,1,1,NULL);
INSERT INTO `contrexx_modules` (`id`, `name`, `distributor`, `description_variable`, `status`, `is_required`, `is_core`, `is_active`, `is_licensed`, `additional_data`) VALUES (7,'Block','Cloudrexx AG','TXT_BLOCK_MODULE_DESCRIPTION','n',0,0,1,1,NULL);
INSERT INTO `contrexx_modules` (`id`, `name`, `distributor`, `description_variable`, `status`, `is_required`, `is_core`, `is_active`, `is_licensed`, `additional_data`) VALUES (8,'News','Cloudrexx AG','TXT_NEWS_MODULE_DESCRIPTION','y',0,1,1,1,NULL);
INSERT INTO `contrexx_modules` (`id`, `name`, `distributor`, `description_variable`, `status`, `is_required`, `is_core`, `is_active`, `is_licensed`, `additional_data`) VALUES (9,'Media1','Cloudrexx AG','TXT_MEDIA_MODULE_DESCRIPTION','y',0,1,1,1,NULL);
INSERT INTO `contrexx_modules` (`id`, `name`, `distributor`, `description_variable`, `status`, `is_required`, `is_core`, `is_active`, `is_licensed`, `additional_data`) VALUES (11,'Sitemap','Cloudrexx AG','TXT_SITEMAP_MODULE_DESCRIPTION','y',0,1,1,1,NULL);
INSERT INTO `contrexx_modules` (`id`, `name`, `distributor`, `description_variable`, `status`, `is_required`, `is_core`, `is_active`, `is_licensed`, `additional_data`) VALUES (13,'Ids','Cloudrexx AG','TXT_IDS_MODULE_DESCRIPTION','y',1,1,1,1,NULL);
INSERT INTO `contrexx_modules` (`id`, `name`, `distributor`, `description_variable`, `status`, `is_required`, `is_core`, `is_active`, `is_licensed`, `additional_data`) VALUES (14,'Error','Cloudrexx AG','TXT_ERROR_MODULE_DESCRIPTION','y',1,1,1,1,NULL);
INSERT INTO `contrexx_modules` (`id`, `name`, `distributor`, `description_variable`, `status`, `is_required`, `is_core`, `is_active`, `is_licensed`, `additional_data`) VALUES (15,'Home','Cloudrexx AG','TXT_HOME_MODULE_DESCRIPTION','y',1,1,1,1,NULL);
INSERT INTO `contrexx_modules` (`id`, `name`, `distributor`, `description_variable`, `status`, `is_required`, `is_core`, `is_active`, `is_licensed`, `additional_data`) VALUES (16,'Shop','Cloudrexx AG','TXT_SHOP_MODULE_DESCRIPTION','y',0,0,1,1,NULL);
INSERT INTO `contrexx_modules` (`id`, `name`, `distributor`, `description_variable`, `status`, `is_required`, `is_core`, `is_active`, `is_licensed`, `additional_data`) VALUES (18,'Login','Cloudrexx AG','TXT_LOGIN_MODULE_DESCRIPTION','y',1,1,1,1,NULL);
INSERT INTO `contrexx_modules` (`id`, `name`, `distributor`, `description_variable`, `status`, `is_required`, `is_core`, `is_active`, `is_licensed`, `additional_data`) VALUES (21,'Calendar','Cloudrexx AG','TXT_CALENDAR_MODULE_DESCRIPTION','y',0,0,1,1,NULL);
INSERT INTO `contrexx_modules` (`id`, `name`, `distributor`, `description_variable`, `status`, `is_required`, `is_core`, `is_active`, `is_licensed`, `additional_data`) VALUES (23,'Access','Cloudrexx AG','TXT_COMMUNITY_MODULE_DESCRIPTION','y',0,1,1,1,NULL);
INSERT INTO `contrexx_modules` (`id`, `name`, `distributor`, `description_variable`, `status`, `is_required`, `is_core`, `is_active`, `is_licensed`, `additional_data`) VALUES (24,'Media2','Cloudrexx AG','TXT_MEDIA_MODULE_DESCRIPTION','y',0,1,1,1,NULL);
INSERT INTO `contrexx_modules` (`id`, `name`, `distributor`, `description_variable`, `status`, `is_required`, `is_core`, `is_active`, `is_licensed`, `additional_data`) VALUES (25,'Media3','Cloudrexx AG','TXT_MEDIA_MODULE_DESCRIPTION','y',0,1,1,1,NULL);
INSERT INTO `contrexx_modules` (`id`, `name`, `distributor`, `description_variable`, `status`, `is_required`, `is_core`, `is_active`, `is_licensed`, `additional_data`) VALUES (39,'Media4','Cloudrexx AG','TXT_MEDIA_MODULE_DESCRIPTION','y',0,1,1,1,NULL);
INSERT INTO `contrexx_modules` (`id`, `name`, `distributor`, `description_variable`, `status`, `is_required`, `is_core`, `is_active`, `is_licensed`, `additional_data`) VALUES (41,'Alias','Cloudrexx AG','TXT_ALIAS_MODULE_DESCRIPTION','n',0,1,1,1,NULL);
INSERT INTO `contrexx_modules` (`id`, `name`, `distributor`, `description_variable`, `status`, `is_required`, `is_core`, `is_active`, `is_licensed`, `additional_data`) VALUES (44,'Imprint','Cloudrexx AG','TXT_IMPRINT_MODULE_DESCRIPTION','y',1,1,1,1,NULL);
INSERT INTO `contrexx_modules` (`id`, `name`, `distributor`, `description_variable`, `status`, `is_required`, `is_core`, `is_active`, `is_licensed`, `additional_data`) VALUES (45,'Agb','Cloudrexx AG','TXT_AGB_MODULE_DESCRIPTION','y',1,1,1,1,NULL);
INSERT INTO `contrexx_modules` (`id`, `name`, `distributor`, `description_variable`, `status`, `is_required`, `is_core`, `is_active`, `is_licensed`, `additional_data`) VALUES (46,'Privacy','Cloudrexx AG','TXT_PRIVACY_MODULE_DESCRIPTION','y',1,1,1,1,NULL);
INSERT INTO `contrexx_modules` (`id`, `name`, `distributor`, `description_variable`, `status`, `is_required`, `is_core`, `is_active`, `is_licensed`, `additional_data`) VALUES (53,'Downloads','Cloudrexx AG','TXT_DOWNLOADS_MODULE_DESCRIPTION','y',0,0,1,1,NULL);
INSERT INTO `contrexx_modules` (`id`, `name`, `distributor`, `description_variable`, `status`, `is_required`, `is_core`, `is_active`, `is_licensed`, `additional_data`) VALUES (60,'MediaDir','Cloudrexx AG','TXT_MEDIADIR_MODULE_DESCRIPTION','y',0,0,1,1,NULL);
INSERT INTO `contrexx_modules` (`id`, `name`, `distributor`, `description_variable`, `status`, `is_required`, `is_core`, `is_active`, `is_licensed`, `additional_data`) VALUES (61,'Captcha','Cloudrexx AG','Catpcha Module','n',1,1,1,1,NULL);
INSERT INTO `contrexx_modules` (`id`, `name`, `distributor`, `description_variable`, `status`, `is_required`, `is_core`, `is_active`, `is_licensed`, `additional_data`) VALUES (63,'JsonData','Cloudrexx AG','Json Adapter','n',1,1,1,1,NULL);
INSERT INTO `contrexx_modules` (`id`, `name`, `distributor`, `description_variable`, `status`, `is_required`, `is_core`, `is_active`, `is_licensed`, `additional_data`) VALUES (64,'language','Cloudrexx AG','TXT_LANGUAGE_SETTINGS','n',1,1,1,1,NULL);
INSERT INTO `contrexx_modules` (`id`, `name`, `distributor`, `description_variable`, `status`, `is_required`, `is_core`, `is_active`, `is_licensed`, `additional_data`) VALUES (65,'fulllanguage','Cloudrexx AG','TXT_LANGUAGE_SETTINGS','n',1,1,1,1,NULL);
INSERT INTO `contrexx_modules` (`id`, `name`, `distributor`, `description_variable`, `status`, `is_required`, `is_core`, `is_active`, `is_licensed`, `additional_data`) VALUES (66,'License','Cloudrexx AG','TXT_LICENSE','n',1,1,1,1,NULL);
INSERT INTO `contrexx_modules` (`id`, `name`, `distributor`, `description_variable`, `status`, `is_required`, `is_core`, `is_active`, `is_licensed`, `additional_data`) VALUES (67,'logout','Cloudrexx AG','TXT_LOGIN_MODULE_DESCRIPTION','n',1,1,1,1,NULL);
INSERT INTO `contrexx_modules` (`id`, `name`, `distributor`, `description_variable`, `status`, `is_required`, `is_core`, `is_active`, `is_licensed`, `additional_data`) VALUES (68,'FileSharing','Cloudrexx AG','TXT_FILESHARING_MODULE_DESCRIPTION','y',0,0,1,1,NULL);
INSERT INTO `contrexx_modules` (`id`, `name`, `distributor`, `description_variable`, `status`, `is_required`, `is_core`, `is_active`, `is_licensed`, `additional_data`) VALUES (69,'Crm','Cloudrexx AG','TXT_CRM_MODULE_DESCRIPTION','n',0,0,1,1,NULL);
INSERT INTO `contrexx_modules` (`id`, `name`, `distributor`, `description_variable`, `status`, `is_required`, `is_core`, `is_active`, `is_licensed`, `additional_data`) VALUES (71,'FrontendEditing','Cloudrexx AG','TXT_MODULE_FRONTEND_EDITING','n',1,1,1,1,NULL);
INSERT INTO `contrexx_modules` (`id`, `name`, `distributor`, `description_variable`, `status`, `is_required`, `is_core`, `is_active`, `is_licensed`, `additional_data`) VALUES (74,'SystemInfo','Cloudrexx AG','TXT_SYSTEMINFO_MODULE_DESCRIPTION','n',0,1,1,1,NULL);
INSERT INTO `contrexx_modules` (`id`, `name`, `distributor`, `description_variable`, `status`, `is_required`, `is_core`, `is_active`, `is_licensed`, `additional_data`) VALUES (77,'LanguageManager','Cloudrexx AG','TXT_LANGUAGEMANAGER_MODULE_DESCRIPTION','n',0,1,1,1,NULL);
INSERT INTO `contrexx_modules` (`id`, `name`, `distributor`, `description_variable`, `status`, `is_required`, `is_core`, `is_active`, `is_licensed`, `additional_data`) VALUES (75,'ViewManager','Cloudrexx AG','TXT_VIEWMANAGER_MODULE_DESCRIPTION','n',0,1,1,1,NULL);
INSERT INTO `contrexx_modules` (`id`, `name`, `distributor`, `description_variable`, `status`, `is_required`, `is_core`, `is_active`, `is_licensed`, `additional_data`) VALUES (76,'ComponentManager','Cloudrexx AG','TXT_COMPONENTMANAGER_MODULE_DESCRIPTION','n',0,1,1,1,NULL);
INSERT INTO `contrexx_modules` (`id`, `name`, `distributor`, `description_variable`, `status`, `is_required`, `is_core`, `is_active`, `is_licensed`, `additional_data`) VALUES (79,'SystemLog','Cloudrexx AG','TXT_SYSTEMLOG_MODULE_DESCRIPTION','n',0,1,1,1,NULL);
INSERT INTO `contrexx_modules` (`id`, `name`, `distributor`, `description_variable`, `status`, `is_required`, `is_core`, `is_active`, `is_licensed`, `additional_data`) VALUES (78,'ContentWorkflow','Cloudrexx AG','TXT_CONTENTWORKFLOW_MODULE_DESCRIPTION','n',0,1,1,1,NULL);
INSERT INTO `contrexx_modules` (`id`, `name`, `distributor`, `description_variable`, `status`, `is_required`, `is_core`, `is_active`, `is_licensed`, `additional_data`) VALUES (80,'Config','Cloudrexx AG','TXT_CONFIG_MODULE_DESCRIPTION','n',0,1,1,1,NULL);
INSERT INTO `contrexx_modules` (`id`, `name`, `distributor`, `description_variable`, `status`, `is_required`, `is_core`, `is_active`, `is_licensed`, `additional_data`) VALUES (83,'Media','Cloudrexx AG','TXT_MEDIA_MODULE_DESCRIPTION','n',0,1,1,1,NULL);
INSERT INTO `contrexx_modules` (`id`, `name`, `distributor`, `description_variable`, `status`, `is_required`, `is_core`, `is_active`, `is_licensed`, `additional_data`) VALUES (84,'Security','Cloudrexx AG','TXT_SECURITY_MODULE_DESCRIPTION','n',0,1,1,1,NULL);
INSERT INTO `contrexx_modules` (`id`, `name`, `distributor`, `description_variable`, `status`, `is_required`, `is_core`, `is_active`, `is_licensed`, `additional_data`) VALUES (72,'ContentManager','Cloudrexx AG','TXT_CONTENTMANAGER_MODULE_DESCRIPTION','n',0,1,1,1,NULL);
INSERT INTO `contrexx_modules` (`id`, `name`, `distributor`, `description_variable`, `status`, `is_required`, `is_core`, `is_active`, `is_licensed`, `additional_data`) VALUES (81,'Cache','Cloudrexx AG','','n',0,1,1,1,NULL);
INSERT INTO `contrexx_modules` (`id`, `name`, `distributor`, `description_variable`, `status`, `is_required`, `is_core`, `is_active`, `is_licensed`, `additional_data`) VALUES (85,'Csrf','Cloudrexx AG','TXT_CSRF_MODULE_DESCRIPTION','n',0,1,1,1,NULL);
INSERT INTO `contrexx_modules` (`id`, `name`, `distributor`, `description_variable`, `status`, `is_required`, `is_core`, `is_active`, `is_licensed`, `additional_data`) VALUES (86,'Session','Cloudrexx AG','TXT_SESSION_MODULE_DESCRIPTION','n',0,1,1,1,NULL);
INSERT INTO `contrexx_modules` (`id`, `name`, `distributor`, `description_variable`, `status`, `is_required`, `is_core`, `is_active`, `is_licensed`, `additional_data`) VALUES (88,'JavaScript','Cloudrexx AG','TXT_JAVASCRIPT_MODULE_DESCRIPTION','n',0,1,1,1,NULL);
INSERT INTO `contrexx_modules` (`id`, `name`, `distributor`, `description_variable`, `status`, `is_required`, `is_core`, `is_active`, `is_licensed`, `additional_data`) VALUES (87,'Message','Cloudrexx AG','TXT_MESSAGE_MODULE_DESCRIPTION','n',0,1,1,1,NULL);
INSERT INTO `contrexx_modules` (`id`, `name`, `distributor`, `description_variable`, `status`, `is_required`, `is_core`, `is_active`, `is_licensed`, `additional_data`) VALUES (90,'Net','Cloudrexx AG','TXT_NET_MODULE_DESCRIPTION','n',1,1,1,1,NULL);
INSERT INTO `contrexx_modules` (`id`, `name`, `distributor`, `description_variable`, `status`, `is_required`, `is_core`, `is_active`, `is_licensed`, `additional_data`) VALUES (96,'CacheManager','Cloudrexx AG','','n',0,1,1,1,NULL);
INSERT INTO `contrexx_modules` (`id`, `name`, `distributor`, `description_variable`, `status`, `is_required`, `is_core`, `is_active`, `is_licensed`, `additional_data`) VALUES (97,'LicenseManager','Cloudrexx AG','TXT_LICENSE','n',1,1,1,1,NULL);
INSERT INTO `contrexx_modules` (`id`, `name`, `distributor`, `description_variable`, `status`, `is_required`, `is_core`, `is_active`, `is_licensed`, `additional_data`) VALUES (99,'Routing','Cloudrexx AG','TXT_ROUTING_MODULE_DESCRIPTION','n',0,1,1,1,NULL);
INSERT INTO `contrexx_modules` (`id`, `name`, `distributor`, `description_variable`, `status`, `is_required`, `is_core`, `is_active`, `is_licensed`, `additional_data`) VALUES (107,'User','Cloudrexx AG','TXT_CORE_USER_DESCRIPTION','n',1,1,1,1,NULL);
INSERT INTO `contrexx_modules` (`id`, `name`, `distributor`, `description_variable`, `status`, `is_required`, `is_core`, `is_active`, `is_licensed`, `additional_data`) VALUES (103,'Cron','Cloudrexx AG','TXT_CORE_MODULE_CRON_DESCRIPTION','n',1,1,1,1,NULL);
INSERT INTO `contrexx_modules` (`id`, `name`, `distributor`, `description_variable`, `status`, `is_required`, `is_core`, `is_active`, `is_licensed`, `additional_data`) VALUES (104,'SysLog','Cloudrexx AG','TXT_CORE_MODULE_SYSLOG_DESCRIPTION','n',0,1,1,1,NULL);
INSERT INTO `contrexx_modules` (`id`, `name`, `distributor`, `description_variable`, `status`, `is_required`, `is_core`, `is_active`, `is_licensed`, `additional_data`) VALUES (105,'NetManager','Cloudrexx AG','TXT_NETMANAGER_MODULE_DESCRIPTION','n',1,1,1,1,NULL);
INSERT INTO `contrexx_modules` (`id`, `name`, `distributor`, `description_variable`, `status`, `is_required`, `is_core`, `is_active`, `is_licensed`, `additional_data`) VALUES (101,'Uploader','Cloudrexx AG','TXT_CORE_MODULE_UPLOADER_DESCRIPTION','n',1,1,1,1,NULL);
INSERT INTO `contrexx_modules` (`id`, `name`, `distributor`, `description_variable`, `status`, `is_required`, `is_core`, `is_active`, `is_licensed`, `additional_data`) VALUES (102,'MediaBrowser','Cloudrexx AG','TXT_CORE_MODULE_MEDIABROWSER_DESCRIPTION','n',1,1,1,1,NULL);
INSERT INTO `contrexx_modules` (`id`, `name`, `distributor`, `description_variable`, `status`, `is_required`, `is_core`, `is_active`, `is_licensed`, `additional_data`) VALUES (106,'Wysiwyg','Cloudrexx AG','TXT_CORE_WYSIWYG_DESCRIPTION','n',1,1,1,1,NULL);
INSERT INTO `contrexx_modules` (`id`, `name`, `distributor`, `description_variable`, `status`, `is_required`, `is_core`, `is_active`, `is_licensed`, `additional_data`) VALUES (110,'TemplateEditor','Cloudrexx AG','TXT_CORE_MODULE_TEMPLATEEDITOR_DESCRIPTION','n',0,1,1,1,NULL);
INSERT INTO `contrexx_modules` (`id`, `name`, `distributor`, `description_variable`, `status`, `is_required`, `is_core`, `is_active`, `is_licensed`, `additional_data`) VALUES (108,'Html','Cloudrexx AG','TXT_CORE_HTML_DESCRIPTION','n',1,1,1,1,NULL);
INSERT INTO `contrexx_modules` (`id`, `name`, `distributor`, `description_variable`, `status`, `is_required`, `is_core`, `is_active`, `is_licensed`, `additional_data`) VALUES (111,'GeoIp','Cloudrexx AG','TXT_CORE_MODULE_GEOIP_DESCRIPTION','n',0,1,1,1,NULL);
INSERT INTO `contrexx_modules` (`id`, `name`, `distributor`, `description_variable`, `status`, `is_required`, `is_core`, `is_active`, `is_licensed`, `additional_data`) VALUES (109,'MediaSource','Cloudrexx AG','TXT_CORE_MEDIASOURCE_DESCRIPTION','n',1,1,1,1,NULL);
INSERT INTO `contrexx_modules` (`id`, `name`, `distributor`, `description_variable`, `status`, `is_required`, `is_core`, `is_active`, `is_licensed`, `additional_data`) VALUES (112,'DateTime','Cloudrexx AG','TXT_CORE_DATETIME_DESCRIPTION','n',1,1,1,1,NULL);
INSERT INTO `contrexx_modules` (`id`, `name`, `distributor`, `description_variable`, `status`, `is_required`, `is_core`, `is_active`, `is_licensed`, `additional_data`) VALUES (113,'DataAccess','Cloudrexx AG','TXT_CORE_MODULE_DATAACCESS_DESCRIPTION','n',0,1,1,1,NULL);
INSERT INTO `contrexx_modules` (`id`, `name`, `distributor`, `description_variable`, `status`, `is_required`, `is_core`, `is_active`, `is_licensed`, `additional_data`) VALUES (114,'DataSource','Cloudrexx AG','TXT_CORE_DATASOURCE_DESCRIPTION','n',1,1,1,1,NULL);
INSERT INTO `contrexx_modules` (`id`, `name`, `distributor`, `description_variable`, `status`, `is_required`, `is_core`, `is_active`, `is_licensed`, `additional_data`) VALUES (115,'Sync','Cloudrexx AG','TXT_CORE_MODULE_SYNC_DESCRIPTION','n',1,1,0,1,NULL);
INSERT INTO `contrexx_modules` (`id`, `name`, `distributor`, `description_variable`, `status`, `is_required`, `is_core`, `is_active`, `is_licensed`, `additional_data`) VALUES (116,'Model','Cloudrexx AG','TXT_CORE_MODEL_DESCRIPTION','n',1,1,1,1,NULL);
INSERT INTO `contrexx_modules` (`id`, `name`, `distributor`, `description_variable`, `status`, `is_required`, `is_core`, `is_active`, `is_licensed`, `additional_data`) VALUES (117,'Pdf','Cloudrexx AG','TXT_CORE_MODULES_PDF_DESCRIPTION','n',1,1,1,1,NULL);
INSERT INTO `contrexx_modules` (`id`, `name`, `distributor`, `description_variable`, `status`, `is_required`, `is_core`, `is_active`, `is_licensed`, `additional_data`) VALUES (118,'Setting','Cloudrexx AG','TXT_CORE_SETTING_DESCRIPTION','n',1,1,1,1,NULL);
INSERT INTO `contrexx_modules` (`id`, `name`, `distributor`, `description_variable`, `status`, `is_required`, `is_core`, `is_active`, `is_licensed`, `additional_data`) VALUES (119,'Country','Cloudrexx AG','TXT_CORE_COUNTRY_DESCRIPTION','n',1,1,1,1,NULL);
INSERT INTO `contrexx_modules` (`id`, `name`, `distributor`, `description_variable`, `status`, `is_required`, `is_core`, `is_active`, `is_licensed`, `additional_data`) VALUES (120,'View','Cloudrexx AG','TXT_CORE_VIEW_DESCRIPTION','n',1,1,1,1,NULL);
INSERT INTO `contrexx_modules` (`id`, `name`, `distributor`, `description_variable`, `status`, `is_required`, `is_core`, `is_active`, `is_licensed`, `additional_data`) VALUES (121,'Locale','Cloudrexx AG','TXT_CORE_LOCALE_DESCRIPTION','n',1,1,1,1,NULL);
INSERT INTO `contrexx_modules` (`id`, `name`, `distributor`, `description_variable`, `status`, `is_required`, `is_core`, `is_active`, `is_licensed`, `additional_data`) VALUES (122,'Widget','Cloudrexx AG','TXT_CORE_MODULES_WIDGET_DESCRIPTION','n',1,1,1,1,NULL);
INSERT INTO `contrexx_modules` (`id`, `name`, `distributor`, `description_variable`, `status`, `is_required`, `is_core`, `is_active`, `is_licensed`, `additional_data`) VALUES (123,'Legacy','Cloudrexx AG','TXT_CORE_MODULES_LEGACY_DESCRIPTION','n',1,1,1,1,NULL);
INSERT INTO `contrexx_modules` (`id`, `name`, `distributor`, `description_variable`, `status`, `is_required`, `is_core`, `is_active`, `is_licensed`, `additional_data`) VALUES (124,'MailTemplate','Cloudrexx AG','TXT_CORE_MAILTEMPLATE_DESCRIPTION','n',1,1,1,1,NULL);
INSERT INTO `contrexx_modules` (`id`, `name`, `distributor`, `description_variable`, `status`, `is_required`, `is_core`, `is_active`, `is_licensed`, `additional_data`) VALUES (125,'Usercache','Cloudrexx AG','TXT_CORE_USERCACHE_DESCRIPTION','n',1,1,1,1,NULL);
INSERT INTO `contrexx_settings_image` (`id`, `name`, `value`) VALUES (1,'image_cut_width','500');
INSERT INTO `contrexx_settings_image` (`id`, `name`, `value`) VALUES (2,'image_cut_height','500');
INSERT INTO `contrexx_settings_image` (`id`, `name`, `value`) VALUES (3,'image_scale_width','800');
INSERT INTO `contrexx_settings_image` (`id`, `name`, `value`) VALUES (4,'image_scale_height','800');
INSERT INTO `contrexx_settings_image` (`id`, `name`, `value`) VALUES (5,'image_compression','100');
INSERT INTO `contrexx_settings_thumbnail` (`id`, `name`, `size`) VALUES (1,'thumbnail','150');
INSERT INTO `contrexx_settings_thumbnail` (`id`, `name`, `size`) VALUES (2,'medium','300');
INSERT INTO `contrexx_settings_thumbnail` (`id`, `name`, `size`) VALUES (3,'large','640');
INSERT INTO `contrexx_skins` (`id`, `themesname`, `foldername`, `expert`) VALUES (4,'Print','print_3_0',1);
INSERT INTO `contrexx_skins` (`id`, `themesname`, `foldername`, `expert`) VALUES (5,'Pdf','pdf_3_0',1);
INSERT INTO `contrexx_skins` (`id`, `themesname`, `foldername`, `expert`) VALUES (6,'App','app_3_0',1);
INSERT INTO `contrexx_skins` (`id`, `themesname`, `foldername`, `expert`) VALUES (21,'Rexx','rexx',1);
INSERT INTO `contrexx_stats_config` (`id`, `name`, `value`, `status`) VALUES (1,'reload_block_time','1800',1);
INSERT INTO `contrexx_stats_config` (`id`, `name`, `value`, `status`) VALUES (2,'online_timeout','3000',1);
INSERT INTO `contrexx_stats_config` (`id`, `name`, `value`, `status`) VALUES (3,'paging_limit','100',1);
INSERT INTO `contrexx_stats_config` (`id`, `name`, `value`, `status`) VALUES (4,'count_browser','',1);
INSERT INTO `contrexx_stats_config` (`id`, `name`, `value`, `status`) VALUES (5,'count_operating_system','',1);
INSERT INTO `contrexx_stats_config` (`id`, `name`, `value`, `status`) VALUES (6,'make_statistics','',1);
INSERT INTO `contrexx_stats_config` (`id`, `name`, `value`, `status`) VALUES (7,'count_spiders','',0);
INSERT INTO `contrexx_stats_config` (`id`, `name`, `value`, `status`) VALUES (9,'count_requests','',0);
INSERT INTO `contrexx_stats_config` (`id`, `name`, `value`, `status`) VALUES (10,'remove_requests','86400',0);
INSERT INTO `contrexx_stats_config` (`id`, `name`, `value`, `status`) VALUES (11,'count_search_terms','',1);
INSERT INTO `contrexx_stats_config` (`id`, `name`, `value`, `status`) VALUES (12,'count_screen_resolution','',1);
INSERT INTO `contrexx_stats_config` (`id`, `name`, `value`, `status`) VALUES (13,'count_colour_depth','',1);
INSERT INTO `contrexx_stats_config` (`id`, `name`, `value`, `status`) VALUES (14,'count_javascript','',1);
INSERT INTO `contrexx_stats_config` (`id`, `name`, `value`, `status`) VALUES (15,'count_referer','',0);
INSERT INTO `contrexx_stats_config` (`id`, `name`, `value`, `status`) VALUES (16,'count_hostname','',1);
INSERT INTO `contrexx_stats_config` (`id`, `name`, `value`, `status`) VALUES (17,'count_country','',1);
INSERT INTO `contrexx_stats_config` (`id`, `name`, `value`, `status`) VALUES (18,'paging_limit_visitor_details','100',1);
INSERT INTO `contrexx_stats_config` (`id`, `name`, `value`, `status`) VALUES (19,'count_visitor_number','',1);
INSERT INTO `contrexx_stats_config` (`id`, `name`, `value`, `status`) VALUES (20,'exclude_identifying_info','0',1);
INSERT INTO `contrexx_core_module_cron_job` (`id`, `active`, `expression`, `command`, `last_ran`) VALUES (1,1,'@hourly','Newsletter autoclean','2018-06-11 09:00:00');
INSERT INTO `contrexx_core_module_cron_job` (`id`, `active`, `expression`, `command`, `last_ran`) VALUES (2,1,'0 2 1 * *','Access removeUselessProfileImages','2018-06-11 09:00:00');
INSERT INTO `contrexx_core_module_cron_job` (`id`, `active`, `expression`, `command`, `last_ran`) VALUES (3,1,'0 3 * * 0','Model optimize','2018-06-11 09:00:00');
INSERT INTO `contrexx_core_module_cron_job` (`id`, `active`, `expression`, `command`, `last_ran`) VALUES (4,1,'@hourly','cleanTempFiles','2018-06-11 09:00:00');
SET FOREIGN_KEY_CHECKS = 1;
